[neo4j-cluster] starting stack ...
[neo4j-cluster] up in 70.0s: ['neo4j1', 'neo4j2', 'neo4j3']
[neo4j-cluster] phase: load
Transaction failed and will be retried in 0.9791528332975883s (Failed to obtain connection towards 'WRITE' server.)
Transaction failed and will be retried in 1.7332442805437092s (Failed to obtain connection towards 'WRITE' server.)
  schema created (14 items, 9.19s)
  customers       20,000 docs     5.06s      3,949 docs/s  [bulk_put]
  categories         200 docs     0.36s        550 docs/s  [bulk_put]
  products         5,000 docs     3.55s      1,410 docs/s  [bulk_put]
  orders         200,000 docs    64.14s      3,118 docs/s  [bulk_put]
  events       1,000,000 docs   127.60s      7,837 docs/s  [bulk_put]
  inventory       20,000 docs     1.99s     10,028 docs/s  [bulk_put]
[neo4j-cluster] phase: capabilities
  OK  secondary_index          CREATE INDEX on a node property 
(range/point/text/lookup)
  OK  compound_index           CREATE INDEX ... FOR (n:L) ON (n.a, n.b) 
composite index
  OK  unique_constraint        UNIQUE constraint rejects duplicate: {neo4j_code:
Neo.ClientError.Schema.ConstraintValidationFail
  --  ttl_expiry               no native per-node TTL; APOC apoc.ttl or a 
scheduled job on an expiry property
  OK  text_index               CREATE FULLTEXT INDEX + 
db.index.fulltext.queryNodes (Lucene)
  OK  geo_index                point type + point.distance; POINT range index 
for bounding-box
  OK  vector_index             CREATE VECTOR INDEX (HNSW) + 
db.index.vector.queryNodes
  OK  partial_update           SET / REMOVE a single property
  OK  atomic_increment         SET n.x = n.x + 1 inside an auto-committed 
transaction -> [(363,)]
  OK  optimistic_concurrency   read version, SET guarded by WHERE in one tx -> 
[(1, 2)]
  OK  multi_doc_transaction    full ACID transactions (multi-statement, 
commit/rollback)
  --  tunable_consistency      single-primary within a cluster; routing 
(WRITE->leader, READ->followers) but no per-write quorum kn
  OK  nested_query             map properties / flattened; APOC for deep maps
  OK  array_operators          list properties + IN / list comprehensions / 
UNWIND -> 1
  OK  aggregation              count/sum/avg/collect + WITH grouping
  OK  server_side_join         traversals ARE the join: MATCH patterns over 
relationships (index-free adjacency)
  OK  graph_traversal          variable-length relationships MATCH 
(a)-[:R*1..5]->(b); shortestPath; APOC
  OK  schema_validation        existence + type + key constraints
  --  change_streams           CDC is Enterprise-only (db.cdc.*); Community has 
no change feed
  OK  server_side_scripting    APOC procedures/functions + custom user-defined 
procedures (Java) -> APOC 5.26.30
  --  pubsub                   no pub/sub
  OK  explain_plan             EXPLAIN / PROFILE returns the operator tree 
(NodeIndexSeek, Expand, ...)
  OK  bulk_import              UNWIND $rows batches (used here); LOAD CSV; 
neo4j-admin database import (offline, fastest)
  OK  large_document           15 MB string property ok (default max is bounded 
by page/heap, not a fixed doc size)
  OK  many_fields              5001 properties on one node
  --  read_from_replica        single instance in this lab (Enterprise causal 
cluster routes reads to secondaries via bolt+routing)
  --  snapshot_backup          Community: neo4j-admin database dump needs the 
database stopped (STOP DATABASE is rejected, so the s
  --  incremental_backup       differential backups are Enterprise (neo4j-admin 
database backup --type=differential)
  --  pitr                     Enterprise: full + differential backups restore 
to a transaction id; Community has full dumps only
  OK  slow_query_log           query.log (db.logs.query.threshold) stays empty 
in Community; the in-memory query collector db.stats
  --  audit_log                security.log auth events and query.log are 
Enterprise; Community has the query collector only
  OK  structured_logs          log4j2 (conf/server-logs.xml, user-logs.xml): 
switch the PatternLayout to JsonTemplateLayout; text b
  OK  runtime_log_level        conf/server-logs.xml is re-read every 30 s 
(log4j2 monitorInterval) — edit the Root level, no restar
[neo4j-cluster] phase: bench
  OK  ping                     p50=    2.654 ms  p95=    3.289 ms  rows=-
  OK  get_by_key               p50=    3.625 ms  p95=    4.484 ms  rows=1
  OK  multi_get                p50=   11.610 ms  p95=   15.457 ms  rows=100
  OK  insert_one               p50=    8.276 ms  p95=   10.359 ms  rows=-
  OK  update_field             p50=    7.218 ms  p95=   10.914 ms  rows=-
  OK  upsert                   p50=    6.782 ms  p95=   18.434 ms  rows=-
  OK  delete_one               p50=    8.687 ms  p95=   12.683 ms  rows=-
  OK  atomic_increment         p50=    7.548 ms  p95=   11.111 ms  rows=1
  OK  conditional_update       p50=    7.218 ms  p95=   26.164 ms  rows=1
  OK  batch_insert_1000        p50=  195.400 ms  p95=  256.627 ms  rows=-
  OK  range_by_secondary       p50=    3.492 ms  p95=    5.889 ms  rows=7
  OK  range_by_time            p50=   59.268 ms  p95=  100.524 ms  rows=100
  OK  filter_nested            p50=   22.594 ms  p95=   30.077 ms  rows=1
  OK  array_contains           p50=   14.762 ms  p95=   24.421 ms  rows=1
  OK  top_n_sorted             p50=    3.751 ms  p95=    5.319 ms  rows=10
  OK  pagination_offset        p50=  245.204 ms  p95=  282.810 ms  rows=50
  OK  pagination_keyset        p50=  256.688 ms  p95=  312.542 ms  rows=50
  OK  count_filtered           p50=   91.028 ms  p95=  159.114 ms  rows=1
  OK  aggregate_group          p50=  120.196 ms  p95=  147.443 ms  rows=13
  OK  aggregate_time_bucket    p50=   93.110 ms  p95=  113.219 ms  rows=24
  OK  join_lookup              p50=    3.472 ms  p95=    5.246 ms  rows=7
  OK  graph_traversal          p50=    2.554 ms  p95=    5.088 ms  rows=2
  OK  text_search              p50=   19.116 ms  p95=   30.029 ms  rows=20
  OK  geo_near                 p50=   25.459 ms  p95=   37.505 ms  rows=20
  OK  vector_knn               p50=    4.898 ms  p95=    8.019 ms  rows=10
  OK  transaction_transfer     p50=    7.255 ms  p95=    9.557 ms  rows=-
  OK  ttl_set                  p50=    7.089 ms  p95=   11.880 ms  rows=-
  OK  scan_full                p50=    2.812 ms  p95=    3.582 ms  rows=1
[neo4j-cluster] phase: optimize
  opt01_secondary_index
    no_index                             p50=   55.350 ms rows=100
    composite_(event_type,occurred_at)   p50=    8.995 ms rows=100
  opt02_projection
    full_document                        p50=    2.682 ms rows=1
    projection_3_fields                  p50=    2.054 ms rows=1
  opt03_pagination
    offset_depth_10000                   p50=  234.038 ms rows=50
    keyset_depth_10000                   p50=  218.286 ms rows=50
    offset_depth_100000                  p50=  875.959 ms rows=50
    keyset_depth_100000                  p50=  116.713 ms rows=50
  opt04_batching
    single_put_x2000                           141 docs/s 
    bulk_put_1000_x2                         4,827 docs/s 
  opt05_multi_get
    sequential_100_gets                  p50=  214.838 ms rows=100
    multi_get_100                        p50=    9.157 ms rows=100
  opt06_embedding_vs_reference
    embedded_items                       p50=    2.078 ms rows=1
    referenced_items                     p50=    2.005 ms rows=1
  opt07_write_durability
    n/a (no tunable write durability)
  opt08_read_consistency
    n/a (no tunable read consistency)
  opt09_connection_reuse
    connect_per_operation                p50=   13.223 ms rows=1
    persistent_client                    p50=    1.968 ms rows=1
[neo4j-cluster] phase: connections
  max_connections=800
  connect latency via primary    p50=17.29 ms p95=23.99 ms errors=0
  storm via primary    n=  10 opened=  10 failed=  0 wall=   100.7 ms connect 
p95=51.6 ms codes={}
  storm via primary    n=  50 opened=  50 failed=  0 wall=   272.5 ms connect 
p95=227.2 ms codes={}
  storm via primary    n= 100 opened= 100 failed=  0 wall=   721.6 ms connect 
p95=700.0 ms codes={}
  storm via primary    n= 200 opened= 200 failed=  0 wall=  1125.7 ms connect 
p95=1096.4 ms codes={}
  storm via primary    n= 500 opened= 500 failed=  0 wall=  2729.7 ms connect 
p95=2609.4 ms codes={}
  storm via primary    n= 810 opened= 810 failed=  0 wall=  4496.2 ms connect 
p95=4270.3 ms codes={}
  workers=  1 via primary    ops/s=    515 p50=1.870 ms p99=3.175 ms errors=0 
  workers=  4 via primary    ops/s=   2579 p50=1.481 ms p99=2.436 ms errors=0 
  workers= 16 via primary    ops/s=   7095 p50=2.057 ms p99=4.701 ms errors=0 
  workers= 32 via primary    ops/s=   7484 p50=3.872 ms p99=11.082 ms errors=0 
  workers= 64 via primary    ops/s=   8613 p50=6.356 ms p99=24.087 ms errors=0 
  pool 8 clients / 32 threads: ops/s=1008 checkout wait p50=0.003 ms p99=0.016 
ms
  write contention: {'threads': 4, 'iters_per_thread': 50, 'applied': 200, 
'rejected': 0, 'errors': 0, 'version_before': 3, 'version_after': 203, 
'version_delta': 200, 'atomic': True, 'seconds': 0.74, 'first_error': None, 
'interpretation': 
[neo4j-cluster] phase: loadtest
Transaction failed and will be retried in 1.0782467924069254s ({neo4j_code: Neo.TransientError.Transaction.DeadlockDetected} {message: ForsetiClient[transactionId=120509, clientId=6389] can't acquire ExclusiveLock{owner=ForsetiClient[transactionId=120508, clientId=6362]} on NODE_RELATIONSHIP_GROUP_DELETE(19214) because holders of that lock are waiting for ForsetiClient[transactionId=120509, clientId=6389].
 Wait list:ExclusiveLock[
Client[120508] waits for [ForsetiClient[transactionId=120509, clientId=6389]]]} {gql_status: 50N05} {gql_status_description: error: general processing exception - deadlock detected. Deadlock detected while trying to acquire locks. See log for more details.})
Transaction failed and will be retried in 0.9682386378528864s ({neo4j_code: Neo.TransientError.Transaction.DeadlockDetected} {message: ForsetiClient[transactionId=120507, clientId=6378] can't acquire ExclusiveLock{owner=ForsetiClient[transactionId=120508, clientId=6362]} on NODE_RELATIONSHIP_GROUP_DELETE(5184) because holders of that lock are waiting for ForsetiClient[transactionId=120507, clientId=6378].
 Wait list:ExclusiveLock[
Client[120508] waits for [ForsetiClient[transactionId=120507, clientId=6378]]]} {gql_status: 50N05} {gql_status_description: error: general processing exception - deadlock detected. Deadlock detected while trying to acquire locks. See log for more details.})
Transaction failed and will be retried in 1.0689377338882826s ({neo4j_code: Neo.TransientError.Transaction.DeadlockDetected} {message: ForsetiClient[transactionId=120526, clientId=6347] can't acquire ExclusiveLock{owner=ForsetiClient[transactionId=120524, clientId=6378]} on NODE_RELATIONSHIP_GROUP_DELETE(11784) because holders of that lock are waiting for ForsetiClient[transactionId=120526, clientId=6347].
 Wait list:ExclusiveLock[
Client[120524] waits for [ForsetiClient[transactionId=120526, clientId=6347]]]} {gql_status: 50N05} {gql_status_description: error: general processing exception - deadlock detected. Deadlock detected while trying to acquire locks. See log for more details.})
Transaction failed and will be retried in 1.0516781838898706s ({neo4j_code: Neo.TransientError.Transaction.DeadlockDetected} {message: ForsetiClient[transactionId=120528, clientId=6374] can't acquire ExclusiveLock{owner=ForsetiClient[transactionId=120527, clientId=6383]} on NODE_RELATIONSHIP_GROUP_DELETE(18348) because holders of that lock are waiting for ForsetiClient[transactionId=120528, clientId=6374].
 Wait list:ExclusiveLock[
Client[120527] waits for [ForsetiClient[transactionId=120528, clientId=6374]]]} {gql_status: 50N05} {gql_status_description: error: general processing exception - deadlock detected. Deadlock detected while trying to acquire locks. See log for more details.})
Transaction failed and will be retried in 2.2766625755250116s ({neo4j_code: Neo.TransientError.Transaction.DeadlockDetected} {message: ForsetiClient[transactionId=120542, clientId=6362] can't acquire ExclusiveLock{owner=ForsetiClient[transactionId=120541, clientId=6378]} on NODE_RELATIONSHIP_GROUP_DELETE(16813) because holders of that lock are waiting for ForsetiClient[transactionId=120542, clientId=6362].
 Wait list:ExclusiveLock[
Client[120541] waits for [ForsetiClient[transactionId=120542, clientId=6362]]]} {gql_status: 50N05} {gql_status_description: error: general processing exception - deadlock detected. Deadlock detected while trying to acquire locks. See log for more details.})
Transaction failed and will be retried in 2.3342827740697474s ({neo4j_code: Neo.TransientError.Transaction.DeadlockDetected} {message: ForsetiClient[transactionId=120544, clientId=6383] can't acquire ExclusiveLock{owner=ForsetiClient[transactionId=120545, clientId=6384]} on NODE_RELATIONSHIP_GROUP_DELETE(2970) because holders of that lock are waiting for ForsetiClient[transactionId=120544, clientId=6383].
 Wait list:ExclusiveLock[
Client[120545] waits for [ForsetiClient[transactionId=120544, clientId=6383]]]} {gql_status: 50N05} {gql_status_description: error: general processing exception - deadlock detected. Deadlock detected while trying to acquire locks. See log for more details.})
Transaction failed and will be retried in 0.9489046506243755s ({neo4j_code: Neo.TransientError.Transaction.DeadlockDetected} {message: ForsetiClient[transactionId=120573, clientId=6362] can't acquire ExclusiveLock{owner=ForsetiClient[transactionId=120574, clientId=6378]} on NODE_RELATIONSHIP_GROUP_DELETE(16411) because holders of that lock are waiting for ForsetiClient[transactionId=120573, clientId=6362].
 Wait list:ExclusiveLock[
Client[120574] waits for [ForsetiClient[transactionId=120573, clientId=6362]]]} {gql_status: 50N05} {gql_status_description: error: general processing exception - deadlock detected. Deadlock detected while trying to acquire locks. See log for more details.})
Transaction failed and will be retried in 1.0760019253446107s ({neo4j_code: Neo.TransientError.Transaction.DeadlockDetected} {message: ForsetiClient[transactionId=120577, clientId=6384] can't acquire ExclusiveLock{owner=ForsetiClient[transactionId=120578, clientId=6390]} on NODE_RELATIONSHIP_GROUP_DELETE(12244) because holders of that lock are waiting for ForsetiClient[transactionId=120577, clientId=6384].
 Wait list:ExclusiveLock[
Client[120578] waits for [ForsetiClient[transactionId=120577, clientId=6384]]]} {gql_status: 50N05} {gql_status_description: error: general processing exception - deadlock detected. Deadlock detected while trying to acquire locks. See log for more details.})
Transaction failed and will be retried in 0.8356913158089155s ({neo4j_code: Neo.TransientError.Transaction.DeadlockDetected} {message: ForsetiClient[transactionId=120594, clientId=6390] can't acquire ExclusiveLock{owner=ForsetiClient[transactionId=120593, clientId=6384]} on NODE_RELATIONSHIP_GROUP_DELETE(18196) because holders of that lock are waiting for ForsetiClient[transactionId=120594, clientId=6390].
 Wait list:ExclusiveLock[
Client[120593] waits for [ForsetiClient[transactionId=120594, clientId=6390]]]} {gql_status: 50N05} {gql_status_description: error: general processing exception - deadlock detected. Deadlock detected while trying to acquire locks. See log for more details.})
Transaction failed and will be retried in 1.1686224873152384s ({neo4j_code: Neo.TransientError.Transaction.DeadlockDetected} {message: ForsetiClient[transactionId=120596, clientId=6347] can't acquire ExclusiveLock{owner=ForsetiClient[transactionId=120595, clientId=6389]} on NODE_RELATIONSHIP_GROUP_DELETE(5845) because holders of that lock are waiting for ForsetiClient[transactionId=120596, clientId=6347].
 Wait list:ExclusiveLock[
Client[120595] waits for [ForsetiClient[transactionId=120596, clientId=6347]]]} {gql_status: 50N05} {gql_status_description: error: general processing exception - deadlock detected. Deadlock detected while trying to acquire locks. See log for more details.})
Transaction failed and will be retried in 1.8885845033792468s ({neo4j_code: Neo.TransientError.Transaction.DeadlockDetected} {message: ForsetiClient[transactionId=120608, clientId=6383] can't acquire ExclusiveLock{owner=ForsetiClient[transactionId=120609, clientId=6390]} on NODE_RELATIONSHIP_GROUP_DELETE(15915) because holders of that lock are waiting for ForsetiClient[transactionId=120608, clientId=6383].
 Wait list:ExclusiveLock[
Client[120609] waits for [ForsetiClient[transactionId=120608, clientId=6383]]]} {gql_status: 50N05} {gql_status_description: error: general processing exception - deadlock detected. Deadlock detected while trying to acquire locks. See log for more details.})
Transaction failed and will be retried in 0.9836138402312472s ({neo4j_code: Neo.TransientError.Transaction.DeadlockDetected} {message: ForsetiClient[transactionId=120616, clientId=6383] can't acquire ExclusiveLock{owner=ForsetiClient[transactionId=120614, clientId=6378]} on NODE_RELATIONSHIP_GROUP_DELETE(16902) because holders of that lock are waiting for ForsetiClient[transactionId=120616, clientId=6383].
 Wait list:ExclusiveLock[
Client[120614] waits for [ForsetiClient[transactionId=120616, clientId=6383]]]} {gql_status: 50N05} {gql_status_description: error: general processing exception - deadlock detected. Deadlock detected while trying to acquire locks. See log for more details.})
Transaction failed and will be retried in 0.9036226294791705s ({neo4j_code: Neo.TransientError.Transaction.DeadlockDetected} {message: ForsetiClient[transactionId=120631, clientId=6383] can't acquire ExclusiveLock{owner=ForsetiClient[transactionId=120630, clientId=6374]} on NODE_RELATIONSHIP_GROUP_DELETE(15612) because holders of that lock are waiting for ForsetiClient[transactionId=120631, clientId=6383].
 Wait list:ExclusiveLock[
Client[120630] waits for [ForsetiClient[transactionId=120631, clientId=6383]]]} {gql_status: 50N05} {gql_status_description: error: general processing exception - deadlock detected. Deadlock detected while trying to acquire locks. See log for more details.})
Transaction failed and will be retried in 0.9294517389849252s ({neo4j_code: Neo.TransientError.Transaction.DeadlockDetected} {message: ForsetiClient[transactionId=120638, clientId=6383] can't acquire ExclusiveLock{owner=ForsetiClient[transactionId=120637, clientId=6362]} on NODE_RELATIONSHIP_GROUP_DELETE(1624) because holders of that lock are waiting for ForsetiClient[transactionId=120638, clientId=6383].
 Wait list:ExclusiveLock[
Client[120637] waits for [ForsetiClient[transactionId=120638, clientId=6383]]]} {gql_status: 50N05} {gql_status_description: error: general processing exception - deadlock detected. Deadlock detected while trying to acquire locks. See log for more details.})
Transaction failed and will be retried in 0.8514864291267731s ({neo4j_code: Neo.TransientError.Transaction.DeadlockDetected} {message: ForsetiClient[transactionId=120647, clientId=6374] can't acquire ExclusiveLock{owner=ForsetiClient[transactionId=120645, clientId=6383]} on NODE_RELATIONSHIP_GROUP_DELETE(18676) because holders of that lock are waiting for ForsetiClient[transactionId=120647, clientId=6374].
 Wait list:ExclusiveLock[
Client[120645] waits for [ForsetiClient[transactionId=120647, clientId=6374]]]} {gql_status: 50N05} {gql_status_description: error: general processing exception - deadlock detected. Deadlock detected while trying to acquire locks. See log for more details.})
Transaction failed and will be retried in 1.7240775619277946s ({neo4j_code: Neo.TransientError.Transaction.DeadlockDetected} {message: ForsetiClient[transactionId=120653, clientId=6362] can't acquire ExclusiveLock{owner=ForsetiClient[transactionId=120652, clientId=6389]} on NODE_RELATIONSHIP_GROUP_DELETE(19071) because holders of that lock are waiting for ForsetiClient[transactionId=120653, clientId=6362].
 Wait list:ExclusiveLock[
Client[120652] waits for [ForsetiClient[transactionId=120653, clientId=6362]]]} {gql_status: 50N05} {gql_status_description: error: general processing exception - deadlock detected. Deadlock detected while trying to acquire locks. See log for more details.})
Transaction failed and will be retried in 0.9728625518251367s ({neo4j_code: Neo.TransientError.Transaction.DeadlockDetected} {message: ForsetiClient[transactionId=120661, clientId=6389] can't acquire ExclusiveLock{owner=ForsetiClient[transactionId=120660, clientId=6362]} on NODE_RELATIONSHIP_GROUP_DELETE(5132) because holders of that lock are waiting for ForsetiClient[transactionId=120661, clientId=6389].
 Wait list:ExclusiveLock[
Client[120660] waits for [ForsetiClient[transactionId=120661, clientId=6389]]]} {gql_status: 50N05} {gql_status_description: error: general processing exception - deadlock detected. Deadlock detected while trying to acquire locks. See log for more details.})
Transaction failed and will be retried in 1.096016783047382s ({neo4j_code: Neo.TransientError.Transaction.DeadlockDetected} {message: ForsetiClient[transactionId=120664, clientId=6378] can't acquire ExclusiveLock{owner=ForsetiClient[transactionId=120663, clientId=6383]} on NODE_RELATIONSHIP_GROUP_DELETE(9174) because holders of that lock are waiting for ForsetiClient[transactionId=120664, clientId=6378].
 Wait list:ExclusiveLock[
Client[120663] waits for [ForsetiClient[transactionId=120664, clientId=6378]]]} {gql_status: 50N05} {gql_status_description: error: general processing exception - deadlock detected. Deadlock detected while trying to acquire locks. See log for more details.})
Transaction failed and will be retried in 1.613633731595136s ({neo4j_code: Neo.TransientError.Transaction.DeadlockDetected} {message: ForsetiClient[transactionId=120676, clientId=6389] can't acquire ExclusiveLock{owner=ForsetiClient[transactionId=120677, clientId=6362]} on NODE_RELATIONSHIP_GROUP_DELETE(9576) because holders of that lock are waiting for ForsetiClient[transactionId=120676, clientId=6389].
 Wait list:ExclusiveLock[
Client[120677] waits for [ForsetiClient[transactionId=120676, clientId=6389]]]} {gql_status: 50N05} {gql_status_description: error: general processing exception - deadlock detected. Deadlock detected while trying to acquire locks. See log for more details.})
Transaction failed and will be retried in 0.9350785659284326s ({neo4j_code: Neo.TransientError.Transaction.DeadlockDetected} {message: ForsetiClient[transactionId=120678, clientId=6374] can't acquire ExclusiveLock{owner=ForsetiClient[transactionId=120677, clientId=6362]} on NODE_RELATIONSHIP_GROUP_DELETE(353) because holders of that lock are waiting for ForsetiClient[transactionId=120678, clientId=6374].
 Wait list:ExclusiveLock[
Client[120677] waits for [ForsetiClient[transactionId=120678, clientId=6374]]]} {gql_status: 50N05} {gql_status_description: error: general processing exception - deadlock detected. Deadlock detected while trying to acquire locks. See log for more details.})
Transaction failed and will be retried in 2.0905539215653803s ({neo4j_code: Neo.TransientError.Transaction.DeadlockDetected} {message: ForsetiClient[transactionId=120693, clientId=6374] can't acquire ExclusiveLock{owner=ForsetiClient[transactionId=120692, clientId=6389]} on NODE_RELATIONSHIP_GROUP_DELETE(9701) because holders of that lock are waiting for ForsetiClient[transactionId=120693, clientId=6374].
 Wait list:ExclusiveLock[
Client[120692] waits for [ForsetiClient[transactionId=120693, clientId=6374]]]} {gql_status: 50N05} {gql_status_description: error: general processing exception - deadlock detected. Deadlock detected while trying to acquire locks. See log for more details.})
Transaction failed and will be retried in 0.9465378943931451s ({neo4j_code: Neo.TransientError.Transaction.DeadlockDetected} {message: ForsetiClient[transactionId=120702, clientId=6362] can't acquire ExclusiveLock{owner=ForsetiClient[transactionId=120701, clientId=6389]} on NODE_RELATIONSHIP_GROUP_DELETE(12651) because holders of that lock are waiting for ForsetiClient[transactionId=120702, clientId=6362].
 Wait list:ExclusiveLock[
Client[120701] waits for [ForsetiClient[transactionId=120702, clientId=6362]]]} {gql_status: 50N05} {gql_status_description: error: general processing exception - deadlock detected. Deadlock detected while trying to acquire locks. See log for more details.})
Transaction failed and will be retried in 2.0048671594607894s ({neo4j_code: Neo.TransientError.Transaction.DeadlockDetected} {message: ForsetiClient[transactionId=120716, clientId=6374] can't acquire UpdateLock{owners=ForsetiClient[transactionId=120718, clientId=6389], ForsetiClient[transactionId=120716, clientId=6374], refCount=2} on NODE_RELATIONSHIP_GROUP_DELETE(3073) because holders of that lock are waiting for ForsetiClient[transactionId=120716, clientId=6374].
 Wait list:SharedLock[
Client[120718] waits for [ForsetiClient[transactionId=120716, clientId=6374]], 
Client[120716] waits for [ForsetiClient[transactionId=120718, clientId=6389]]]} {gql_status: 50N05} {gql_status_description: error: general processing exception - deadlock detected. Deadlock detected while trying to acquire locks. See log for more details.})
Transaction failed and will be retried in 4.596060582894746s ({neo4j_code: Neo.TransientError.Transaction.DeadlockDetected} {message: ForsetiClient[transactionId=120719, clientId=6378] can't acquire UpdateLock{owners=ForsetiClient[transactionId=120718, clientId=6389], ForsetiClient[transactionId=120719, clientId=6378], refCount=2} on NODE_RELATIONSHIP_GROUP_DELETE(2420) because holders of that lock are waiting for ForsetiClient[transactionId=120719, clientId=6378].
 Wait list:SharedLock[
Client[120718] waits for [ForsetiClient[transactionId=120719, clientId=6378]], 
Client[120719] waits for [ForsetiClient[transactionId=120718, clientId=6389]]]} {gql_status: 50N05} {gql_status_description: error: general processing exception - deadlock detected. Deadlock detected while trying to acquire locks. See log for more details.})
Transaction failed and will be retried in 4.120075565029765s ({neo4j_code: Neo.TransientError.Transaction.DeadlockDetected} {message: ForsetiClient[transactionId=120731, clientId=6347] can't acquire UpdateLock{owners=ForsetiClient[transactionId=120732, clientId=6362], ForsetiClient[transactionId=120731, clientId=6347], refCount=2} on NODE_RELATIONSHIP_GROUP_DELETE(8401) because holders of that lock are waiting for ForsetiClient[transactionId=120731, clientId=6347].
 Wait list:SharedLock[
Client[120732] waits for [ForsetiClient[transactionId=120731, clientId=6347]], 
Client[120731] waits for [ForsetiClient[transactionId=120732, clientId=6362]]]} {gql_status: 50N05} {gql_status_description: error: general processing exception - deadlock detected. Deadlock detected while trying to acquire locks. See log for more details.})
  primary      workers=  4 docs/s=   12,467 batch p50=  156.1 ms p95= 1392.5 ms 
errors=0 | busiest: 
Transaction failed and will be retried in 0.8034667709944089s ({neo4j_code: Neo.TransientError.Transaction.DeadlockDetected} {message: ForsetiClient[transactionId=120766, clientId=6391] can't acquire ExclusiveLock{owner=ForsetiClient[transactionId=120758, clientId=6378]} on NODE_RELATIONSHIP_GROUP_DELETE(7349) because holders of that lock are waiting for ForsetiClient[transactionId=120766, clientId=6391].
 Wait list:ExclusiveLock[
Client[120758] waits for [ForsetiClient[transactionId=120766, clientId=6391]]]} {gql_status: 50N05} {gql_status_description: error: general processing exception - deadlock detected. Deadlock detected while trying to acquire locks. See log for more details.})
Transaction failed and will be retried in 1.0639285545462593s ({neo4j_code: Neo.TransientError.Transaction.DeadlockDetected} {message: ForsetiClient[transactionId=120773, clientId=6398] can't acquire ExclusiveLock{owner=ForsetiClient[transactionId=120758, clientId=6378]} on NODE_RELATIONSHIP_GROUP_DELETE(1040) because holders of that lock are waiting for ForsetiClient[transactionId=120773, clientId=6398].
 Wait list:ExclusiveLock[
Client[120758] waits for [ForsetiClient[transactionId=120773, clientId=6398]]]} {gql_status: 50N05} {gql_status_description: error: general processing exception - deadlock detected. Deadlock detected while trying to acquire locks. See log for more details.})
Transaction failed and will be retried in 0.9687648800464197s ({neo4j_code: Neo.TransientError.Transaction.DeadlockDetected} {message: ForsetiClient[transactionId=120771, clientId=6396] can't acquire ExclusiveLock{owner=ForsetiClient[transactionId=120758, clientId=6378]} on NODE_RELATIONSHIP_GROUP_DELETE(1177) because holders of that lock are waiting for ForsetiClient[transactionId=120771, clientId=6396].
 Wait list:ExclusiveLock[
Client[120758] waits for [ForsetiClient[transactionId=120771, clientId=6396]]]} {gql_status: 50N05} {gql_status_description: error: general processing exception - deadlock detected. Deadlock detected while trying to acquire locks. See log for more details.})
Transaction failed and will be retried in 0.9875284347962985s ({neo4j_code: Neo.TransientError.Transaction.DeadlockDetected} {message: ForsetiClient[transactionId=120763, clientId=6347] can't acquire ExclusiveLock{owner=ForsetiClient[transactionId=120758, clientId=6378]} on NODE_RELATIONSHIP_GROUP_DELETE(17098) because holders of that lock are waiting for ForsetiClient[transactionId=120763, clientId=6347].
 Wait list:ExclusiveLock[
Client[120758] waits for [ForsetiClient[transactionId=120765, clientId=6374],ForsetiClient[transactionId=120763, clientId=6347],ForsetiClient[transactionId=-1, clientId=6396]]]} {gql_status: 50N05} {gql_status_description: error: general processing exception - deadlock detected. Deadlock detected while trying to acquire locks. See log for more details.})
Transaction failed and will be retried in 0.967325818005002s ({neo4j_code: Neo.TransientError.Transaction.DeadlockDetected} {message: ForsetiClient[transactionId=120765, clientId=6374] can't acquire ExclusiveLock{owner=ForsetiClient[transactionId=120760, clientId=6383]} on NODE_RELATIONSHIP_GROUP_DELETE(8980) because holders of that lock are waiting for ForsetiClient[transactionId=120765, clientId=6374].
 Wait list:ExclusiveLock[
Client[120760] waits for [ForsetiClient[transactionId=120765, clientId=6374],ForsetiClient[transactionId=120758, clientId=6378]]]} {gql_status: 50N05} {gql_status_description: error: general processing exception - deadlock detected. Deadlock detected while trying to acquire locks. See log for more details.})
Transaction failed and will be retried in 0.8746180901350722s ({neo4j_code: Neo.TransientError.Transaction.DeadlockDetected} {message: ForsetiClient[transactionId=120760, clientId=6383] can't acquire ExclusiveLock{owner=ForsetiClient[transactionId=120758, clientId=6378]} on NODE_RELATIONSHIP_GROUP_DELETE(18289) because holders of that lock are waiting for ForsetiClient[transactionId=120760, clientId=6383].
 Wait list:ExclusiveLock[
Client[120758] waits for [ForsetiClient[transactionId=120760, clientId=6383]]]} {gql_status: 50N05} {gql_status_description: error: general processing exception - deadlock detected. Deadlock detected while trying to acquire locks. See log for more details.})
Transaction failed and will be retried in 1.0412383158944878s ({neo4j_code: Neo.TransientError.Transaction.DeadlockDetected} {message: ForsetiClient[transactionId=120770, clientId=6395] can't acquire ExclusiveLock{owner=ForsetiClient[transactionId=120758, clientId=6378]} on NODE_RELATIONSHIP_GROUP_DELETE(13819) because holders of that lock are waiting for ForsetiClient[transactionId=120770, clientId=6395].
 Wait list:ExclusiveLock[
Client[120758] waits for [ForsetiClient[transactionId=120770, clientId=6395],ForsetiClient[transactionId=-1, clientId=6383]]]} {gql_status: 50N05} {gql_status_description: error: general processing exception - deadlock detected. Deadlock detected while trying to acquire locks. See log for more details.})
Transaction failed and will be retried in 0.8963993645934317s ({neo4j_code: Neo.TransientError.Transaction.DeadlockDetected} {message: ForsetiClient[transactionId=120759, clientId=6389] can't acquire ExclusiveLock{owner=ForsetiClient[transactionId=120758, clientId=6378]} on NODE_RELATIONSHIP_GROUP_DELETE(2784) because holders of that lock are waiting for ForsetiClient[transactionId=120759, clientId=6389].
 Wait list:ExclusiveLock[
Client[120758] waits for [ForsetiClient[transactionId=120759, clientId=6389]]]} {gql_status: 50N05} {gql_status_description: error: general processing exception - deadlock detected. Deadlock detected while trying to acquire locks. See log for more details.})
Transaction failed and will be retried in 0.9618211319559683s ({neo4j_code: Neo.TransientError.Transaction.DeadlockDetected} {message: ForsetiClient[transactionId=120761, clientId=6390] can't acquire ExclusiveLock{owner=ForsetiClient[transactionId=120758, clientId=6378]} on NODE_RELATIONSHIP_GROUP_DELETE(882) because holders of that lock are waiting for ForsetiClient[transactionId=120761, clientId=6390].
 Wait list:ExclusiveLock[
Client[120758] waits for [ForsetiClient[transactionId=120761, clientId=6390]]]} {gql_status: 50N05} {gql_status_description: error: general processing exception - deadlock detected. Deadlock detected while trying to acquire locks. See log for more details.})
Transaction failed and will be retried in 1.0614617255376468s ({neo4j_code: Neo.TransientError.Transaction.DeadlockDetected} {message: ForsetiClient[transactionId=120762, clientId=6384] can't acquire ExclusiveLock{owner=ForsetiClient[transactionId=120758, clientId=6378]} on NODE_RELATIONSHIP_GROUP_DELETE(16208) because holders of that lock are waiting for ForsetiClient[transactionId=120762, clientId=6384].
 Wait list:ExclusiveLock[
Client[120758] waits for [ForsetiClient[transactionId=120762, clientId=6384],ForsetiClient[transactionId=-1, clientId=6390]]]} {gql_status: 50N05} {gql_status_description: error: general processing exception - deadlock detected. Deadlock detected while trying to acquire locks. See log for more details.})
Transaction failed and will be retried in 0.9512749395971698s ({neo4j_code: Neo.TransientError.Transaction.DeadlockDetected} {message: ForsetiClient[transactionId=120767, clientId=6392] can't acquire ExclusiveLock{owner=ForsetiClient[transactionId=120758, clientId=6378]} on NODE_RELATIONSHIP_GROUP_DELETE(10198) because holders of that lock are waiting for ForsetiClient[transactionId=120767, clientId=6392].
 Wait list:ExclusiveLock[
Client[120758] waits for [ForsetiClient[transactionId=120767, clientId=6392]]]} {gql_status: 50N05} {gql_status_description: error: general processing exception - deadlock detected. Deadlock detected while trying to acquire locks. See log for more details.})
Transaction failed and will be retried in 1.055199241195109s ({neo4j_code: Neo.TransientError.Transaction.DeadlockDetected} {message: ForsetiClient[transactionId=120768, clientId=6393] can't acquire ExclusiveLock{owner=ForsetiClient[transactionId=120758, clientId=6378]} on NODE_RELATIONSHIP_GROUP_DELETE(18233) because holders of that lock are waiting for ForsetiClient[transactionId=120768, clientId=6393].
 Wait list:ExclusiveLock[
Client[120758] waits for [ForsetiClient[transactionId=120768, clientId=6393]]]} {gql_status: 50N05} {gql_status_description: error: general processing exception - deadlock detected. Deadlock detected while trying to acquire locks. See log for more details.})
Transaction failed and will be retried in 1.129673475174561s ({neo4j_code: Neo.TransientError.Transaction.DeadlockDetected} {message: ForsetiClient[transactionId=120769, clientId=6394] can't acquire ExclusiveLock{owner=ForsetiClient[transactionId=120758, clientId=6378]} on NODE_RELATIONSHIP_GROUP_DELETE(10108) because holders of that lock are waiting for ForsetiClient[transactionId=120769, clientId=6394].
 Wait list:ExclusiveLock[
Client[120758] waits for [ForsetiClient[transactionId=120769, clientId=6394]]]} {gql_status: 50N05} {gql_status_description: error: general processing exception - deadlock detected. Deadlock detected while trying to acquire locks. See log for more details.})
Transaction failed and will be retried in 0.882478082360554s ({neo4j_code: Neo.TransientError.Transaction.DeadlockDetected} {message: ForsetiClient[transactionId=120772, clientId=6397] can't acquire ExclusiveLock{owner=ForsetiClient[transactionId=120764, clientId=6362]} on NODE_RELATIONSHIP_GROUP_DELETE(14201) because holders of that lock are waiting for ForsetiClient[transactionId=120772, clientId=6397].
 Wait list:ExclusiveLock[
Client[120764] waits for [ForsetiClient[transactionId=120772, clientId=6397]]]} {gql_status: 50N05} {gql_status_description: error: general processing exception - deadlock detected. Deadlock detected while trying to acquire locks. See log for more details.})
Transaction failed and will be retried in 0.9612794124223817s ({neo4j_code: Neo.TransientError.Transaction.DeadlockDetected} {message: ForsetiClient[transactionId=120783, clientId=6384] can't acquire ExclusiveLock{owner=ForsetiClient[transactionId=120782, clientId=6390]} on NODE_RELATIONSHIP_GROUP_DELETE(9835) because holders of that lock are waiting for ForsetiClient[transactionId=120783, clientId=6384].
 Wait list:ExclusiveLock[
Client[120782] waits for [ForsetiClient[transactionId=120783, clientId=6384]]]} {gql_status: 50N05} {gql_status_description: error: general processing exception - deadlock detected. Deadlock detected while trying to acquire locks. See log for more details.})
Transaction failed and will be retried in 2.266491007400054s ({neo4j_code: Neo.TransientError.Transaction.DeadlockDetected} {message: ForsetiClient[transactionId=120785, clientId=6393] can't acquire ExclusiveLock{owner=ForsetiClient[transactionId=120786, clientId=6394]} on NODE_RELATIONSHIP_GROUP_DELETE(6451) because holders of that lock are waiting for ForsetiClient[transactionId=120785, clientId=6393].
 Wait list:ExclusiveLock[
Client[120786] waits for [ForsetiClient[transactionId=120785, clientId=6393]]]} {gql_status: 50N05} {gql_status_description: error: general processing exception - deadlock detected. Deadlock detected while trying to acquire locks. See log for more details.})
Transaction failed and will be retried in 2.037504229640002s ({neo4j_code: Neo.TransientError.Transaction.DeadlockDetected} {message: ForsetiClient[transactionId=120788, clientId=6397] can't acquire ExclusiveLock{owner=ForsetiClient[transactionId=120786, clientId=6394]} on NODE_RELATIONSHIP_GROUP_DELETE(347) because holders of that lock are waiting for ForsetiClient[transactionId=120788, clientId=6397].
 Wait list:ExclusiveLock[
Client[120786] waits for [ForsetiClient[transactionId=120788, clientId=6397]]]} {gql_status: 50N05} {gql_status_description: error: general processing exception - deadlock detected. Deadlock detected while trying to acquire locks. See log for more details.})
Transaction failed and will be retried in 2.0825734918887027s ({neo4j_code: Neo.TransientError.Transaction.DeadlockDetected} {message: ForsetiClient[transactionId=120793, clientId=6347] can't acquire ExclusiveLock{owner=ForsetiClient[transactionId=120791, clientId=6398]} on NODE_RELATIONSHIP_GROUP_DELETE(7614) because holders of that lock are waiting for ForsetiClient[transactionId=120793, clientId=6347].
 Wait list:ExclusiveLock[
Client[120791] waits for [ForsetiClient[transactionId=120790, clientId=6391],ForsetiClient[transactionId=120787, clientId=6378],ForsetiClient[transactionId=120793, clientId=6347],ForsetiClient[transactionId=120792, clientId=6396]]]} {gql_status: 50N05} {gql_status_description: error: general processing exception - deadlock detected. Deadlock detected while trying to acquire locks. See log for more details.})
Transaction failed and will be retried in 1.6992886242401475s ({neo4j_code: Neo.TransientError.Transaction.DeadlockDetected} {message: ForsetiClient[transactionId=120787, clientId=6378] can't acquire ExclusiveLock{owner=ForsetiClient[transactionId=120790, clientId=6391]} on NODE_RELATIONSHIP_GROUP_DELETE(9938) because holders of that lock are waiting for ForsetiClient[transactionId=120787, clientId=6378].
 Wait list:ExclusiveLock[
Client[120790] waits for [ForsetiClient[transactionId=120787, clientId=6378],ForsetiClient[transactionId=120792, clientId=6396]]]} {gql_status: 50N05} {gql_status_description: error: general processing exception - deadlock detected. Deadlock detected while trying to acquire locks. See log for more details.})
Transaction failed and will be retried in 1.6312205056725007s ({neo4j_code: Neo.TransientError.Transaction.DeadlockDetected} {message: ForsetiClient[transactionId=120791, clientId=6398] can't acquire ExclusiveLock{owner=ForsetiClient[transactionId=120792, clientId=6396]} on NODE_RELATIONSHIP_GROUP_DELETE(14142) because holders of that lock are waiting for ForsetiClient[transactionId=120791, clientId=6398].
 Wait list:ExclusiveLock[
Client[120792] waits for [ForsetiClient[transactionId=120791, clientId=6398]]]} {gql_status: 50N05} {gql_status_description: error: general processing exception - deadlock detected. Deadlock detected while trying to acquire locks. See log for more details.})
Transaction failed and will be retried in 2.153221447638993s ({neo4j_code: Neo.TransientError.Transaction.DeadlockDetected} {message: ForsetiClient[transactionId=120790, clientId=6391] can't acquire ExclusiveLock{owner=ForsetiClient[transactionId=120792, clientId=6396]} on NODE_RELATIONSHIP_GROUP_DELETE(4861) because holders of that lock are waiting for ForsetiClient[transactionId=120790, clientId=6391].
 Wait list:ExclusiveLock[
Client[120792] waits for [ForsetiClient[transactionId=120790, clientId=6391]]]} {gql_status: 50N05} {gql_status_description: error: general processing exception - deadlock detected. Deadlock detected while trying to acquire locks. See log for more details.})
Transaction failed and will be retried in 2.3939710915519985s ({neo4j_code: Neo.TransientError.Transaction.DeadlockDetected} {message: ForsetiClient[transactionId=120795, clientId=6383] can't acquire ExclusiveLock{owner=ForsetiClient[transactionId=120792, clientId=6396]} on NODE_RELATIONSHIP_GROUP_DELETE(105) because holders of that lock are waiting for ForsetiClient[transactionId=120795, clientId=6383].
 Wait list:ExclusiveLock[
Client[120792] waits for [ForsetiClient[transactionId=120795, clientId=6383]]]} {gql_status: 50N05} {gql_status_description: error: general processing exception - deadlock detected. Deadlock detected while trying to acquire locks. See log for more details.})
Transaction failed and will be retried in 0.8887298132836836s ({neo4j_code: Neo.TransientError.Transaction.DeadlockDetected} {message: ForsetiClient[transactionId=120789, clientId=6362] can't acquire ExclusiveLock{owner=ForsetiClient[transactionId=120792, clientId=6396]} on NODE_RELATIONSHIP_GROUP_DELETE(15295) because holders of that lock are waiting for ForsetiClient[transactionId=120789, clientId=6362].
 Wait list:ExclusiveLock[
Client[120792] waits for [ForsetiClient[transactionId=120789, clientId=6362]]]} {gql_status: 50N05} {gql_status_description: error: general processing exception - deadlock detected. Deadlock detected while trying to acquire locks. See log for more details.})
Transaction failed and will be retried in 2.357314214948504s ({neo4j_code: Neo.TransientError.Transaction.DeadlockDetected} {message: ForsetiClient[transactionId=120796, clientId=6395] can't acquire ExclusiveLock{owner=ForsetiClient[transactionId=120792, clientId=6396]} on NODE_RELATIONSHIP_GROUP_DELETE(16930) because holders of that lock are waiting for ForsetiClient[transactionId=120796, clientId=6395].
 Wait list:ExclusiveLock[
Client[120792] waits for [ForsetiClient[transactionId=120796, clientId=6395]]]} {gql_status: 50N05} {gql_status_description: error: general processing exception - deadlock detected. Deadlock detected while trying to acquire locks. See log for more details.})
Transaction failed and will be retried in 1.7657780672058787s ({neo4j_code: Neo.TransientError.Transaction.DeadlockDetected} {message: ForsetiClient[transactionId=120799, clientId=6390] can't acquire ExclusiveLock{owner=ForsetiClient[transactionId=120792, clientId=6396]} on NODE_RELATIONSHIP_GROUP_DELETE(16660) because holders of that lock are waiting for ForsetiClient[transactionId=120799, clientId=6390].
 Wait list:ExclusiveLock[
Client[120792] waits for [ForsetiClient[transactionId=120799, clientId=6390]]]} {gql_status: 50N05} {gql_status_description: error: general processing exception - deadlock detected. Deadlock detected while trying to acquire locks. See log for more details.})
Transaction failed and will be retried in 1.9618250349209418s ({neo4j_code: Neo.TransientError.Transaction.DeadlockDetected} {message: ForsetiClient[transactionId=120797, clientId=6389] can't acquire ExclusiveLock{owner=ForsetiClient[transactionId=120792, clientId=6396]} on NODE_RELATIONSHIP_GROUP_DELETE(8809) because holders of that lock are waiting for ForsetiClient[transactionId=120797, clientId=6389].
 Wait list:ExclusiveLock[
Client[120792] waits for [ForsetiClient[transactionId=120797, clientId=6389]]]} {gql_status: 50N05} {gql_status_description: error: general processing exception - deadlock detected. Deadlock detected while trying to acquire locks. See log for more details.})
Transaction failed and will be retried in 0.9870314898188586s ({neo4j_code: Neo.TransientError.Transaction.DeadlockDetected} {message: ForsetiClient[transactionId=120794, clientId=6374] can't acquire ExclusiveLock{owner=ForsetiClient[transactionId=120792, clientId=6396]} on NODE_RELATIONSHIP_GROUP_DELETE(15441) because holders of that lock are waiting for ForsetiClient[transactionId=120794, clientId=6374].
 Wait list:ExclusiveLock[
Client[120792] waits for [ForsetiClient[transactionId=120794, clientId=6374]]]} {gql_status: 50N05} {gql_status_description: error: general processing exception - deadlock detected. Deadlock detected while trying to acquire locks. See log for more details.})
Transaction failed and will be retried in 1.1503134160562105s ({neo4j_code: Neo.TransientError.Transaction.DeadlockDetected} {message: ForsetiClient[transactionId=120798, clientId=6384] can't acquire ExclusiveLock{owner=ForsetiClient[transactionId=120800, clientId=6392]} on NODE_RELATIONSHIP_GROUP_DELETE(5975) because holders of that lock are waiting for ForsetiClient[transactionId=120798, clientId=6384].
 Wait list:ExclusiveLock[
Client[120800] waits for [ForsetiClient[transactionId=120798, clientId=6384]]]} {gql_status: 50N05} {gql_status_description: error: general processing exception - deadlock detected. Deadlock detected while trying to acquire locks. See log for more details.})
Transaction failed and will be retried in 1.0296679791877017s ({neo4j_code: Neo.TransientError.Transaction.DeadlockDetected} {message: ForsetiClient[transactionId=120810, clientId=6395] can't acquire ExclusiveLock{owner=ForsetiClient[transactionId=120809, clientId=6362]} on NODE_RELATIONSHIP_GROUP_DELETE(15897) because holders of that lock are waiting for ForsetiClient[transactionId=120810, clientId=6395].
 Wait list:ExclusiveLock[
Client[120809] waits for [ForsetiClient[transactionId=120810, clientId=6395]]]} {gql_status: 50N05} {gql_status_description: error: general processing exception - deadlock detected. Deadlock detected while trying to acquire locks. See log for more details.})
Transaction failed and will be retried in 1.1967870001756038s ({neo4j_code: Neo.TransientError.Transaction.DeadlockDetected} {message: ForsetiClient[transactionId=120814, clientId=6396] can't acquire ExclusiveLock{owner=ForsetiClient[transactionId=120813, clientId=6374]} on NODE_RELATIONSHIP_GROUP_DELETE(9898) because holders of that lock are waiting for ForsetiClient[transactionId=120814, clientId=6396].
 Wait list:ExclusiveLock[
Client[120813] waits for [ForsetiClient[transactionId=120814, clientId=6396]]]} {gql_status: 50N05} {gql_status_description: error: general processing exception - deadlock detected. Deadlock detected while trying to acquire locks. See log for more details.})
Transaction failed and will be retried in 0.91307944788726s ({neo4j_code: Neo.TransientError.Transaction.DeadlockDetected} {message: ForsetiClient[transactionId=120819, clientId=6394] can't acquire ExclusiveLock{owner=ForsetiClient[transactionId=120818, clientId=6397]} on NODE_RELATIONSHIP_GROUP_DELETE(6253) because holders of that lock are waiting for ForsetiClient[transactionId=120819, clientId=6394].
 Wait list:ExclusiveLock[
Client[120818] waits for [ForsetiClient[transactionId=120819, clientId=6394]]]} {gql_status: 50N05} {gql_status_description: error: general processing exception - deadlock detected. Deadlock detected while trying to acquire locks. See log for more details.})
Transaction failed and will be retried in 2.1973617284135227s ({neo4j_code: Neo.TransientError.Transaction.DeadlockDetected} {message: ForsetiClient[transactionId=120820, clientId=6347] can't acquire ExclusiveLock{owner=ForsetiClient[transactionId=120821, clientId=6378]} on NODE_RELATIONSHIP_GROUP_DELETE(6774) because holders of that lock are waiting for ForsetiClient[transactionId=120820, clientId=6347].
 Wait list:ExclusiveLock[
Client[120821] waits for [ForsetiClient[transactionId=120820, clientId=6347]]]} {gql_status: 50N05} {gql_status_description: error: general processing exception - deadlock detected. Deadlock detected while trying to acquire locks. See log for more details.})
Transaction failed and will be retried in 0.9050605577752625s ({neo4j_code: Neo.TransientError.Transaction.DeadlockDetected} {message: ForsetiClient[transactionId=120825, clientId=6395] can't acquire ExclusiveLock{owner=ForsetiClient[transactionId=120823, clientId=6391]} on NODE_RELATIONSHIP_GROUP_DELETE(15375) because holders of that lock are waiting for ForsetiClient[transactionId=120825, clientId=6395].
 Wait list:ExclusiveLock[
Client[120823] waits for [ForsetiClient[transactionId=120825, clientId=6395]]]} {gql_status: 50N05} {gql_status_description: error: general processing exception - deadlock detected. Deadlock detected while trying to acquire locks. See log for more details.})
Transaction failed and will be retried in 3.326146555409047s ({neo4j_code: Neo.TransientError.Transaction.DeadlockDetected} {message: ForsetiClient[transactionId=120824, clientId=6383] can't acquire ExclusiveLock{owner=ForsetiClient[transactionId=120823, clientId=6391]} on NODE_RELATIONSHIP_GROUP_DELETE(1188) because holders of that lock are waiting for ForsetiClient[transactionId=120824, clientId=6383].
 Wait list:ExclusiveLock[
Client[120823] waits for [ForsetiClient[transactionId=120824, clientId=6383]]]} {gql_status: 50N05} {gql_status_description: error: general processing exception - deadlock detected. Deadlock detected while trying to acquire locks. See log for more details.})
Transaction failed and will be retried in 4.789436723213777s ({neo4j_code: Neo.TransientError.Transaction.DeadlockDetected} {message: ForsetiClient[transactionId=120829, clientId=6396] can't acquire ExclusiveLock{owner=ForsetiClient[transactionId=120826, clientId=6362]} on NODE_RELATIONSHIP_GROUP_DELETE(6537) because holders of that lock are waiting for ForsetiClient[transactionId=120829, clientId=6396].
 Wait list:ExclusiveLock[
Client[120826] waits for [ForsetiClient[transactionId=120829, clientId=6396]]]} {gql_status: 50N05} {gql_status_description: error: general processing exception - deadlock detected. Deadlock detected while trying to acquire locks. See log for more details.})
Transaction failed and will be retried in 1.1700351263030255s ({neo4j_code: Neo.TransientError.Transaction.DeadlockDetected} {message: ForsetiClient[transactionId=120827, clientId=6390] can't acquire ExclusiveLock{owner=ForsetiClient[transactionId=120826, clientId=6362]} on NODE_RELATIONSHIP_GROUP_DELETE(7954) because holders of that lock are waiting for ForsetiClient[transactionId=120827, clientId=6390].
 Wait list:ExclusiveLock[
Client[120826] waits for [ForsetiClient[transactionId=120828, clientId=6389],ForsetiClient[transactionId=120827, clientId=6390]]]} {gql_status: 50N05} {gql_status_description: error: general processing exception - deadlock detected. Deadlock detected while trying to acquire locks. See log for more details.})
Transaction failed and will be retried in 2.185341071264934s ({neo4j_code: Neo.TransientError.Transaction.DeadlockDetected} {message: ForsetiClient[transactionId=120828, clientId=6389] can't acquire ExclusiveLock{owner=ForsetiClient[transactionId=120826, clientId=6362]} on NODE_RELATIONSHIP_GROUP_DELETE(11691) because holders of that lock are waiting for ForsetiClient[transactionId=120828, clientId=6389].
 Wait list:ExclusiveLock[
Client[120826] waits for [ForsetiClient[transactionId=120828, clientId=6389],ForsetiClient[transactionId=-1, clientId=6390]]]} {gql_status: 50N05} {gql_status_description: error: general processing exception - deadlock detected. Deadlock detected while trying to acquire locks. See log for more details.})
Transaction failed and will be retried in 0.8395287535559985s ({neo4j_code: Neo.TransientError.Transaction.DeadlockDetected} {message: ForsetiClient[transactionId=120832, clientId=6392] can't acquire ExclusiveLock{owner=ForsetiClient[transactionId=120833, clientId=6393]} on NODE_RELATIONSHIP_GROUP_DELETE(4761) because holders of that lock are waiting for ForsetiClient[transactionId=120832, clientId=6392].
 Wait list:ExclusiveLock[
Client[120833] waits for [ForsetiClient[transactionId=120832, clientId=6392]]]} {gql_status: 50N05} {gql_status_description: error: general processing exception - deadlock detected. Deadlock detected while trying to acquire locks. See log for more details.})
Transaction failed and will be retried in 4.696350207735306s ({neo4j_code: Neo.TransientError.Transaction.DeadlockDetected} {message: ForsetiClient[transactionId=120831, clientId=6384] can't acquire ExclusiveLock{owner=ForsetiClient[transactionId=120834, clientId=6394]} on NODE_RELATIONSHIP_GROUP_DELETE(11593) because holders of that lock are waiting for ForsetiClient[transactionId=120831, clientId=6384].
 Wait list:ExclusiveLock[
Client[120834] waits for [ForsetiClient[transactionId=120831, clientId=6384],ForsetiClient[transactionId=-1, clientId=6392]]]} {gql_status: 50N05} {gql_status_description: error: general processing exception - deadlock detected. Deadlock detected while trying to acquire locks. See log for more details.})
Transaction failed and will be retried in 3.773750364880811s ({neo4j_code: Neo.TransientError.Transaction.DeadlockDetected} {message: ForsetiClient[transactionId=120834, clientId=6394] can't acquire ExclusiveLock{owner=ForsetiClient[transactionId=120833, clientId=6393]} on NODE_RELATIONSHIP_GROUP_DELETE(19237) because holders of that lock are waiting for ForsetiClient[transactionId=120834, clientId=6394].
 Wait list:ExclusiveLock[
Client[120833] waits for [ForsetiClient[transactionId=-1, clientId=6384],ForsetiClient[transactionId=120834, clientId=6394]]]} {gql_status: 50N05} {gql_status_description: error: general processing exception - deadlock detected. Deadlock detected while trying to acquire locks. See log for more details.})
Transaction failed and will be retried in 3.591204653936048s ({neo4j_code: Neo.TransientError.Transaction.DeadlockDetected} {message: ForsetiClient[transactionId=120830, clientId=6374] can't acquire ExclusiveLock{owner=ForsetiClient[transactionId=120833, clientId=6393]} on NODE_RELATIONSHIP_GROUP_DELETE(19005) because holders of that lock are waiting for ForsetiClient[transactionId=120830, clientId=6374].
 Wait list:ExclusiveLock[
Client[120833] waits for [ForsetiClient[transactionId=120830, clientId=6374]]]} {gql_status: 50N05} {gql_status_description: error: general processing exception - deadlock detected. Deadlock detected while trying to acquire locks. See log for more details.})
Transaction failed and will be retried in 3.6247875222504464s ({neo4j_code: Neo.TransientError.Transaction.DeadlockDetected} {message: ForsetiClient[transactionId=120838, clientId=6398] can't acquire ExclusiveLock{owner=ForsetiClient[transactionId=120837, clientId=6378]} on NODE_RELATIONSHIP_GROUP_DELETE(12369) because holders of that lock are waiting for ForsetiClient[transactionId=120838, clientId=6398].
 Wait list:ExclusiveLock[
Client[120837] waits for [ForsetiClient[transactionId=120838, clientId=6398]]]} {gql_status: 50N05} {gql_status_description: error: general processing exception - deadlock detected. Deadlock detected while trying to acquire locks. See log for more details.})
Transaction failed and will be retried in 4.350551888125122s ({neo4j_code: Neo.TransientError.Transaction.DeadlockDetected} {message: ForsetiClient[transactionId=120839, clientId=6395] can't acquire ExclusiveLock{owner=ForsetiClient[transactionId=120835, clientId=6397]} on NODE_RELATIONSHIP_GROUP_DELETE(9875) because holders of that lock are waiting for ForsetiClient[transactionId=120839, clientId=6395].
 Wait list:ExclusiveLock[
Client[120835] waits for [ForsetiClient[transactionId=120839, clientId=6395]]]} {gql_status: 50N05} {gql_status_description: error: general processing exception - deadlock detected. Deadlock detected while trying to acquire locks. See log for more details.})
Transaction failed and will be retried in 0.9334179740182429s ({neo4j_code: Neo.TransientError.Transaction.DeadlockDetected} {message: ForsetiClient[transactionId=120836, clientId=6347] can't acquire ExclusiveLock{owner=ForsetiClient[transactionId=120837, clientId=6378]} on NODE_RELATIONSHIP_GROUP_DELETE(4793) because holders of that lock are waiting for ForsetiClient[transactionId=120836, clientId=6347].
 Wait list:ExclusiveLock[
Client[120837] waits for [ForsetiClient[transactionId=120836, clientId=6347]]]} {gql_status: 50N05} {gql_status_description: error: general processing exception - deadlock detected. Deadlock detected while trying to acquire locks. See log for more details.})
Transaction failed and will be retried in 1.715314975498973s ({neo4j_code: Neo.TransientError.Transaction.DeadlockDetected} {message: ForsetiClient[transactionId=120837, clientId=6378] can't acquire ExclusiveLock{owner=ForsetiClient[transactionId=120835, clientId=6397]} on NODE_RELATIONSHIP_GROUP_DELETE(7568) because holders of that lock are waiting for ForsetiClient[transactionId=120837, clientId=6378].
 Wait list:ExclusiveLock[
Client[120835] waits for [ForsetiClient[transactionId=120837, clientId=6378]]]} {gql_status: 50N05} {gql_status_description: error: general processing exception - deadlock detected. Deadlock detected while trying to acquire locks. See log for more details.})
Transaction failed and will be retried in 2.0739116983405026s ({neo4j_code: Neo.TransientError.Transaction.DeadlockDetected} {message: ForsetiClient[transactionId=120842, clientId=6396] can't acquire ExclusiveLock{owner=ForsetiClient[transactionId=120841, clientId=6391]} on NODE_RELATIONSHIP_GROUP_DELETE(19691) because holders of that lock are waiting for ForsetiClient[transactionId=120842, clientId=6396].
 Wait list:ExclusiveLock[
Client[120841] waits for [ForsetiClient[transactionId=120842, clientId=6396]]]} {gql_status: 50N05} {gql_status_description: error: general processing exception - deadlock detected. Deadlock detected while trying to acquire locks. See log for more details.})
Transaction failed and will be retried in 1.9895700047700715s ({neo4j_code: Neo.TransientError.Transaction.DeadlockDetected} {message: ForsetiClient[transactionId=120845, clientId=6362] can't acquire ExclusiveLock{owner=ForsetiClient[transactionId=120844, clientId=6389]} on NODE_RELATIONSHIP_GROUP_DELETE(10541) because holders of that lock are waiting for ForsetiClient[transactionId=120845, clientId=6362].
 Wait list:ExclusiveLock[
Client[120844] waits for [ForsetiClient[transactionId=120845, clientId=6362]]]} {gql_status: 50N05} {gql_status_description: error: general processing exception - deadlock detected. Deadlock detected while trying to acquire locks. See log for more details.})
Transaction failed and will be retried in 1.0393615299900882s ({neo4j_code: Neo.TransientError.Transaction.DeadlockDetected} {message: ForsetiClient[transactionId=120846, clientId=6392] can't acquire ExclusiveLock{owner=ForsetiClient[transactionId=120847, clientId=6384]} on NODE_RELATIONSHIP_GROUP_DELETE(10445) because holders of that lock are waiting for ForsetiClient[transactionId=120846, clientId=6392].
 Wait list:ExclusiveLock[
Client[120847] waits for [ForsetiClient[transactionId=120846, clientId=6392]]]} {gql_status: 50N05} {gql_status_description: error: general processing exception - deadlock detected. Deadlock detected while trying to acquire locks. See log for more details.})
Transaction failed and will be retried in 2.1948372549422968s ({neo4j_code: Neo.TransientError.Transaction.DeadlockDetected} {message: ForsetiClient[transactionId=120849, clientId=6374] can't acquire ExclusiveLock{owner=ForsetiClient[transactionId=120850, clientId=6393]} on NODE_RELATIONSHIP_GROUP_DELETE(9577) because holders of that lock are waiting for ForsetiClient[transactionId=120849, clientId=6374].
 Wait list:ExclusiveLock[
Client[120850] waits for [ForsetiClient[transactionId=120849, clientId=6374]]]} {gql_status: 50N05} {gql_status_description: error: general processing exception - deadlock detected. Deadlock detected while trying to acquire locks. See log for more details.})
Transaction failed and will be retried in 3.5436571486737267s ({neo4j_code: Neo.TransientError.Transaction.DeadlockDetected} {message: ForsetiClient[transactionId=120851, clientId=6398] can't acquire ExclusiveLock{owner=ForsetiClient[transactionId=120852, clientId=6395]} on NODE_RELATIONSHIP_GROUP_DELETE(10936) because holders of that lock are waiting for ForsetiClient[transactionId=120851, clientId=6398].
 Wait list:ExclusiveLock[
Client[120852] waits for [ForsetiClient[transactionId=120851, clientId=6398]]]} {gql_status: 50N05} {gql_status_description: error: general processing exception - deadlock detected. Deadlock detected while trying to acquire locks. See log for more details.})
Transaction failed and will be retried in 1.1825707917289496s ({neo4j_code: Neo.TransientError.Transaction.DeadlockDetected} {message: ForsetiClient[transactionId=120855, clientId=6397] can't acquire ExclusiveLock{owner=ForsetiClient[transactionId=120856, clientId=6383]} on NODE_RELATIONSHIP_GROUP_DELETE(4736) because holders of that lock are waiting for ForsetiClient[transactionId=120855, clientId=6397].
 Wait list:ExclusiveLock[
Client[120856] waits for [ForsetiClient[transactionId=120857, clientId=6396],ForsetiClient[transactionId=120855, clientId=6397]]]} {gql_status: 50N05} {gql_status_description: error: general processing exception - deadlock detected. Deadlock detected while trying to acquire locks. See log for more details.})
Transaction failed and will be retried in 3.895780627040335s ({neo4j_code: Neo.TransientError.Transaction.DeadlockDetected} {message: ForsetiClient[transactionId=120857, clientId=6396] can't acquire ExclusiveLock{owner=ForsetiClient[transactionId=120856, clientId=6383]} on NODE_RELATIONSHIP_GROUP_DELETE(4736) because holders of that lock are waiting for ForsetiClient[transactionId=120857, clientId=6396].
 Wait list:ExclusiveLock[
Client[120856] waits for [ForsetiClient[transactionId=120857, clientId=6396]]]} {gql_status: 50N05} {gql_status_description: error: general processing exception - deadlock detected. Deadlock detected while trying to acquire locks. See log for more details.})
Transaction failed and will be retried in 2.287138234064363s ({neo4j_code: Neo.TransientError.Transaction.DeadlockDetected} {message: ForsetiClient[transactionId=120859, clientId=6390] can't acquire ExclusiveLock{owner=ForsetiClient[transactionId=120858, clientId=6391]} on NODE_RELATIONSHIP_GROUP_DELETE(7498) because holders of that lock are waiting for ForsetiClient[transactionId=120859, clientId=6390].
 Wait list:ExclusiveLock[
Client[120858] waits for [ForsetiClient[transactionId=120859, clientId=6390]]]} {gql_status: 50N05} {gql_status_description: error: general processing exception - deadlock detected. Deadlock detected while trying to acquire locks. See log for more details.})
Transaction failed and will be retried in 1.1414881398484589s ({neo4j_code: Neo.TransientError.Transaction.DeadlockDetected} {message: ForsetiClient[transactionId=120864, clientId=6394] can't acquire ExclusiveLock{owner=ForsetiClient[transactionId=120863, clientId=6384]} on NODE_RELATIONSHIP_GROUP_DELETE(18368) because holders of that lock are waiting for ForsetiClient[transactionId=120864, clientId=6394].
 Wait list:ExclusiveLock[
Client[120863] waits for [ForsetiClient[transactionId=120864, clientId=6394]]]} {gql_status: 50N05} {gql_status_description: error: general processing exception - deadlock detected. Deadlock detected while trying to acquire locks. See log for more details.})
Transaction failed and will be retried in 7.173037979978264s ({neo4j_code: Neo.TransientError.Transaction.DeadlockDetected} {message: ForsetiClient[transactionId=120868, clientId=6395] can't acquire ExclusiveLock{owner=ForsetiClient[transactionId=120867, clientId=6398]} on NODE_RELATIONSHIP_GROUP_DELETE(16681) because holders of that lock are waiting for ForsetiClient[transactionId=120868, clientId=6395].
 Wait list:ExclusiveLock[
Client[120867] waits for [ForsetiClient[transactionId=120868, clientId=6395]]]} {gql_status: 50N05} {gql_status_description: error: general processing exception - deadlock detected. Deadlock detected while trying to acquire locks. See log for more details.})
Transaction failed and will be retried in 0.9326432583580603s ({neo4j_code: Neo.TransientError.Transaction.DeadlockDetected} {message: ForsetiClient[transactionId=120870, clientId=6378] can't acquire ExclusiveLock{owner=ForsetiClient[transactionId=120869, clientId=6347]} on NODE_RELATIONSHIP_GROUP_DELETE(16801) because holders of that lock are waiting for ForsetiClient[transactionId=120870, clientId=6378].
 Wait list:ExclusiveLock[
Client[120869] waits for [ForsetiClient[transactionId=120870, clientId=6378]]]} {gql_status: 50N05} {gql_status_description: error: general processing exception - deadlock detected. Deadlock detected while trying to acquire locks. See log for more details.})
Transaction failed and will be retried in 1.024338686082974s ({neo4j_code: Neo.TransientError.Transaction.DeadlockDetected} {message: ForsetiClient[transactionId=120876, clientId=6362] can't acquire ExclusiveLock{owner=ForsetiClient[transactionId=120875, clientId=6391]} on NODE_RELATIONSHIP_GROUP_DELETE(16847) because holders of that lock are waiting for ForsetiClient[transactionId=120876, clientId=6362].
 Wait list:ExclusiveLock[
Client[120875] waits for [ForsetiClient[transactionId=120876, clientId=6362]]]} {gql_status: 50N05} {gql_status_description: error: general processing exception - deadlock detected. Deadlock detected while trying to acquire locks. See log for more details.})
Transaction failed and will be retried in 3.810835503851423s ({neo4j_code: Neo.TransientError.Transaction.DeadlockDetected} {message: ForsetiClient[transactionId=120880, clientId=6384] can't acquire ExclusiveLock{owner=ForsetiClient[transactionId=120879, clientId=6394]} on NODE_RELATIONSHIP_GROUP_DELETE(17685) because holders of that lock are waiting for ForsetiClient[transactionId=120880, clientId=6384].
 Wait list:ExclusiveLock[
Client[120879] waits for [ForsetiClient[transactionId=120880, clientId=6384]]]} {gql_status: 50N05} {gql_status_description: error: general processing exception - deadlock detected. Deadlock detected while trying to acquire locks. See log for more details.})
Transaction failed and will be retried in 7.847571556744609s ({neo4j_code: Neo.TransientError.Transaction.DeadlockDetected} {message: ForsetiClient[transactionId=120883, clientId=6395] can't acquire ExclusiveLock{owner=ForsetiClient[transactionId=120882, clientId=6393]} on NODE_RELATIONSHIP_GROUP_DELETE(6177) because holders of that lock are waiting for ForsetiClient[transactionId=120883, clientId=6395].
 Wait list:ExclusiveLock[
Client[120882] waits for [ForsetiClient[transactionId=120883, clientId=6395]]]} {gql_status: 50N05} {gql_status_description: error: general processing exception - deadlock detected. Deadlock detected while trying to acquire locks. See log for more details.})
Transaction failed and will be retried in 1.0323774793532332s ({neo4j_code: Neo.TransientError.Transaction.DeadlockDetected} {message: ForsetiClient[transactionId=120884, clientId=6398] can't acquire ExclusiveLock{owner=ForsetiClient[transactionId=120886, clientId=6347]} on NODE_RELATIONSHIP_GROUP_DELETE(5147) because holders of that lock are waiting for ForsetiClient[transactionId=120884, clientId=6398].
 Wait list:ExclusiveLock[
Client[120886] waits for [ForsetiClient[transactionId=120884, clientId=6398]]]} {gql_status: 50N05} {gql_status_description: error: general processing exception - deadlock detected. Deadlock detected while trying to acquire locks. See log for more details.})
Transaction failed and will be retried in 2.23555448451271s ({neo4j_code: Neo.TransientError.Transaction.DeadlockDetected} {message: ForsetiClient[transactionId=120887, clientId=6397] can't acquire ExclusiveLock{owner=ForsetiClient[transactionId=120886, clientId=6347]} on NODE_RELATIONSHIP_GROUP_DELETE(17830) because holders of that lock are waiting for ForsetiClient[transactionId=120887, clientId=6397].
 Wait list:ExclusiveLock[
Client[120886] waits for [ForsetiClient[transactionId=120887, clientId=6397]]]} {gql_status: 50N05} {gql_status_description: error: general processing exception - deadlock detected. Deadlock detected while trying to acquire locks. See log for more details.})
Transaction failed and will be retried in 1.166661709639428s ({neo4j_code: Neo.TransientError.Transaction.DeadlockDetected} {message: ForsetiClient[transactionId=120888, clientId=6396] can't acquire ExclusiveLock{owner=ForsetiClient[transactionId=120885, clientId=6378]} on NODE_RELATIONSHIP_GROUP_DELETE(4563) because holders of that lock are waiting for ForsetiClient[transactionId=120888, clientId=6396].
 Wait list:ExclusiveLock[
Client[120885] waits for [ForsetiClient[transactionId=120888, clientId=6396]]]} {gql_status: 50N05} {gql_status_description: error: general processing exception - deadlock detected. Deadlock detected while trying to acquire locks. See log for more details.})
Transaction failed and will be retried in 1.9045308807582362s ({neo4j_code: Neo.TransientError.Transaction.DeadlockDetected} {message: ForsetiClient[transactionId=120889, clientId=6383] can't acquire ExclusiveLock{owner=ForsetiClient[transactionId=120890, clientId=6390]} on NODE_RELATIONSHIP_GROUP_DELETE(17333) because holders of that lock are waiting for ForsetiClient[transactionId=120889, clientId=6383].
 Wait list:ExclusiveLock[
Client[120890] waits for [ForsetiClient[transactionId=120889, clientId=6383]]]} {gql_status: 50N05} {gql_status_description: error: general processing exception - deadlock detected. Deadlock detected while trying to acquire locks. See log for more details.})
Transaction failed and will be retried in 0.8061066673350172s ({neo4j_code: Neo.TransientError.Transaction.DeadlockDetected} {message: ForsetiClient[transactionId=120896, clientId=6394] can't acquire ExclusiveLock{owner=ForsetiClient[transactionId=120895, clientId=6384]} on NODE_RELATIONSHIP_GROUP_DELETE(5422) because holders of that lock are waiting for ForsetiClient[transactionId=120896, clientId=6394].
 Wait list:ExclusiveLock[
Client[120895] waits for [ForsetiClient[transactionId=120896, clientId=6394]]]} {gql_status: 50N05} {gql_status_description: error: general processing exception - deadlock detected. Deadlock detected while trying to acquire locks. See log for more details.})
Transaction failed and will be retried in 4.65803956311016s ({neo4j_code: Neo.TransientError.Transaction.DeadlockDetected} {message: ForsetiClient[transactionId=120897, clientId=6374] can't acquire ExclusiveLock{owner=ForsetiClient[transactionId=120895, clientId=6384]} on NODE_RELATIONSHIP_GROUP_DELETE(16618) because holders of that lock are waiting for ForsetiClient[transactionId=120897, clientId=6374].
 Wait list:ExclusiveLock[
Client[120895] waits for [ForsetiClient[transactionId=120897, clientId=6374],ForsetiClient[transactionId=-1, clientId=6394]]]} {gql_status: 50N05} {gql_status_description: error: general processing exception - deadlock detected. Deadlock detected while trying to acquire locks. See log for more details.})
Transaction failed and will be retried in 2.254554745668451s ({neo4j_code: Neo.TransientError.Transaction.DeadlockDetected} {message: ForsetiClient[transactionId=120898, clientId=6395] can't acquire ExclusiveLock{owner=ForsetiClient[transactionId=120895, clientId=6384]} on NODE_RELATIONSHIP_GROUP_DELETE(685) because holders of that lock are waiting for ForsetiClient[transactionId=120898, clientId=6395].
 Wait list:ExclusiveLock[
Client[120895] waits for [ForsetiClient[transactionId=120898, clientId=6395]]]} {gql_status: 50N05} {gql_status_description: error: general processing exception - deadlock detected. Deadlock detected while trying to acquire locks. See log for more details.})
Transaction failed and will be retried in 7.775401289503726s ({neo4j_code: Neo.TransientError.Transaction.DeadlockDetected} {message: ForsetiClient[transactionId=120899, clientId=6393] can't acquire ExclusiveLock{owner=ForsetiClient[transactionId=120900, clientId=6398]} on NODE_RELATIONSHIP_GROUP_DELETE(17675) because holders of that lock are waiting for ForsetiClient[transactionId=120899, clientId=6393].
 Wait list:ExclusiveLock[
Client[120900] waits for [ForsetiClient[transactionId=120899, clientId=6393]]]} {gql_status: 50N05} {gql_status_description: error: general processing exception - deadlock detected. Deadlock detected while trying to acquire locks. See log for more details.})
Transaction failed and will be retried in 7.964704733552606s ({neo4j_code: Neo.TransientError.Transaction.DeadlockDetected} {message: ForsetiClient[transactionId=120901, clientId=6397] can't acquire ExclusiveLock{owner=ForsetiClient[transactionId=120902, clientId=6347]} on NODE_RELATIONSHIP_GROUP_DELETE(19549) because holders of that lock are waiting for ForsetiClient[transactionId=120901, clientId=6397].
 Wait list:ExclusiveLock[
Client[120902] waits for [ForsetiClient[transactionId=120901, clientId=6397]]]} {gql_status: 50N05} {gql_status_description: error: general processing exception - deadlock detected. Deadlock detected while trying to acquire locks. See log for more details.})
Transaction failed and will be retried in 1.032321944751113s ({neo4j_code: Neo.TransientError.Transaction.DeadlockDetected} {message: ForsetiClient[transactionId=120910, clientId=6392] can't acquire ExclusiveLock{owner=ForsetiClient[transactionId=120908, clientId=6391]} on NODE_RELATIONSHIP_GROUP_DELETE(18842) because holders of that lock are waiting for ForsetiClient[transactionId=120910, clientId=6392].
 Wait list:ExclusiveLock[
Client[120908] waits for [ForsetiClient[transactionId=120910, clientId=6392]]]} {gql_status: 50N05} {gql_status_description: error: general processing exception - deadlock detected. Deadlock detected while trying to acquire locks. See log for more details.})
Transaction failed and will be retried in 8.311139703434074s ({neo4j_code: Neo.TransientError.Transaction.DeadlockDetected} {message: ForsetiClient[transactionId=120909, clientId=6389] can't acquire ExclusiveLock{owner=ForsetiClient[transactionId=120908, clientId=6391]} on NODE_RELATIONSHIP_GROUP_DELETE(15828) because holders of that lock are waiting for ForsetiClient[transactionId=120909, clientId=6389].
 Wait list:ExclusiveLock[
Client[120908] waits for [ForsetiClient[transactionId=120909, clientId=6389]]]} {gql_status: 50N05} {gql_status_description: error: general processing exception - deadlock detected. Deadlock detected while trying to acquire locks. See log for more details.})
Transaction failed and will be retried in 0.9618831244908869s ({neo4j_code: Neo.TransientError.Transaction.DeadlockDetected} {message: ForsetiClient[transactionId=120914, clientId=6384] can't acquire ExclusiveLock{owner=ForsetiClient[transactionId=120915, clientId=6393]} on NODE_RELATIONSHIP_GROUP_DELETE(17277) because holders of that lock are waiting for ForsetiClient[transactionId=120914, clientId=6384].
 Wait list:ExclusiveLock[
Client[120915] waits for [ForsetiClient[transactionId=120914, clientId=6384]]]} {gql_status: 50N05} {gql_status_description: error: general processing exception - deadlock detected. Deadlock detected while trying to acquire locks. See log for more details.})
Transaction failed and will be retried in 1.0214616833239547s ({neo4j_code: Neo.TransientError.Transaction.DeadlockDetected} {message: ForsetiClient[transactionId=120918, clientId=6347] can't acquire ExclusiveLock{owner=ForsetiClient[transactionId=120917, clientId=6397]} on NODE_RELATIONSHIP_GROUP_DELETE(19208) because holders of that lock are waiting for ForsetiClient[transactionId=120918, clientId=6347].
 Wait list:ExclusiveLock[
Client[120917] waits for [ForsetiClient[transactionId=120918, clientId=6347]]]} {gql_status: 50N05} {gql_status_description: error: general processing exception - deadlock detected. Deadlock detected while trying to acquire locks. See log for more details.})
Transaction failed and will be retried in 1.0019140717373474s ({neo4j_code: Neo.TransientError.Transaction.DeadlockDetected} {message: ForsetiClient[transactionId=120926, clientId=6391] can't acquire ExclusiveLock{owner=ForsetiClient[transactionId=120925, clientId=6389]} on NODE_RELATIONSHIP_GROUP_DELETE(18546) because holders of that lock are waiting for ForsetiClient[transactionId=120926, clientId=6391].
 Wait list:ExclusiveLock[
Client[120925] waits for [ForsetiClient[transactionId=120926, clientId=6391]]]} {gql_status: 50N05} {gql_status_description: error: general processing exception - deadlock detected. Deadlock detected while trying to acquire locks. See log for more details.})
Transaction failed and will be retried in 0.9641101184514076s ({neo4j_code: Neo.TransientError.Transaction.DeadlockDetected} {message: ForsetiClient[transactionId=120929, clientId=6395] can't acquire ExclusiveLock{owner=ForsetiClient[transactionId=120931, clientId=6393]} on NODE_RELATIONSHIP_GROUP_DELETE(439) because holders of that lock are waiting for ForsetiClient[transactionId=120929, clientId=6395].
 Wait list:ExclusiveLock[
Client[120931] waits for [ForsetiClient[transactionId=120930, clientId=6384],ForsetiClient[transactionId=120929, clientId=6395]]]} {gql_status: 50N05} {gql_status_description: error: general processing exception - deadlock detected. Deadlock detected while trying to acquire locks. See log for more details.})
Transaction failed and will be retried in 3.6119679624031953s ({neo4j_code: Neo.TransientError.Transaction.DeadlockDetected} {message: ForsetiClient[transactionId=120930, clientId=6384] can't acquire ExclusiveLock{owner=ForsetiClient[transactionId=120931, clientId=6393]} on NODE_RELATIONSHIP_GROUP_DELETE(12805) because holders of that lock are waiting for ForsetiClient[transactionId=120930, clientId=6384].
 Wait list:ExclusiveLock[
Client[120931] waits for [ForsetiClient[transactionId=120930, clientId=6384]]]} {gql_status: 50N05} {gql_status_description: error: general processing exception - deadlock detected. Deadlock detected while trying to acquire locks. See log for more details.})
Transaction failed and will be retried in 1.0992666930669475s ({neo4j_code: Neo.TransientError.Transaction.DeadlockDetected} {message: ForsetiClient[transactionId=120933, clientId=6347] can't acquire ExclusiveLock{owner=ForsetiClient[transactionId=120932, clientId=6398]} on NODE_RELATIONSHIP_GROUP_DELETE(7486) because holders of that lock are waiting for ForsetiClient[transactionId=120933, clientId=6347].
 Wait list:ExclusiveLock[
Client[120932] waits for [ForsetiClient[transactionId=120933, clientId=6347]]]} {gql_status: 50N05} {gql_status_description: error: general processing exception - deadlock detected. Deadlock detected while trying to acquire locks. See log for more details.})
Transaction failed and will be retried in 1.901934484024874s ({neo4j_code: Neo.TransientError.Transaction.DeadlockDetected} {message: ForsetiClient[transactionId=120939, clientId=6362] can't acquire ExclusiveLock{owner=ForsetiClient[transactionId=120938, clientId=6390]} on NODE_RELATIONSHIP_GROUP_DELETE(5056) because holders of that lock are waiting for ForsetiClient[transactionId=120939, clientId=6362].
 Wait list:ExclusiveLock[
Client[120938] waits for [ForsetiClient[transactionId=120939, clientId=6362]]]} {gql_status: 50N05} {gql_status_description: error: general processing exception - deadlock detected. Deadlock detected while trying to acquire locks. See log for more details.})
Transaction failed and will be retried in 0.8520613397416706s ({neo4j_code: Neo.TransientError.Transaction.DeadlockDetected} {message: ForsetiClient[transactionId=120941, clientId=6391] can't acquire ExclusiveLock{owner=ForsetiClient[transactionId=120940, clientId=6392]} on NODE_RELATIONSHIP_GROUP_DELETE(652) because holders of that lock are waiting for ForsetiClient[transactionId=120941, clientId=6391].
 Wait list:ExclusiveLock[
Client[120940] waits for [ForsetiClient[transactionId=120941, clientId=6391]]]} {gql_status: 50N05} {gql_status_description: error: general processing exception - deadlock detected. Deadlock detected while trying to acquire locks. See log for more details.})
Transaction failed and will be retried in 2.3057212081415397s ({neo4j_code: Neo.TransientError.Transaction.DeadlockDetected} {message: ForsetiClient[transactionId=120947, clientId=6393] can't acquire ExclusiveLock{owner=ForsetiClient[transactionId=120948, clientId=6347]} on NODE_RELATIONSHIP_GROUP_DELETE(15109) because holders of that lock are waiting for ForsetiClient[transactionId=120947, clientId=6393].
 Wait list:ExclusiveLock[
Client[120948] waits for [ForsetiClient[transactionId=120947, clientId=6393]]]} {gql_status: 50N05} {gql_status_description: error: general processing exception - deadlock detected. Deadlock detected while trying to acquire locks. See log for more details.})
Transaction failed and will be retried in 1.109661449949417s ({neo4j_code: Neo.TransientError.Transaction.DeadlockDetected} {message: ForsetiClient[transactionId=120949, clientId=6398] can't acquire ExclusiveLock{owner=ForsetiClient[transactionId=120948, clientId=6347]} on NODE_RELATIONSHIP_GROUP_DELETE(6540) because holders of that lock are waiting for ForsetiClient[transactionId=120949, clientId=6398].
 Wait list:ExclusiveLock[
Client[120948] waits for [ForsetiClient[transactionId=120949, clientId=6398]]]} {gql_status: 50N05} {gql_status_description: error: general processing exception - deadlock detected. Deadlock detected while trying to acquire locks. See log for more details.})
Transaction failed and will be retried in 1.8160484939391972s ({neo4j_code: Neo.TransientError.Transaction.DeadlockDetected} {message: ForsetiClient[transactionId=120951, clientId=6396] can't acquire ExclusiveLock{owner=ForsetiClient[transactionId=120950, clientId=6397]} on NODE_RELATIONSHIP_GROUP_DELETE(10901) because holders of that lock are waiting for ForsetiClient[transactionId=120951, clientId=6396].
 Wait list:ExclusiveLock[
Client[120950] waits for [ForsetiClient[transactionId=120951, clientId=6396]]]} {gql_status: 50N05} {gql_status_description: error: general processing exception - deadlock detected. Deadlock detected while trying to acquire locks. See log for more details.})
Transaction failed and will be retried in 1.030274479209724s ({neo4j_code: Neo.TransientError.Transaction.DeadlockDetected} {message: ForsetiClient[transactionId=120955, clientId=6390] can't acquire ExclusiveLock{owner=ForsetiClient[transactionId=120954, clientId=6362]} on NODE_RELATIONSHIP_GROUP_DELETE(16072) because holders of that lock are waiting for ForsetiClient[transactionId=120955, clientId=6390].
 Wait list:ExclusiveLock[
Client[120954] waits for [ForsetiClient[transactionId=120955, clientId=6390]]]} {gql_status: 50N05} {gql_status_description: error: general processing exception - deadlock detected. Deadlock detected while trying to acquire locks. See log for more details.})
Transaction failed and will be retried in 1.833083612547379s ({neo4j_code: Neo.TransientError.Transaction.DeadlockDetected} {message: ForsetiClient[transactionId=120956, clientId=6391] can't acquire ExclusiveLock{owner=ForsetiClient[transactionId=120957, clientId=6392]} on NODE_RELATIONSHIP_GROUP_DELETE(15083) because holders of that lock are waiting for ForsetiClient[transactionId=120956, clientId=6391].
 Wait list:ExclusiveLock[
Client[120957] waits for [ForsetiClient[transactionId=120956, clientId=6391]]]} {gql_status: 50N05} {gql_status_description: error: general processing exception - deadlock detected. Deadlock detected while trying to acquire locks. See log for more details.})
Transaction failed and will be retried in 1.1159083058868897s ({neo4j_code: Neo.TransientError.Transaction.DeadlockDetected} {message: ForsetiClient[transactionId=120960, clientId=6374] can't acquire ExclusiveLock{owner=ForsetiClient[transactionId=120959, clientId=6394]} on NODE_RELATIONSHIP_GROUP_DELETE(1077) because holders of that lock are waiting for ForsetiClient[transactionId=120960, clientId=6374].
 Wait list:ExclusiveLock[
Client[120959] waits for [ForsetiClient[transactionId=120960, clientId=6374]]]} {gql_status: 50N05} {gql_status_description: error: general processing exception - deadlock detected. Deadlock detected while trying to acquire locks. See log for more details.})
Transaction failed and will be retried in 2.15093656126212s ({neo4j_code: Neo.TransientError.Transaction.DeadlockDetected} {message: ForsetiClient[transactionId=120968, clientId=6378] can't acquire ExclusiveLock{owner=ForsetiClient[transactionId=120967, clientId=6397]} on NODE_RELATIONSHIP_GROUP_DELETE(14906) because holders of that lock are waiting for ForsetiClient[transactionId=120968, clientId=6378].
 Wait list:ExclusiveLock[
Client[120967] waits for [ForsetiClient[transactionId=120968, clientId=6378]]]} {gql_status: 50N05} {gql_status_description: error: general processing exception - deadlock detected. Deadlock detected while trying to acquire locks. See log for more details.})
Transaction failed and will be retried in 0.9572522672346702s ({neo4j_code: Neo.TransientError.Transaction.DeadlockDetected} {message: ForsetiClient[transactionId=120974, clientId=6389] can't acquire ExclusiveLock{owner=ForsetiClient[transactionId=120972, clientId=6391]} on NODE_RELATIONSHIP_GROUP_DELETE(12874) because holders of that lock are waiting for ForsetiClient[transactionId=120974, clientId=6389].
 Wait list:ExclusiveLock[
Client[120972] waits for [ForsetiClient[transactionId=120974, clientId=6389]]]} {gql_status: 50N05} {gql_status_description: error: general processing exception - deadlock detected. Deadlock detected while trying to acquire locks. See log for more details.})
Transaction failed and will be retried in 1.8151673100703891s ({neo4j_code: Neo.TransientError.Transaction.DeadlockDetected} {message: ForsetiClient[transactionId=120979, clientId=6393] can't acquire ExclusiveLock{owner=ForsetiClient[transactionId=120978, clientId=6384]} on NODE_RELATIONSHIP_GROUP_DELETE(1388) because holders of that lock are waiting for ForsetiClient[transactionId=120979, clientId=6393].
 Wait list:ExclusiveLock[
Client[120978] waits for [ForsetiClient[transactionId=120979, clientId=6393]]]} {gql_status: 50N05} {gql_status_description: error: general processing exception - deadlock detected. Deadlock detected while trying to acquire locks. See log for more details.})
Transaction failed and will be retried in 1.105990918643439s ({neo4j_code: Neo.TransientError.Transaction.DeadlockDetected} {message: ForsetiClient[transactionId=120980, clientId=6398] can't acquire ExclusiveLock{owner=ForsetiClient[transactionId=120978, clientId=6384]} on NODE_RELATIONSHIP_GROUP_DELETE(6671) because holders of that lock are waiting for ForsetiClient[transactionId=120980, clientId=6398].
 Wait list:ExclusiveLock[
Client[120978] waits for [ForsetiClient[transactionId=120980, clientId=6398]]]} {gql_status: 50N05} {gql_status_description: error: general processing exception - deadlock detected. Deadlock detected while trying to acquire locks. See log for more details.})
Transaction failed and will be retried in 7.223862885693183s ({neo4j_code: Neo.TransientError.Transaction.DeadlockDetected} {message: ForsetiClient[transactionId=120983, clientId=6378] can't acquire ExclusiveLock{owner=ForsetiClient[transactionId=120982, clientId=6396]} on NODE_RELATIONSHIP_GROUP_DELETE(6538) because holders of that lock are waiting for ForsetiClient[transactionId=120983, clientId=6378].
 Wait list:ExclusiveLock[
Client[120982] waits for [ForsetiClient[transactionId=120983, clientId=6378]]]} {gql_status: 50N05} {gql_status_description: error: general processing exception - deadlock detected. Deadlock detected while trying to acquire locks. See log for more details.})
Transaction failed and will be retried in 1.1493456723499371s ({neo4j_code: Neo.TransientError.Transaction.DeadlockDetected} {message: ForsetiClient[transactionId=120986, clientId=6390] can't acquire ExclusiveLock{owner=ForsetiClient[transactionId=120985, clientId=6383]} on NODE_RELATIONSHIP_GROUP_DELETE(18990) because holders of that lock are waiting for ForsetiClient[transactionId=120986, clientId=6390].
 Wait list:ExclusiveLock[
Client[120985] waits for [ForsetiClient[transactionId=120986, clientId=6390]]]} {gql_status: 50N05} {gql_status_description: error: general processing exception - deadlock detected. Deadlock detected while trying to acquire locks. See log for more details.})
Transaction failed and will be retried in 3.712005909850295s ({neo4j_code: Neo.TransientError.Transaction.DeadlockDetected} {message: ForsetiClient[transactionId=120990, clientId=6391] can't acquire ExclusiveLock{owner=ForsetiClient[transactionId=120989, clientId=6389]} on NODE_RELATIONSHIP_GROUP_DELETE(18205) because holders of that lock are waiting for ForsetiClient[transactionId=120990, clientId=6391].
 Wait list:ExclusiveLock[
Client[120989] waits for [ForsetiClient[transactionId=120990, clientId=6391]]]} {gql_status: 50N05} {gql_status_description: error: general processing exception - deadlock detected. Deadlock detected while trying to acquire locks. See log for more details.})
Transaction failed and will be retried in 1.0216814147066269s ({neo4j_code: Neo.TransientError.Transaction.DeadlockDetected} {message: ForsetiClient[transactionId=120988, clientId=6392] can't acquire ExclusiveLock{owner=ForsetiClient[transactionId=120989, clientId=6389]} on NODE_RELATIONSHIP_GROUP_DELETE(17981) because holders of that lock are waiting for ForsetiClient[transactionId=120988, clientId=6392].
 Wait list:ExclusiveLock[
Client[120989] waits for [ForsetiClient[transactionId=120988, clientId=6392]]]} {gql_status: 50N05} {gql_status_description: error: general processing exception - deadlock detected. Deadlock detected while trying to acquire locks. See log for more details.})
Transaction failed and will be retried in 1.1392380690892874s ({neo4j_code: Neo.TransientError.Transaction.DeadlockDetected} {message: ForsetiClient[transactionId=120995, clientId=6398] can't acquire ExclusiveLock{owner=ForsetiClient[transactionId=120996, clientId=6384]} on NODE_RELATIONSHIP_GROUP_DELETE(967) because holders of that lock are waiting for ForsetiClient[transactionId=120995, clientId=6398].
 Wait list:ExclusiveLock[
Client[120996] waits for [ForsetiClient[transactionId=120995, clientId=6398]]]} {gql_status: 50N05} {gql_status_description: error: general processing exception - deadlock detected. Deadlock detected while trying to acquire locks. See log for more details.})
Transaction failed and will be retried in 1.1448055114088196s ({neo4j_code: Neo.TransientError.Transaction.DeadlockDetected} {message: ForsetiClient[transactionId=120997, clientId=6347] can't acquire ExclusiveLock{owner=ForsetiClient[transactionId=120996, clientId=6384]} on NODE_RELATIONSHIP_GROUP_DELETE(2758) because holders of that lock are waiting for ForsetiClient[transactionId=120997, clientId=6347].
 Wait list:ExclusiveLock[
Client[120996] waits for [ForsetiClient[transactionId=120997, clientId=6347]]]} {gql_status: 50N05} {gql_status_description: error: general processing exception - deadlock detected. Deadlock detected while trying to acquire locks. See log for more details.})
Transaction failed and will be retried in 14.01185254930584s ({neo4j_code: Neo.TransientError.Transaction.DeadlockDetected} {message: ForsetiClient[transactionId=120999, clientId=6378] can't acquire ExclusiveLock{owner=ForsetiClient[transactionId=120998, clientId=6397]} on NODE_RELATIONSHIP_GROUP_DELETE(15722) because holders of that lock are waiting for ForsetiClient[transactionId=120999, clientId=6378].
 Wait list:ExclusiveLock[
Client[120998] waits for [ForsetiClient[transactionId=120999, clientId=6378]]]} {gql_status: 50N05} {gql_status_description: error: general processing exception - deadlock detected. Deadlock detected while trying to acquire locks. See log for more details.})
Transaction failed and will be retried in 0.9173748637071812s ({neo4j_code: Neo.TransientError.Transaction.DeadlockDetected} {message: ForsetiClient[transactionId=121002, clientId=6383] can't acquire ExclusiveLock{owner=ForsetiClient[transactionId=121003, clientId=6362]} on NODE_RELATIONSHIP_GROUP_DELETE(4403) because holders of that lock are waiting for ForsetiClient[transactionId=121002, clientId=6383].
 Wait list:ExclusiveLock[
Client[121003] waits for [ForsetiClient[transactionId=121002, clientId=6383]]]} {gql_status: 50N05} {gql_status_description: error: general processing exception - deadlock detected. Deadlock detected while trying to acquire locks. See log for more details.})
Transaction failed and will be retried in 3.3501315555979856s ({neo4j_code: Neo.TransientError.Transaction.DeadlockDetected} {message: ForsetiClient[transactionId=121009, clientId=6395] can't acquire ExclusiveLock{owner=ForsetiClient[transactionId=121008, clientId=6394]} on NODE_RELATIONSHIP_GROUP_DELETE(6129) because holders of that lock are waiting for ForsetiClient[transactionId=121009, clientId=6395].
 Wait list:ExclusiveLock[
Client[121008] waits for [ForsetiClient[transactionId=121009, clientId=6395]]]} {gql_status: 50N05} {gql_status_description: error: general processing exception - deadlock detected. Deadlock detected while trying to acquire locks. See log for more details.})
Transaction failed and will be retried in 0.985924513409444s ({neo4j_code: Neo.TransientError.Transaction.DeadlockDetected} {message: ForsetiClient[transactionId=121010, clientId=6393] can't acquire ExclusiveLock{owner=ForsetiClient[transactionId=121012, clientId=6347]} on NODE_RELATIONSHIP_GROUP_DELETE(4086) because holders of that lock are waiting for ForsetiClient[transactionId=121010, clientId=6393].
 Wait list:ExclusiveLock[
Client[121012] waits for [ForsetiClient[transactionId=121010, clientId=6393]]]} {gql_status: 50N05} {gql_status_description: error: general processing exception - deadlock detected. Deadlock detected while trying to acquire locks. See log for more details.})
Transaction failed and will be retried in 2.203969947355713s ({neo4j_code: Neo.TransientError.Transaction.DeadlockDetected} {message: ForsetiClient[transactionId=121011, clientId=6398] can't acquire ExclusiveLock{owner=ForsetiClient[transactionId=121012, clientId=6347]} on NODE_RELATIONSHIP_GROUP_DELETE(4850) because holders of that lock are waiting for ForsetiClient[transactionId=121011, clientId=6398].
 Wait list:ExclusiveLock[
Client[121012] waits for [ForsetiClient[transactionId=121011, clientId=6398]]]} {gql_status: 50N05} {gql_status_description: error: general processing exception - deadlock detected. Deadlock detected while trying to acquire locks. See log for more details.})
Transaction failed and will be retried in 1.1468096859002628s ({neo4j_code: Neo.TransientError.Transaction.DeadlockDetected} {message: ForsetiClient[transactionId=121016, clientId=6396] can't acquire ExclusiveLock{owner=ForsetiClient[transactionId=121015, clientId=6397]} on NODE_RELATIONSHIP_GROUP_DELETE(17662) because holders of that lock are waiting for ForsetiClient[transactionId=121016, clientId=6396].
 Wait list:ExclusiveLock[
Client[121015] waits for [ForsetiClient[transactionId=121016, clientId=6396]]]} {gql_status: 50N05} {gql_status_description: error: general processing exception - deadlock detected. Deadlock detected while trying to acquire locks. See log for more details.})
Transaction failed and will be retried in 0.9653136845915904s ({neo4j_code: Neo.TransientError.Transaction.DeadlockDetected} {message: ForsetiClient[transactionId=121020, clientId=6391] can't acquire ExclusiveLock{owner=ForsetiClient[transactionId=121019, clientId=6362]} on NODE_RELATIONSHIP_GROUP_DELETE(4178) because holders of that lock are waiting for ForsetiClient[transactionId=121020, clientId=6391].
 Wait list:ExclusiveLock[
Client[121019] waits for [ForsetiClient[transactionId=121020, clientId=6391],ForsetiClient[transactionId=121021, clientId=6392]]]} {gql_status: 50N05} {gql_status_description: error: general processing exception - deadlock detected. Deadlock detected while trying to acquire locks. See log for more details.})
Transaction failed and will be retried in 1.831956317766201s ({neo4j_code: Neo.TransientError.Transaction.DeadlockDetected} {message: ForsetiClient[transactionId=121021, clientId=6392] can't acquire ExclusiveLock{owner=ForsetiClient[transactionId=121019, clientId=6362]} on NODE_RELATIONSHIP_GROUP_DELETE(13068) because holders of that lock are waiting for ForsetiClient[transactionId=121021, clientId=6392].
 Wait list:ExclusiveLock[
Client[121019] waits for [ForsetiClient[transactionId=121021, clientId=6392]]]} {gql_status: 50N05} {gql_status_description: error: general processing exception - deadlock detected. Deadlock detected while trying to acquire locks. See log for more details.})
Transaction failed and will be retried in 1.9773155996472158s ({neo4j_code: Neo.TransientError.Transaction.DeadlockDetected} {message: ForsetiClient[transactionId=121023, clientId=6374] can't acquire UpdateLock{owners=ForsetiClient[transactionId=121022, clientId=6389], ForsetiClient[transactionId=121023, clientId=6374], refCount=2} on NODE_RELATIONSHIP_GROUP_DELETE(19988) because holders of that lock are waiting for ForsetiClient[transactionId=121023, clientId=6374].
 Wait list:SharedLock[
Client[121022] waits for [ForsetiClient[transactionId=121023, clientId=6374]], 
Client[121023] waits for [ForsetiClient[transactionId=121022, clientId=6389]]]} {gql_status: 50N05} {gql_status_description: error: general processing exception - deadlock detected. Deadlock detected while trying to acquire locks. See log for more details.})
Transaction failed and will be retried in 18.96037747511232s ({neo4j_code: Neo.TransientError.Transaction.DeadlockDetected} {message: ForsetiClient[transactionId=121025, clientId=6394] can't acquire UpdateLock{owners=ForsetiClient[transactionId=121026, clientId=6393], ForsetiClient[transactionId=121025, clientId=6394], refCount=2} on NODE_RELATIONSHIP_GROUP_DELETE(15922) because holders of that lock are waiting for ForsetiClient[transactionId=121025, clientId=6394].
 Wait list:SharedLock[
Client[121026] waits for [ForsetiClient[transactionId=121025, clientId=6394],ForsetiClient[transactionId=-1, clientId=6395]], 
Client[121025] waits for [ForsetiClient[transactionId=121026, clientId=6393],ForsetiClient[transactionId=-1, clientId=6395]]]} {gql_status: 50N05} {gql_status_description: error: general processing exception - deadlock detected. Deadlock detected while trying to acquire locks. See log for more details.})
Transaction failed and will be retried in 1.9812064499195468s ({neo4j_code: Neo.TransientError.Transaction.DeadlockDetected} {message: ForsetiClient[transactionId=121027, clientId=6398] can't acquire UpdateLock{owners=ForsetiClient[transactionId=121028, clientId=6347], ForsetiClient[transactionId=121027, clientId=6398], refCount=2} on NODE_RELATIONSHIP_GROUP_DELETE(15790) because holders of that lock are waiting for ForsetiClient[transactionId=121027, clientId=6398].
 Wait list:SharedLock[
Client[121028] waits for [ForsetiClient[transactionId=121027, clientId=6398]], 
Client[121027] waits for [ForsetiClient[transactionId=121028, clientId=6347]]]} {gql_status: 50N05} {gql_status_description: error: general processing exception - deadlock detected. Deadlock detected while trying to acquire locks. See log for more details.})
Transaction failed and will be retried in 15.667727346225107s ({neo4j_code: Neo.TransientError.Transaction.DeadlockDetected} {message: ForsetiClient[transactionId=121032, clientId=6397] can't acquire ExclusiveLock{owner=ForsetiClient[transactionId=121030, clientId=6378]} on NODE_RELATIONSHIP_GROUP_DELETE(15247) because holders of that lock are waiting for ForsetiClient[transactionId=121032, clientId=6397].
 Wait list:ExclusiveLock[
Client[121030] waits for [ForsetiClient[transactionId=121032, clientId=6397]]]} {gql_status: 50N05} {gql_status_description: error: general processing exception - deadlock detected. Deadlock detected while trying to acquire locks. See log for more details.})
Transaction failed and will be retried in 2.0473024246831715s ({neo4j_code: Neo.TransientError.Transaction.DeadlockDetected} {message: ForsetiClient[transactionId=121031, clientId=6396] can't acquire ExclusiveLock{owner=ForsetiClient[transactionId=121030, clientId=6378]} on NODE_RELATIONSHIP_GROUP_DELETE(5969) because holders of that lock are waiting for ForsetiClient[transactionId=121031, clientId=6396].
 Wait list:ExclusiveLock[
Client[121030] waits for [ForsetiClient[transactionId=121031, clientId=6396]]]} {gql_status: 50N05} {gql_status_description: error: general processing exception - deadlock detected. Deadlock detected while trying to acquire locks. See log for more details.})
Transaction failed and will be retried in 1.0373596355340942s ({neo4j_code: Neo.TransientError.Transaction.DeadlockDetected} {message: ForsetiClient[transactionId=121033, clientId=6390] can't acquire ExclusiveLock{owner=ForsetiClient[transactionId=121030, clientId=6378]} on NODE_RELATIONSHIP_GROUP_DELETE(7798) because holders of that lock are waiting for ForsetiClient[transactionId=121033, clientId=6390].
 Wait list:ExclusiveLock[
Client[121030] waits for [ForsetiClient[transactionId=121033, clientId=6390]]]} {gql_status: 50N05} {gql_status_description: error: general processing exception - deadlock detected. Deadlock detected while trying to acquire locks. See log for more details.})
Transaction failed and will be retried in 4.722100140346467s ({neo4j_code: Neo.TransientError.Transaction.DeadlockDetected} {message: ForsetiClient[transactionId=121040, clientId=6395] can't acquire UpdateLock{owners=ForsetiClient[transactionId=121039, clientId=6389], ForsetiClient[transactionId=121040, clientId=6395], refCount=2} on NODE_RELATIONSHIP_GROUP_DELETE(1276) because holders of that lock are waiting for ForsetiClient[transactionId=121040, clientId=6395].
 Wait list:SharedLock[
Client[121039] waits for [ForsetiClient[transactionId=121040, clientId=6395]], 
Client[121040] waits for [ForsetiClient[transactionId=121039, clientId=6389]]]} {gql_status: 50N05} {gql_status_description: error: general processing exception - deadlock detected. Deadlock detected while trying to acquire locks. See log for more details.})
Transaction failed and will be retried in 8.285507734178276s ({neo4j_code: Neo.TransientError.Transaction.DeadlockDetected} {message: ForsetiClient[transactionId=121042, clientId=6393] can't acquire UpdateLock{owners=ForsetiClient[transactionId=121042, clientId=6393], ForsetiClient[transactionId=121046, clientId=6397], refCount=2} on NODE_RELATIONSHIP_GROUP_DELETE(5979) because holders of that lock are waiting for ForsetiClient[transactionId=121042, clientId=6393].
 Wait list:SharedLock[
Client[121042] waits for [ForsetiClient[transactionId=121046, clientId=6397]], 
Client[121046] waits for [ForsetiClient[transactionId=121042, clientId=6393]]]} {gql_status: 50N05} {gql_status_description: error: general processing exception - deadlock detected. Deadlock detected while trying to acquire locks. See log for more details.})
Transaction failed and will be retried in 18.694271059803473s ({neo4j_code: Neo.TransientError.Transaction.DeadlockDetected} {message: ForsetiClient[transactionId=121045, clientId=6347] can't acquire UpdateLock{owners=ForsetiClient[transactionId=121044, clientId=6384], ForsetiClient[transactionId=121045, clientId=6347], refCount=2} on NODE_RELATIONSHIP_GROUP_DELETE(13782) because holders of that lock are waiting for ForsetiClient[transactionId=121045, clientId=6347].
 Wait list:SharedLock[
Client[121044] waits for [ForsetiClient[transactionId=-1, clientId=6393],ForsetiClient[transactionId=121045, clientId=6347]], 
Client[121045] waits for [ForsetiClient[transactionId=121044, clientId=6384],ForsetiClient[transactionId=-1, clientId=6393]]]} {gql_status: 50N05} {gql_status_description: error: general processing exception - deadlock detected. Deadlock detected while trying to acquire locks. See log for more details.})
Transaction failed and will be retried in 3.4001062968314617s ({neo4j_code: Neo.TransientError.Transaction.DeadlockDetected} {message: ForsetiClient[transactionId=121043, clientId=6398] can't acquire UpdateLock{owners=ForsetiClient[transactionId=121044, clientId=6384], ForsetiClient[transactionId=121043, clientId=6398], refCount=2} on NODE_RELATIONSHIP_GROUP_DELETE(8715) because holders of that lock are waiting for ForsetiClient[transactionId=121043, clientId=6398].
 Wait list:SharedLock[
Client[121044] waits for [ForsetiClient[transactionId=121043, clientId=6398]], 
Client[121043] waits for [ForsetiClient[transactionId=121044, clientId=6384]]]} {gql_status: 50N05} {gql_status_description: error: general processing exception - deadlock detected. Deadlock detected while trying to acquire locks. See log for more details.})
Transaction failed and will be retried in 3.277410968170752s ({neo4j_code: Neo.TransientError.Transaction.DeadlockDetected} {message: ForsetiClient[transactionId=121052, clientId=6392] can't acquire UpdateLock{owners=ForsetiClient[transactionId=121052, clientId=6392], ForsetiClient[transactionId=121055, clientId=6395], refCount=2} on NODE_RELATIONSHIP_GROUP_DELETE(18306) because holders of that lock are waiting for ForsetiClient[transactionId=121052, clientId=6392].
 Wait list:SharedLock[
Client[121052] waits for [ForsetiClient[transactionId=121055, clientId=6395]], 
Client[121055] waits for [ForsetiClient[transactionId=121052, clientId=6392]]]} {gql_status: 50N05} {gql_status_description: error: general processing exception - deadlock detected. Deadlock detected while trying to acquire locks. See log for more details.})
  primary      workers= 16 docs/s=   11,733 batch p50=  212.5 ms p95= 8061.6 ms 
errors=0 | busiest: 
Transaction failed and will be retried in 0.8402169246288581s ({neo4j_code: Neo.TransientError.Transaction.DeadlockDetected} {message: ForsetiClient[transactionId=121092, clientId=6398] can't acquire ExclusiveLock{owner=ForsetiClient[transactionId=121097, clientId=6378]} on NODE_RELATIONSHIP_GROUP_DELETE(2686) because holders of that lock are waiting for ForsetiClient[transactionId=121092, clientId=6398].
 Wait list:ExclusiveLock[
Client[121097] waits for [ForsetiClient[transactionId=121092, clientId=6398]]]} {gql_status: 50N05} {gql_status_description: error: general processing exception - deadlock detected. Deadlock detected while trying to acquire locks. See log for more details.})
Transaction failed and will be retried in 0.9660075700827675s ({neo4j_code: Neo.TransientError.Transaction.DeadlockDetected} {message: ForsetiClient[transactionId=121093, clientId=6397] can't acquire ExclusiveLock{owner=ForsetiClient[transactionId=121097, clientId=6378]} on NODE_RELATIONSHIP_GROUP_DELETE(4383) because holders of that lock are waiting for ForsetiClient[transactionId=121093, clientId=6397].
 Wait list:ExclusiveLock[
Client[121097] waits for [ForsetiClient[transactionId=121101, clientId=6392],ForsetiClient[transactionId=121093, clientId=6397]]]} {gql_status: 50N05} {gql_status_description: error: general processing exception - deadlock detected. Deadlock detected while trying to acquire locks. See log for more details.})
Transaction failed and will be retried in 0.9208937185257763s ({neo4j_code: Neo.TransientError.Transaction.DeadlockDetected} {message: ForsetiClient[transactionId=121095, clientId=6396] can't acquire ExclusiveLock{owner=ForsetiClient[transactionId=121097, clientId=6378]} on NODE_RELATIONSHIP_GROUP_DELETE(6106) because holders of that lock are waiting for ForsetiClient[transactionId=121095, clientId=6396].
 Wait list:ExclusiveLock[
Client[121097] waits for [ForsetiClient[transactionId=121101, clientId=6392],ForsetiClient[transactionId=121095, clientId=6396],ForsetiClient[transactionId=-1, clientId=6397]]]} {gql_status: 50N05} {gql_status_description: error: general processing exception - deadlock detected. Deadlock detected while trying to acquire locks. See log for more details.})
Transaction failed and will be retried in 0.8730848487192164s ({neo4j_code: Neo.TransientError.Transaction.DeadlockDetected} {message: ForsetiClient[transactionId=121101, clientId=6392] can't acquire ExclusiveLock{owner=ForsetiClient[transactionId=121097, clientId=6378]} on NODE_RELATIONSHIP_GROUP_DELETE(4401) because holders of that lock are waiting for ForsetiClient[transactionId=121101, clientId=6392].
 Wait list:ExclusiveLock[
Client[121097] waits for [ForsetiClient[transactionId=121101, clientId=6392]]]} {gql_status: 50N05} {gql_status_description: error: general processing exception - deadlock detected. Deadlock detected while trying to acquire locks. See log for more details.})
Transaction failed and will be retried in 0.9309801299007732s ({neo4j_code: Neo.TransientError.Transaction.DeadlockDetected} {message: ForsetiClient[transactionId=121089, clientId=6394] can't acquire ExclusiveLock{owner=ForsetiClient[transactionId=121097, clientId=6378]} on NODE_RELATIONSHIP_GROUP_DELETE(10955) because holders of that lock are waiting for ForsetiClient[transactionId=121089, clientId=6394].
 Wait list:ExclusiveLock[
Client[121097] waits for [ForsetiClient[transactionId=121101, clientId=6392],ForsetiClient[transactionId=121089, clientId=6394]]]} {gql_status: 50N05} {gql_status_description: error: general processing exception - deadlock detected. Deadlock detected while trying to acquire locks. See log for more details.})
Transaction failed and will be retried in 1.1111877408576594s ({neo4j_code: Neo.TransientError.Transaction.DeadlockDetected} {message: ForsetiClient[transactionId=121096, clientId=6390] can't acquire ExclusiveLock{owner=ForsetiClient[transactionId=121094, clientId=6384]} on NODE_RELATIONSHIP_GROUP_DELETE(15441) because holders of that lock are waiting for ForsetiClient[transactionId=121096, clientId=6390].
 Wait list:ExclusiveLock[
Client[121094] waits for [ForsetiClient[transactionId=121096, clientId=6390],ForsetiClient[transactionId=121097, clientId=6378]]]} {gql_status: 50N05} {gql_status_description: error: general processing exception - deadlock detected. Deadlock detected while trying to acquire locks. See log for more details.})
Transaction failed and will be retried in 0.8024248265209724s ({neo4j_code: Neo.TransientError.Transaction.DeadlockDetected} {message: ForsetiClient[transactionId=121094, clientId=6384] can't acquire ExclusiveLock{owner=ForsetiClient[transactionId=121097, clientId=6378]} on NODE_RELATIONSHIP_GROUP_DELETE(15600) because holders of that lock are waiting for ForsetiClient[transactionId=121094, clientId=6384].
 Wait list:ExclusiveLock[
Client[121097] waits for [ForsetiClient[transactionId=121094, clientId=6384]]]} {gql_status: 50N05} {gql_status_description: error: general processing exception - deadlock detected. Deadlock detected while trying to acquire locks. See log for more details.})
Transaction failed and will be retried in 0.8158149686984248s ({neo4j_code: Neo.TransientError.Transaction.DeadlockDetected} {message: ForsetiClient[transactionId=121106, clientId=6400] can't acquire ExclusiveLock{owner=ForsetiClient[transactionId=121097, clientId=6378]} on NODE_RELATIONSHIP_GROUP_DELETE(7681) because holders of that lock are waiting for ForsetiClient[transactionId=121106, clientId=6400].
 Wait list:ExclusiveLock[
Client[121097] waits for [ForsetiClient[transactionId=121106, clientId=6400]]]} {gql_status: 50N05} {gql_status_description: error: general processing exception - deadlock detected. Deadlock detected while trying to acquire locks. See log for more details.})
Transaction failed and will be retried in 0.8189338490653172s ({neo4j_code: Neo.TransientError.Transaction.DeadlockDetected} {message: ForsetiClient[transactionId=121100, clientId=6374] can't acquire ExclusiveLock{owner=ForsetiClient[transactionId=121097, clientId=6378]} on NODE_RELATIONSHIP_GROUP_DELETE(9268) because holders of that lock are waiting for ForsetiClient[transactionId=121100, clientId=6374].
 Wait list:ExclusiveLock[
Client[121097] waits for [ForsetiClient[transactionId=121100, clientId=6374]]]} {gql_status: 50N05} {gql_status_description: error: general processing exception - deadlock detected. Deadlock detected while trying to acquire locks. See log for more details.})
Transaction failed and will be retried in 1.006415400315959s ({neo4j_code: Neo.TransientError.Transaction.DeadlockDetected} {message: ForsetiClient[transactionId=121111, clientId=6405] can't acquire ExclusiveLock{owner=ForsetiClient[transactionId=121097, clientId=6378]} on NODE_RELATIONSHIP_GROUP_DELETE(9311) because holders of that lock are waiting for ForsetiClient[transactionId=121111, clientId=6405].
 Wait list:ExclusiveLock[
Client[121097] waits for [ForsetiClient[transactionId=121111, clientId=6405],ForsetiClient[transactionId=-1, clientId=6374]]]} {gql_status: 50N05} {gql_status_description: error: general processing exception - deadlock detected. Deadlock detected while trying to acquire locks. See log for more details.})
Transaction failed and will be retried in 1.1610998826457892s ({neo4j_code: Neo.TransientError.Transaction.DeadlockDetected} {message: ForsetiClient[transactionId=121119, clientId=6413] can't acquire ExclusiveLock{owner=ForsetiClient[transactionId=121110, clientId=6404]} on NODE_RELATIONSHIP_GROUP_DELETE(4304) because holders of that lock are waiting for ForsetiClient[transactionId=121119, clientId=6413].
 Wait list:ExclusiveLock[
Client[121110] waits for [ForsetiClient[transactionId=121115, clientId=6409],ForsetiClient[transactionId=121119, clientId=6413]]]} {gql_status: 50N05} {gql_status_description: error: general processing exception - deadlock detected. Deadlock detected while trying to acquire locks. See log for more details.})
Transaction failed and will be retried in 1.0560107043484044s ({neo4j_code: Neo.TransientError.Transaction.DeadlockDetected} {message: ForsetiClient[transactionId=121098, clientId=6383] can't acquire ExclusiveLock{owner=ForsetiClient[transactionId=121110, clientId=6404]} on NODE_RELATIONSHIP_GROUP_DELETE(19545) because holders of that lock are waiting for ForsetiClient[transactionId=121098, clientId=6383].
 Wait list:ExclusiveLock[
Client[121110] waits for [ForsetiClient[transactionId=121115, clientId=6409],ForsetiClient[transactionId=121098, clientId=6383]]]} {gql_status: 50N05} {gql_status_description: error: general processing exception - deadlock detected. Deadlock detected while trying to acquire locks. See log for more details.})
Transaction failed and will be retried in 0.9574678726852421s ({neo4j_code: Neo.TransientError.Transaction.DeadlockDetected} {message: ForsetiClient[transactionId=121104, clientId=6389] can't acquire ExclusiveLock{owner=ForsetiClient[transactionId=121110, clientId=6404]} on NODE_RELATIONSHIP_GROUP_DELETE(2579) because holders of that lock are waiting for ForsetiClient[transactionId=121104, clientId=6389].
 Wait list:ExclusiveLock[
Client[121110] waits for [ForsetiClient[transactionId=121107, clientId=6401],ForsetiClient[transactionId=121104, clientId=6389],ForsetiClient[transactionId=121112, clientId=6406],ForsetiClient[transactionId=121115, clientId=6409],ForsetiClient[transactionId=121116, clientId=6410],ForsetiClient[transactionId=121103, clientId=6395]]]} {gql_status: 50N05} {gql_status_description: error: general processing exception - deadlock detected. Deadlock detected while trying to acquire locks. See log for more details.})
Transaction failed and will be retried in 1.100898665837578s ({neo4j_code: Neo.TransientError.Transaction.DeadlockDetected} {message: ForsetiClient[transactionId=121116, clientId=6410] can't acquire ExclusiveLock{owner=ForsetiClient[transactionId=121103, clientId=6395]} on NODE_RELATIONSHIP_GROUP_DELETE(9118) because holders of that lock are waiting for ForsetiClient[transactionId=121116, clientId=6410].
 Wait list:ExclusiveLock[
Client[121103] waits for [ForsetiClient[transactionId=121107, clientId=6401],ForsetiClient[transactionId=-1, clientId=6389],ForsetiClient[transactionId=121116, clientId=6410]]]} {gql_status: 50N05} {gql_status_description: error: general processing exception - deadlock detected. Deadlock detected while trying to acquire locks. See log for more details.})
Transaction failed and will be retried in 0.9585077336357788s ({neo4j_code: Neo.TransientError.Transaction.DeadlockDetected} {message: ForsetiClient[transactionId=121103, clientId=6395] can't acquire ExclusiveLock{owner=ForsetiClient[transactionId=121107, clientId=6401]} on NODE_RELATIONSHIP_GROUP_DELETE(3061) because holders of that lock are waiting for ForsetiClient[transactionId=121103, clientId=6395].
 Wait list:ExclusiveLock[
Client[121107] waits for [ForsetiClient[transactionId=-1, clientId=6389],ForsetiClient[transactionId=121112, clientId=6406],ForsetiClient[transactionId=121115, clientId=6409],ForsetiClient[transactionId=-1, clientId=6410],ForsetiClient[transactionId=121103, clientId=6395]]]} {gql_status: 50N05} {gql_status_description: error: general processing exception - deadlock detected. Deadlock detected while trying to acquire locks. See log for more details.})
Transaction failed and will be retried in 0.9933227127093794s ({neo4j_code: Neo.TransientError.Transaction.DeadlockDetected} {message: ForsetiClient[transactionId=121112, clientId=6406] can't acquire ExclusiveLock{owner=ForsetiClient[transactionId=121115, clientId=6409]} on NODE_RELATIONSHIP_GROUP_DELETE(9876) because holders of that lock are waiting for ForsetiClient[transactionId=121112, clientId=6406].
 Wait list:ExclusiveLock[
Client[121115] waits for [ForsetiClient[transactionId=121112, clientId=6406],ForsetiClient[transactionId=-1, clientId=6395]]]} {gql_status: 50N05} {gql_status_description: error: general processing exception - deadlock detected. Deadlock detected while trying to acquire locks. See log for more details.})
Transaction failed and will be retried in 0.8743336596288614s ({neo4j_code: Neo.TransientError.Transaction.DeadlockDetected} {message: ForsetiClient[transactionId=121115, clientId=6409] can't acquire ExclusiveLock{owner=ForsetiClient[transactionId=121110, clientId=6404]} on NODE_RELATIONSHIP_GROUP_DELETE(2937) because holders of that lock are waiting for ForsetiClient[transactionId=121115, clientId=6409].
 Wait list:ExclusiveLock[
Client[121110] waits for [ForsetiClient[transactionId=121115, clientId=6409]]]} {gql_status: 50N05} {gql_status_description: error: general processing exception - deadlock detected. Deadlock detected while trying to acquire locks. See log for more details.})
Transaction failed and will be retried in 1.0054411586513212s ({neo4j_code: Neo.TransientError.Transaction.DeadlockDetected} {message: ForsetiClient[transactionId=121102, clientId=6362] can't acquire ExclusiveLock{owner=ForsetiClient[transactionId=121110, clientId=6404]} on NODE_RELATIONSHIP_GROUP_DELETE(12876) because holders of that lock are waiting for ForsetiClient[transactionId=121102, clientId=6362].
 Wait list:ExclusiveLock[
Client[121110] waits for [ForsetiClient[transactionId=121107, clientId=6401],ForsetiClient[transactionId=121108, clientId=6402],ForsetiClient[transactionId=121099, clientId=6391],ForsetiClient[transactionId=121102, clientId=6362],ForsetiClient[transactionId=121118, clientId=6412]]]} {gql_status: 50N05} {gql_status_description: error: general processing exception - deadlock detected. Deadlock detected while trying to acquire locks. See log for more details.})
Transaction failed and will be retried in 0.8722043516855977s ({neo4j_code: Neo.TransientError.Transaction.DeadlockDetected} {message: ForsetiClient[transactionId=121118, clientId=6412] can't acquire ExclusiveLock{owner=ForsetiClient[transactionId=121107, clientId=6401]} on NODE_RELATIONSHIP_GROUP_DELETE(7349) because holders of that lock are waiting for ForsetiClient[transactionId=121118, clientId=6412].
 Wait list:ExclusiveLock[
Client[121107] waits for [ForsetiClient[transactionId=121108, clientId=6402],ForsetiClient[transactionId=121110, clientId=6404],ForsetiClient[transactionId=121099, clientId=6391],ForsetiClient[transactionId=-1, clientId=6362],ForsetiClient[transactionId=121118, clientId=6412]]]} {gql_status: 50N05} {gql_status_description: error: general processing exception - deadlock detected. Deadlock detected while trying to acquire locks. See log for more details.})
Transaction failed and will be retried in 1.103847985555365s ({neo4j_code: Neo.TransientError.Transaction.DeadlockDetected} {message: ForsetiClient[transactionId=121099, clientId=6391] can't acquire ExclusiveLock{owner=ForsetiClient[transactionId=121110, clientId=6404]} on NODE_RELATIONSHIP_GROUP_DELETE(19684) because holders of that lock are waiting for ForsetiClient[transactionId=121099, clientId=6391].
 Wait list:ExclusiveLock[
Client[121110] waits for [ForsetiClient[transactionId=121108, clientId=6402],ForsetiClient[transactionId=121099, clientId=6391],ForsetiClient[transactionId=-1, clientId=6412]]]} {gql_status: 50N05} {gql_status_description: error: general processing exception - deadlock detected. Deadlock detected while trying to acquire locks. See log for more details.})
Transaction failed and will be retried in 0.8332928585201302s ({neo4j_code: Neo.TransientError.Transaction.DeadlockDetected} {message: ForsetiClient[transactionId=121107, clientId=6401] can't acquire ExclusiveLock{owner=ForsetiClient[transactionId=121110, clientId=6404]} on NODE_RELATIONSHIP_GROUP_DELETE(16201) because holders of that lock are waiting for ForsetiClient[transactionId=121107, clientId=6401].
 Wait list:ExclusiveLock[
Client[121110] waits for [ForsetiClient[transactionId=121107, clientId=6401],ForsetiClient[transactionId=121108, clientId=6402],ForsetiClient[transactionId=121113, clientId=6407],ForsetiClient[transactionId=121090, clientId=6393]]]} {gql_status: 50N05} {gql_status_description: error: general processing exception - deadlock detected. Deadlock detected while trying to acquire locks. See log for more details.})
Transaction failed and will be retried in 0.8178353948937793s ({neo4j_code: Neo.TransientError.Transaction.DeadlockDetected} {message: ForsetiClient[transactionId=121113, clientId=6407] can't acquire ExclusiveLock{owner=ForsetiClient[transactionId=121110, clientId=6404]} on NODE_RELATIONSHIP_GROUP_DELETE(528) because holders of that lock are waiting for ForsetiClient[transactionId=121113, clientId=6407].
 Wait list:ExclusiveLock[
Client[121110] waits for [ForsetiClient[transactionId=-1, clientId=6401],ForsetiClient[transactionId=121108, clientId=6402],ForsetiClient[transactionId=121113, clientId=6407],ForsetiClient[transactionId=121090, clientId=6393]]]} {gql_status: 50N05} {gql_status_description: error: general processing exception - deadlock detected. Deadlock detected while trying to acquire locks. See log for more details.})
Transaction failed and will be retried in 1.0533213472528504s ({neo4j_code: Neo.TransientError.Transaction.DeadlockDetected} {message: ForsetiClient[transactionId=121090, clientId=6393] can't acquire ExclusiveLock{owner=ForsetiClient[transactionId=121110, clientId=6404]} on NODE_RELATIONSHIP_GROUP_DELETE(5983) because holders of that lock are waiting for ForsetiClient[transactionId=121090, clientId=6393].
 Wait list:ExclusiveLock[
Client[121110] waits for [ForsetiClient[transactionId=121108, clientId=6402],ForsetiClient[transactionId=121090, clientId=6393]]]} {gql_status: 50N05} {gql_status_description: error: general processing exception - deadlock detected. Deadlock detected while trying to acquire locks. See log for more details.})
Transaction failed and will be retried in 1.022741707874511s ({neo4j_code: Neo.TransientError.Transaction.DeadlockDetected} {message: ForsetiClient[transactionId=121108, clientId=6402] can't acquire ExclusiveLock{owner=ForsetiClient[transactionId=121090, clientId=6393]} on NODE_RELATIONSHIP_GROUP_DELETE(17041) because holders of that lock are waiting for ForsetiClient[transactionId=121108, clientId=6402].
 Wait list:ExclusiveLock[
Client[121090] waits for [ForsetiClient[transactionId=121108, clientId=6402],ForsetiClient[transactionId=121110, clientId=6404]]]} {gql_status: 50N05} {gql_status_description: error: general processing exception - deadlock detected. Deadlock detected while trying to acquire locks. See log for more details.})
Transaction failed and will be retried in 1.078160889402978s ({neo4j_code: Neo.TransientError.Transaction.DeadlockDetected} {message: ForsetiClient[transactionId=121114, clientId=6408] can't acquire ExclusiveLock{owner=ForsetiClient[transactionId=121110, clientId=6404]} on NODE_RELATIONSHIP_GROUP_DELETE(0) because holders of that lock are waiting for ForsetiClient[transactionId=121114, clientId=6408].
 Wait list:ExclusiveLock[
Client[121110] waits for [ForsetiClient[transactionId=121114, clientId=6408]]]} {gql_status: 50N05} {gql_status_description: error: general processing exception - deadlock detected. Deadlock detected while trying to acquire locks. See log for more details.})
Transaction failed and will be retried in 1.0202665323926174s ({neo4j_code: Neo.TransientError.Transaction.DeadlockDetected} {message: ForsetiClient[transactionId=121091, clientId=6347] can't acquire ExclusiveLock{owner=ForsetiClient[transactionId=121117, clientId=6411]} on NODE_RELATIONSHIP_GROUP_DELETE(14540) because holders of that lock are waiting for ForsetiClient[transactionId=121091, clientId=6347].
 Wait list:ExclusiveLock[
Client[121117] waits for [ForsetiClient[transactionId=121091, clientId=6347]]]} {gql_status: 50N05} {gql_status_description: error: general processing exception - deadlock detected. Deadlock detected while trying to acquire locks. See log for more details.})
Transaction failed and will be retried in 0.899471654140612s ({neo4j_code: Neo.TransientError.Transaction.DeadlockDetected} {message: ForsetiClient[transactionId=121117, clientId=6411] can't acquire ExclusiveLock{owner=ForsetiClient[transactionId=121110, clientId=6404]} on NODE_RELATIONSHIP_GROUP_DELETE(11806) because holders of that lock are waiting for ForsetiClient[transactionId=121117, clientId=6411].
 Wait list:ExclusiveLock[
Client[121110] waits for [ForsetiClient[transactionId=121117, clientId=6411],ForsetiClient[transactionId=121105, clientId=6399]]]} {gql_status: 50N05} {gql_status_description: error: general processing exception - deadlock detected. Deadlock detected while trying to acquire locks. See log for more details.})
Transaction failed and will be retried in 1.0706738723242728s ({neo4j_code: Neo.TransientError.Transaction.DeadlockDetected} {message: ForsetiClient[transactionId=121105, clientId=6399] can't acquire ExclusiveLock{owner=ForsetiClient[transactionId=121110, clientId=6404]} on NODE_RELATIONSHIP_GROUP_DELETE(19113) because holders of that lock are waiting for ForsetiClient[transactionId=121105, clientId=6399].
 Wait list:ExclusiveLock[
Client[121110] waits for [ForsetiClient[transactionId=-1, clientId=6411],ForsetiClient[transactionId=121105, clientId=6399]]]} {gql_status: 50N05} {gql_status_description: error: general processing exception - deadlock detected. Deadlock detected while trying to acquire locks. See log for more details.})
Transaction failed and will be retried in 1.0407943563613173s ({neo4j_code: Neo.TransientError.Transaction.DeadlockDetected} {message: ForsetiClient[transactionId=121120, clientId=6414] can't acquire ExclusiveLock{owner=ForsetiClient[transactionId=121110, clientId=6404]} on NODE_RELATIONSHIP_GROUP_DELETE(3066) because holders of that lock are waiting for ForsetiClient[transactionId=121120, clientId=6414].
 Wait list:ExclusiveLock[
Client[121110] waits for [ForsetiClient[transactionId=121120, clientId=6414]]]} {gql_status: 50N05} {gql_status_description: error: general processing exception - deadlock detected. Deadlock detected while trying to acquire locks. See log for more details.})
Transaction failed and will be retried in 0.8830014221163275s ({neo4j_code: Neo.TransientError.Transaction.DeadlockDetected} {message: ForsetiClient[transactionId=121109, clientId=6403] can't acquire ExclusiveLock{owner=ForsetiClient[transactionId=121110, clientId=6404]} on NODE_RELATIONSHIP_GROUP_DELETE(11593) because holders of that lock are waiting for ForsetiClient[transactionId=121109, clientId=6403].
 Wait list:ExclusiveLock[
Client[121110] waits for [ForsetiClient[transactionId=121109, clientId=6403]]]} {gql_status: 50N05} {gql_status_description: error: general processing exception - deadlock detected. Deadlock detected while trying to acquire locks. See log for more details.})
Transaction failed and will be retried in 1.6736377581289155s ({neo4j_code: Neo.TransientError.Transaction.DeadlockDetected} {message: ForsetiClient[transactionId=121127, clientId=6384] can't acquire ExclusiveLock{owner=ForsetiClient[transactionId=121126, clientId=6390]} on NODE_RELATIONSHIP_GROUP_DELETE(16431) because holders of that lock are waiting for ForsetiClient[transactionId=121127, clientId=6384].
 Wait list:ExclusiveLock[
Client[121126] waits for [ForsetiClient[transactionId=121127, clientId=6384]]]} {gql_status: 50N05} {gql_status_description: error: general processing exception - deadlock detected. Deadlock detected while trying to acquire locks. See log for more details.})
Transaction failed and will be retried in 1.8497560239892668s ({neo4j_code: Neo.TransientError.Transaction.DeadlockDetected} {message: ForsetiClient[transactionId=121128, clientId=6400] can't acquire ExclusiveLock{owner=ForsetiClient[transactionId=121129, clientId=6374]} on NODE_RELATIONSHIP_GROUP_DELETE(16930) because holders of that lock are waiting for ForsetiClient[transactionId=121128, clientId=6400].
 Wait list:ExclusiveLock[
Client[121129] waits for [ForsetiClient[transactionId=121128, clientId=6400]]]} {gql_status: 50N05} {gql_status_description: error: general processing exception - deadlock detected. Deadlock detected while trying to acquire locks. See log for more details.})
Transaction failed and will be retried in 2.060271078065176s ({neo4j_code: Neo.TransientError.Transaction.DeadlockDetected} {message: ForsetiClient[transactionId=121130, clientId=6405] can't acquire ExclusiveLock{owner=ForsetiClient[transactionId=121129, clientId=6374]} on NODE_RELATIONSHIP_GROUP_DELETE(5826) because holders of that lock are waiting for ForsetiClient[transactionId=121130, clientId=6405].
 Wait list:ExclusiveLock[
Client[121129] waits for [ForsetiClient[transactionId=121130, clientId=6405]]]} {gql_status: 50N05} {gql_status_description: error: general processing exception - deadlock detected. Deadlock detected while trying to acquire locks. See log for more details.})
Transaction failed and will be retried in 0.8768905252006931s ({neo4j_code: Neo.TransientError.Transaction.DeadlockDetected} {message: ForsetiClient[transactionId=121131, clientId=6378] can't acquire ExclusiveLock{owner=ForsetiClient[transactionId=121129, clientId=6374]} on NODE_RELATIONSHIP_GROUP_DELETE(14372) because holders of that lock are waiting for ForsetiClient[transactionId=121131, clientId=6378].
 Wait list:ExclusiveLock[
Client[121129] waits for [ForsetiClient[transactionId=121135, clientId=6410],ForsetiClient[transactionId=121131, clientId=6378]]]} {gql_status: 50N05} {gql_status_description: error: general processing exception - deadlock detected. Deadlock detected while trying to acquire locks. See log for more details.})
Transaction failed and will be retried in 2.1039440452867444s ({neo4j_code: Neo.TransientError.Transaction.DeadlockDetected} {message: ForsetiClient[transactionId=121133, clientId=6383] can't acquire ExclusiveLock{owner=ForsetiClient[transactionId=121129, clientId=6374]} on NODE_RELATIONSHIP_GROUP_DELETE(9168) because holders of that lock are waiting for ForsetiClient[transactionId=121133, clientId=6383].
 Wait list:ExclusiveLock[
Client[121129] waits for [ForsetiClient[transactionId=121135, clientId=6410],ForsetiClient[transactionId=121133, clientId=6383]]]} {gql_status: 50N05} {gql_status_description: error: general processing exception - deadlock detected. Deadlock detected while trying to acquire locks. See log for more details.})
Transaction failed and will be retried in 1.9273297019460893s ({neo4j_code: Neo.TransientError.Transaction.DeadlockDetected} {message: ForsetiClient[transactionId=121135, clientId=6410] can't acquire ExclusiveLock{owner=ForsetiClient[transactionId=121129, clientId=6374]} on NODE_RELATIONSHIP_GROUP_DELETE(4046) because holders of that lock are waiting for ForsetiClient[transactionId=121135, clientId=6410].
 Wait list:ExclusiveLock[
Client[121129] waits for [ForsetiClient[transactionId=121135, clientId=6410],ForsetiClient[transactionId=-1, clientId=6383]]]} {gql_status: 50N05} {gql_status_description: error: general processing exception - deadlock detected. Deadlock detected while trying to acquire locks. See log for more details.})
Transaction failed and will be retried in 2.049569862080097s ({neo4j_code: Neo.TransientError.Transaction.DeadlockDetected} {message: ForsetiClient[transactionId=121132, clientId=6413] can't acquire ExclusiveLock{owner=ForsetiClient[transactionId=121129, clientId=6374]} on NODE_RELATIONSHIP_GROUP_DELETE(15992) because holders of that lock are waiting for ForsetiClient[transactionId=121132, clientId=6413].
 Wait list:ExclusiveLock[
Client[121129] waits for [ForsetiClient[transactionId=-1, clientId=6410],ForsetiClient[transactionId=121132, clientId=6413]]]} {gql_status: 50N05} {gql_status_description: error: general processing exception - deadlock detected. Deadlock detected while trying to acquire locks. See log for more details.})
Transaction failed and will be retried in 0.8018917933235152s ({neo4j_code: Neo.TransientError.Transaction.DeadlockDetected} {message: ForsetiClient[transactionId=121136, clientId=6395] can't acquire ExclusiveLock{owner=ForsetiClient[transactionId=121134, clientId=6389]} on NODE_RELATIONSHIP_GROUP_DELETE(7679) because holders of that lock are waiting for ForsetiClient[transactionId=121136, clientId=6395].
 Wait list:ExclusiveLock[
Client[121134] waits for [ForsetiClient[transactionId=121136, clientId=6395]]]} {gql_status: 50N05} {gql_status_description: error: general processing exception - deadlock detected. Deadlock detected while trying to acquire locks. See log for more details.})
Transaction failed and will be retried in 0.9698631385478176s ({neo4j_code: Neo.TransientError.Transaction.DeadlockDetected} {message: ForsetiClient[transactionId=121138, clientId=6398] can't acquire ExclusiveLock{owner=ForsetiClient[transactionId=121137, clientId=6406]} on NODE_RELATIONSHIP_GROUP_DELETE(17967) because holders of that lock are waiting for ForsetiClient[transactionId=121138, clientId=6398].
 Wait list:ExclusiveLock[
Client[121137] waits for [ForsetiClient[transactionId=121138, clientId=6398]]]} {gql_status: 50N05} {gql_status_description: error: general processing exception - deadlock detected. Deadlock detected while trying to acquire locks. See log for more details.})
Transaction failed and will be retried in 2.3480713466949084s ({neo4j_code: Neo.TransientError.Transaction.DeadlockDetected} {message: ForsetiClient[transactionId=121139, clientId=6397] can't acquire ExclusiveLock{owner=ForsetiClient[transactionId=121141, clientId=6392]} on NODE_RELATIONSHIP_GROUP_DELETE(3864) because holders of that lock are waiting for ForsetiClient[transactionId=121139, clientId=6397].
 Wait list:ExclusiveLock[
Client[121141] waits for [ForsetiClient[transactionId=121139, clientId=6397]]]} {gql_status: 50N05} {gql_status_description: error: general processing exception - deadlock detected. Deadlock detected while trying to acquire locks. See log for more details.})
Transaction failed and will be retried in 2.1023987715419343s ({neo4j_code: Neo.TransientError.Transaction.DeadlockDetected} {message: ForsetiClient[transactionId=121144, clientId=6390] can't acquire ExclusiveLock{owner=ForsetiClient[transactionId=121146, clientId=6405]} on NODE_RELATIONSHIP_GROUP_DELETE(15317) because holders of that lock are waiting for ForsetiClient[transactionId=121144, clientId=6390].
 Wait list:ExclusiveLock[
Client[121146] waits for [ForsetiClient[transactionId=121144, clientId=6390],ForsetiClient[transactionId=121141, clientId=6392],ForsetiClient[transactionId=121140, clientId=6396]]]} {gql_status: 50N05} {gql_status_description: error: general processing exception - deadlock detected. Deadlock detected while trying to acquire locks. See log for more details.})
Transaction failed and will be retried in 2.0678931174258497s ({neo4j_code: Neo.TransientError.Transaction.DeadlockDetected} {message: ForsetiClient[transactionId=121145, clientId=6400] can't acquire ExclusiveLock{owner=ForsetiClient[transactionId=121141, clientId=6392]} on NODE_RELATIONSHIP_GROUP_DELETE(17021) because holders of that lock are waiting for ForsetiClient[transactionId=121145, clientId=6400].
 Wait list:ExclusiveLock[
Client[121141] waits for [ForsetiClient[transactionId=121145, clientId=6400],ForsetiClient[transactionId=-1, clientId=6390]]]} {gql_status: 50N05} {gql_status_description: error: general processing exception - deadlock detected. Deadlock detected while trying to acquire locks. See log for more details.})
Transaction failed and will be retried in 1.8149315831094521s ({neo4j_code: Neo.TransientError.Transaction.DeadlockDetected} {message: ForsetiClient[transactionId=121140, clientId=6396] can't acquire ExclusiveLock{owner=ForsetiClient[transactionId=121141, clientId=6392]} on NODE_RELATIONSHIP_GROUP_DELETE(4539) because holders of that lock are waiting for ForsetiClient[transactionId=121140, clientId=6396].
 Wait list:ExclusiveLock[
Client[121141] waits for [ForsetiClient[transactionId=-1, clientId=6400],ForsetiClient[transactionId=121146, clientId=6405],ForsetiClient[transactionId=121140, clientId=6396]]]} {gql_status: 50N05} {gql_status_description: error: general processing exception - deadlock detected. Deadlock detected while trying to acquire locks. See log for more details.})
Transaction failed and will be retried in 2.1407197000173945s ({neo4j_code: Neo.TransientError.Transaction.DeadlockDetected} {message: ForsetiClient[transactionId=121147, clientId=6378] can't acquire ExclusiveLock{owner=ForsetiClient[transactionId=121146, clientId=6405]} on NODE_RELATIONSHIP_GROUP_DELETE(3064) because holders of that lock are waiting for ForsetiClient[transactionId=121147, clientId=6378].
 Wait list:ExclusiveLock[
Client[121146] waits for [ForsetiClient[transactionId=121147, clientId=6378]]]} {gql_status: 50N05} {gql_status_description: error: general processing exception - deadlock detected. Deadlock detected while trying to acquire locks. See log for more details.})
Transaction failed and will be retried in 2.0191010608307067s ({neo4j_code: Neo.TransientError.Transaction.DeadlockDetected} {message: ForsetiClient[transactionId=121142, clientId=6394] can't acquire ExclusiveLock{owner=ForsetiClient[transactionId=121141, clientId=6392]} on NODE_RELATIONSHIP_GROUP_DELETE(12202) because holders of that lock are waiting for ForsetiClient[transactionId=121142, clientId=6394].
 Wait list:ExclusiveLock[
Client[121141] waits for [ForsetiClient[transactionId=121146, clientId=6405],ForsetiClient[transactionId=121142, clientId=6394],ForsetiClient[transactionId=-1, clientId=6378]]]} {gql_status: 50N05} {gql_status_description: error: general processing exception - deadlock detected. Deadlock detected while trying to acquire locks. See log for more details.})
Transaction failed and will be retried in 2.3648124412487426s ({neo4j_code: Neo.TransientError.Transaction.DeadlockDetected} {message: ForsetiClient[transactionId=121141, clientId=6392] can't acquire ExclusiveLock{owner=ForsetiClient[transactionId=121146, clientId=6405]} on NODE_RELATIONSHIP_GROUP_DELETE(15386) because holders of that lock are waiting for ForsetiClient[transactionId=121141, clientId=6392].
 Wait list:ExclusiveLock[
Client[121146] waits for [ForsetiClient[transactionId=121141, clientId=6392],ForsetiClient[transactionId=-1, clientId=6394]]]} {gql_status: 50N05} {gql_status_description: error: general processing exception - deadlock detected. Deadlock detected while trying to acquire locks. See log for more details.})
Transaction failed and will be retried in 2.101410663699901s ({neo4j_code: Neo.TransientError.Transaction.DeadlockDetected} {message: ForsetiClient[transactionId=121148, clientId=6383] can't acquire ExclusiveLock{owner=ForsetiClient[transactionId=121146, clientId=6405]} on NODE_RELATIONSHIP_GROUP_DELETE(19555) because holders of that lock are waiting for ForsetiClient[transactionId=121148, clientId=6383].
 Wait list:ExclusiveLock[
Client[121146] waits for [ForsetiClient[transactionId=121148, clientId=6383]]]} {gql_status: 50N05} {gql_status_description: error: general processing exception - deadlock detected. Deadlock detected while trying to acquire locks. See log for more details.})
Transaction failed and will be retried in 1.9066514395078797s ({neo4j_code: Neo.TransientError.Transaction.DeadlockDetected} {message: ForsetiClient[transactionId=121143, clientId=6384] can't acquire ExclusiveLock{owner=ForsetiClient[transactionId=121146, clientId=6405]} on NODE_RELATIONSHIP_GROUP_DELETE(13877) because holders of that lock are waiting for ForsetiClient[transactionId=121143, clientId=6384].
 Wait list:ExclusiveLock[
Client[121146] waits for [ForsetiClient[transactionId=121143, clientId=6384]]]} {gql_status: 50N05} {gql_status_description: error: general processing exception - deadlock detected. Deadlock detected while trying to acquire locks. See log for more details.})
Transaction failed and will be retried in 2.192304083465894s ({neo4j_code: Neo.TransientError.Transaction.DeadlockDetected} {message: ForsetiClient[transactionId=121154, clientId=6398] can't acquire ExclusiveLock{owner=ForsetiClient[transactionId=121146, clientId=6405]} on NODE_RELATIONSHIP_GROUP_DELETE(1010) because holders of that lock are waiting for ForsetiClient[transactionId=121154, clientId=6398].
 Wait list:ExclusiveLock[
Client[121146] waits for [ForsetiClient[transactionId=121154, clientId=6398]]]} {gql_status: 50N05} {gql_status_description: error: general processing exception - deadlock detected. Deadlock detected while trying to acquire locks. See log for more details.})
Transaction failed and will be retried in 1.6858872493328196s ({neo4j_code: Neo.TransientError.Transaction.DeadlockDetected} {message: ForsetiClient[transactionId=121149, clientId=6410] can't acquire ExclusiveLock{owner=ForsetiClient[transactionId=121146, clientId=6405]} on NODE_RELATIONSHIP_GROUP_DELETE(16717) because holders of that lock are waiting for ForsetiClient[transactionId=121149, clientId=6410].
 Wait list:ExclusiveLock[
Client[121146] waits for [ForsetiClient[transactionId=121153, clientId=6389],ForsetiClient[transactionId=121149, clientId=6410]]]} {gql_status: 50N05} {gql_status_description: error: general processing exception - deadlock detected. Deadlock detected while trying to acquire locks. See log for more details.})
Transaction failed and will be retried in 1.9515832259007548s ({neo4j_code: Neo.TransientError.Transaction.DeadlockDetected} {message: ForsetiClient[transactionId=121153, clientId=6389] can't acquire ExclusiveLock{owner=ForsetiClient[transactionId=121146, clientId=6405]} on NODE_RELATIONSHIP_GROUP_DELETE(3694) because holders of that lock are waiting for ForsetiClient[transactionId=121153, clientId=6389].
 Wait list:ExclusiveLock[
Client[121146] waits for [ForsetiClient[transactionId=121153, clientId=6389],ForsetiClient[transactionId=-1, clientId=6410]]]} {gql_status: 50N05} {gql_status_description: error: general processing exception - deadlock detected. Deadlock detected while trying to acquire locks. See log for more details.})
Transaction failed and will be retried in 2.3854713462231416s ({neo4j_code: Neo.TransientError.Transaction.DeadlockDetected} {message: ForsetiClient[transactionId=121150, clientId=6413] can't acquire ExclusiveLock{owner=ForsetiClient[transactionId=121151, clientId=6374]} on NODE_RELATIONSHIP_GROUP_DELETE(12074) because holders of that lock are waiting for ForsetiClient[transactionId=121150, clientId=6413].
 Wait list:ExclusiveLock[
Client[121151] waits for [ForsetiClient[transactionId=121150, clientId=6413]]]} {gql_status: 50N05} {gql_status_description: error: general processing exception - deadlock detected. Deadlock detected while trying to acquire locks. See log for more details.})
Transaction failed and will be retried in 1.9888521298129547s ({neo4j_code: Neo.TransientError.Transaction.DeadlockDetected} {message: ForsetiClient[transactionId=121157, clientId=6390] can't acquire ExclusiveLock{owner=ForsetiClient[transactionId=121159, clientId=6396]} on NODE_RELATIONSHIP_GROUP_DELETE(8482) because holders of that lock are waiting for ForsetiClient[transactionId=121157, clientId=6390].
 Wait list:ExclusiveLock[
Client[121159] waits for [ForsetiClient[transactionId=121157, clientId=6390]]]} {gql_status: 50N05} {gql_status_description: error: general processing exception - deadlock detected. Deadlock detected while trying to acquire locks. See log for more details.})
Transaction failed and will be retried in 1.0506492752788592s ({neo4j_code: Neo.TransientError.Transaction.DeadlockDetected} {message: ForsetiClient[transactionId=121151, clientId=6374] can't acquire ExclusiveLock{owner=ForsetiClient[transactionId=121155, clientId=6406]} on NODE_RELATIONSHIP_GROUP_DELETE(370) because holders of that lock are waiting for ForsetiClient[transactionId=121151, clientId=6374].
 Wait list:ExclusiveLock[
Client[121155] waits for [ForsetiClient[transactionId=121158, clientId=6400],ForsetiClient[transactionId=121151, clientId=6374]]]} {gql_status: 50N05} {gql_status_description: error: general processing exception - deadlock detected. Deadlock detected while trying to acquire locks. See log for more details.})
Transaction failed and will be retried in 1.9184909116806599s ({neo4j_code: Neo.TransientError.Transaction.DeadlockDetected} {message: ForsetiClient[transactionId=121158, clientId=6400] can't acquire ExclusiveLock{owner=ForsetiClient[transactionId=121155, clientId=6406]} on NODE_RELATIONSHIP_GROUP_DELETE(17041) because holders of that lock are waiting for ForsetiClient[transactionId=121158, clientId=6400].
 Wait list:ExclusiveLock[
Client[121155] waits for [ForsetiClient[transactionId=121158, clientId=6400]]]} {gql_status: 50N05} {gql_status_description: error: general processing exception - deadlock detected. Deadlock detected while trying to acquire locks. See log for more details.})
Transaction failed and will be retried in 2.2809586195845353s ({neo4j_code: Neo.TransientError.Transaction.DeadlockDetected} {message: ForsetiClient[transactionId=121155, clientId=6406] can't acquire ExclusiveLock{owner=ForsetiClient[transactionId=121159, clientId=6396]} on NODE_RELATIONSHIP_GROUP_DELETE(6877) because holders of that lock are waiting for ForsetiClient[transactionId=121155, clientId=6406].
 Wait list:ExclusiveLock[
Client[121159] waits for [ForsetiClient[transactionId=-1, clientId=6400],ForsetiClient[transactionId=121155, clientId=6406]]]} {gql_status: 50N05} {gql_status_description: error: general processing exception - deadlock detected. Deadlock detected while trying to acquire locks. See log for more details.})
Transaction failed and will be retried in 2.1430225066044355s ({neo4j_code: Neo.TransientError.Transaction.DeadlockDetected} {message: ForsetiClient[transactionId=121156, clientId=6397] can't acquire ExclusiveLock{owner=ForsetiClient[transactionId=121161, clientId=6394]} on NODE_RELATIONSHIP_GROUP_DELETE(1402) because holders of that lock are waiting for ForsetiClient[transactionId=121156, clientId=6397].
 Wait list:ExclusiveLock[
Client[121161] waits for [ForsetiClient[transactionId=121156, clientId=6397]]]} {gql_status: 50N05} {gql_status_description: error: general processing exception - deadlock detected. Deadlock detected while trying to acquire locks. See log for more details.})
Transaction failed and will be retried in 2.124108155148998s ({neo4j_code: Neo.TransientError.Transaction.DeadlockDetected} {message: ForsetiClient[transactionId=121159, clientId=6396] can't acquire ExclusiveLock{owner=ForsetiClient[transactionId=121161, clientId=6394]} on NODE_RELATIONSHIP_GROUP_DELETE(0) because holders of that lock are waiting for ForsetiClient[transactionId=121159, clientId=6396].
 Wait list:ExclusiveLock[
Client[121161] waits for [ForsetiClient[transactionId=121159, clientId=6396]]]} {gql_status: 50N05} {gql_status_description: error: general processing exception - deadlock detected. Deadlock detected while trying to acquire locks. See log for more details.})
Transaction failed and will be retried in 1.8930378082035122s ({neo4j_code: Neo.TransientError.Transaction.DeadlockDetected} {message: ForsetiClient[transactionId=121152, clientId=6395] can't acquire ExclusiveLock{owner=ForsetiClient[transactionId=121161, clientId=6394]} on NODE_RELATIONSHIP_GROUP_DELETE(12485) because holders of that lock are waiting for ForsetiClient[transactionId=121152, clientId=6395].
 Wait list:ExclusiveLock[
Client[121161] waits for [ForsetiClient[transactionId=121152, clientId=6395]]]} {gql_status: 50N05} {gql_status_description: error: general processing exception - deadlock detected. Deadlock detected while trying to acquire locks. See log for more details.})
Transaction failed and will be retried in 1.1510870426208628s ({neo4j_code: Neo.TransientError.Transaction.DeadlockDetected} {message: ForsetiClient[transactionId=121162, clientId=6392] can't acquire ExclusiveLock{owner=ForsetiClient[transactionId=121161, clientId=6394]} on NODE_RELATIONSHIP_GROUP_DELETE(14887) because holders of that lock are waiting for ForsetiClient[transactionId=121162, clientId=6392].
 Wait list:ExclusiveLock[
Client[121161] waits for [ForsetiClient[transactionId=121162, clientId=6392]]]} {gql_status: 50N05} {gql_status_description: error: general processing exception - deadlock detected. Deadlock detected while trying to acquire locks. See log for more details.})
Transaction failed and will be retried in 1.988562360707997s ({neo4j_code: Neo.TransientError.Transaction.DeadlockDetected} {message: ForsetiClient[transactionId=121166, clientId=6410] can't acquire ExclusiveLock{owner=ForsetiClient[transactionId=121165, clientId=6398]} on NODE_RELATIONSHIP_GROUP_DELETE(381) because holders of that lock are waiting for ForsetiClient[transactionId=121166, clientId=6410].
 Wait list:ExclusiveLock[
Client[121165] waits for [ForsetiClient[transactionId=121166, clientId=6410]]]} {gql_status: 50N05} {gql_status_description: error: general processing exception - deadlock detected. Deadlock detected while trying to acquire locks. See log for more details.})
Transaction failed and will be retried in 0.8596569291488609s ({neo4j_code: Neo.TransientError.Transaction.DeadlockDetected} {message: ForsetiClient[transactionId=121168, clientId=6405] can't acquire ExclusiveLock{owner=ForsetiClient[transactionId=121167, clientId=6389]} on NODE_RELATIONSHIP_GROUP_DELETE(18301) because holders of that lock are waiting for ForsetiClient[transactionId=121168, clientId=6405].
 Wait list:ExclusiveLock[
Client[121167] waits for [ForsetiClient[transactionId=121168, clientId=6405]]]} {gql_status: 50N05} {gql_status_description: error: general processing exception - deadlock detected. Deadlock detected while trying to acquire locks. See log for more details.})
Transaction failed and will be retried in 1.9549176781454507s ({neo4j_code: Neo.TransientError.Transaction.DeadlockDetected} {message: ForsetiClient[transactionId=121170, clientId=6390] can't acquire ExclusiveLock{owner=ForsetiClient[transactionId=121172, clientId=6400]} on NODE_RELATIONSHIP_GROUP_DELETE(11837) because holders of that lock are waiting for ForsetiClient[transactionId=121170, clientId=6390].
 Wait list:ExclusiveLock[
Client[121172] waits for [ForsetiClient[transactionId=121170, clientId=6390]]]} {gql_status: 50N05} {gql_status_description: error: general processing exception - deadlock detected. Deadlock detected while trying to acquire locks. See log for more details.})
Transaction failed and will be retried in 0.9400493309660418s ({neo4j_code: Neo.TransientError.Transaction.DeadlockDetected} {message: ForsetiClient[transactionId=121179, clientId=6378] can't acquire ExclusiveLock{owner=ForsetiClient[transactionId=121178, clientId=6394]} on NODE_RELATIONSHIP_GROUP_DELETE(759) because holders of that lock are waiting for ForsetiClient[transactionId=121179, clientId=6378].
 Wait list:ExclusiveLock[
Client[121178] waits for [ForsetiClient[transactionId=121179, clientId=6378]]]} {gql_status: 50N05} {gql_status_description: error: general processing exception - deadlock detected. Deadlock detected while trying to acquire locks. See log for more details.})
Transaction failed and will be retried in 1.1591442157061618s ({neo4j_code: Neo.TransientError.Transaction.DeadlockDetected} {message: ForsetiClient[transactionId=121177, clientId=6392] can't acquire ExclusiveLock{owner=ForsetiClient[transactionId=121178, clientId=6394]} on NODE_RELATIONSHIP_GROUP_DELETE(12169) because holders of that lock are waiting for ForsetiClient[transactionId=121177, clientId=6392].
 Wait list:ExclusiveLock[
Client[121178] waits for [ForsetiClient[transactionId=121177, clientId=6392]]]} {gql_status: 50N05} {gql_status_description: error: general processing exception - deadlock detected. Deadlock detected while trying to acquire locks. See log for more details.})
Transaction failed and will be retried in 3.7901141079409957s ({neo4j_code: Neo.TransientError.Transaction.DeadlockDetected} {message: ForsetiClient[transactionId=121183, clientId=6398] can't acquire ExclusiveLock{owner=ForsetiClient[transactionId=121182, clientId=6410]} on NODE_RELATIONSHIP_GROUP_DELETE(7308) because holders of that lock are waiting for ForsetiClient[transactionId=121183, clientId=6398].
 Wait list:ExclusiveLock[
Client[121182] waits for [ForsetiClient[transactionId=121183, clientId=6398]]]} {gql_status: 50N05} {gql_status_description: error: general processing exception - deadlock detected. Deadlock detected while trying to acquire locks. See log for more details.})
Transaction failed and will be retried in 0.8722688015079112s ({neo4j_code: Neo.TransientError.Transaction.DeadlockDetected} {message: ForsetiClient[transactionId=121185, clientId=6389] can't acquire ExclusiveLock{owner=ForsetiClient[transactionId=121184, clientId=6405]} on NODE_RELATIONSHIP_GROUP_DELETE(7260) because holders of that lock are waiting for ForsetiClient[transactionId=121185, clientId=6389].
 Wait list:ExclusiveLock[
Client[121184] waits for [ForsetiClient[transactionId=121185, clientId=6389]]]} {gql_status: 50N05} {gql_status_description: error: general processing exception - deadlock detected. Deadlock detected while trying to acquire locks. See log for more details.})
Transaction failed and will be retried in 2.279648175334886s ({neo4j_code: Neo.TransientError.Transaction.DeadlockDetected} {message: ForsetiClient[transactionId=121186, clientId=6413] can't acquire ExclusiveLock{owner=ForsetiClient[transactionId=121184, clientId=6405]} on NODE_RELATIONSHIP_GROUP_DELETE(11218) because holders of that lock are waiting for ForsetiClient[transactionId=121186, clientId=6413].
 Wait list:ExclusiveLock[
Client[121184] waits for [ForsetiClient[transactionId=121186, clientId=6413]]]} {gql_status: 50N05} {gql_status_description: error: general processing exception - deadlock detected. Deadlock detected while trying to acquire locks. See log for more details.})
Transaction failed and will be retried in 3.7837830921911513s ({neo4j_code: Neo.TransientError.Transaction.DeadlockDetected} {message: ForsetiClient[transactionId=121189, clientId=6400] can't acquire ExclusiveLock{owner=ForsetiClient[transactionId=121187, clientId=6374]} on NODE_RELATIONSHIP_GROUP_DELETE(1085) because holders of that lock are waiting for ForsetiClient[transactionId=121189, clientId=6400].
 Wait list:ExclusiveLock[
Client[121187] waits for [ForsetiClient[transactionId=121189, clientId=6400]]]} {gql_status: 50N05} {gql_status_description: error: general processing exception - deadlock detected. Deadlock detected while trying to acquire locks. See log for more details.})
Transaction failed and will be retried in 0.8638684078297185s ({neo4j_code: Neo.TransientError.Transaction.DeadlockDetected} {message: ForsetiClient[transactionId=121188, clientId=6390] can't acquire ExclusiveLock{owner=ForsetiClient[transactionId=121187, clientId=6374]} on NODE_RELATIONSHIP_GROUP_DELETE(17936) because holders of that lock are waiting for ForsetiClient[transactionId=121188, clientId=6390].
 Wait list:ExclusiveLock[
Client[121187] waits for [ForsetiClient[transactionId=121188, clientId=6390]]]} {gql_status: 50N05} {gql_status_description: error: general processing exception - deadlock detected. Deadlock detected while trying to acquire locks. See log for more details.})
Transaction failed and will be retried in 4.433263185964005s ({neo4j_code: Neo.TransientError.Transaction.DeadlockDetected} {message: ForsetiClient[transactionId=121190, clientId=6406] can't acquire ExclusiveLock{owner=ForsetiClient[transactionId=121193, clientId=6395]} on NODE_RELATIONSHIP_GROUP_DELETE(12326) because holders of that lock are waiting for ForsetiClient[transactionId=121190, clientId=6406].
 Wait list:ExclusiveLock[
Client[121193] waits for [ForsetiClient[transactionId=121190, clientId=6406]]]} {gql_status: 50N05} {gql_status_description: error: general processing exception - deadlock detected. Deadlock detected while trying to acquire locks. See log for more details.})
Transaction failed and will be retried in 1.0694852802630002s ({neo4j_code: Neo.TransientError.Transaction.DeadlockDetected} {message: ForsetiClient[transactionId=121191, clientId=6397] can't acquire ExclusiveLock{owner=ForsetiClient[transactionId=121193, clientId=6395]} on NODE_RELATIONSHIP_GROUP_DELETE(6881) because holders of that lock are waiting for ForsetiClient[transactionId=121191, clientId=6397].
 Wait list:ExclusiveLock[
Client[121193] waits for [ForsetiClient[transactionId=121191, clientId=6397]]]} {gql_status: 50N05} {gql_status_description: error: general processing exception - deadlock detected. Deadlock detected while trying to acquire locks. See log for more details.})
Transaction failed and will be retried in 3.8995306121437325s ({neo4j_code: Neo.TransientError.Transaction.DeadlockDetected} {message: ForsetiClient[transactionId=121194, clientId=6378] can't acquire ExclusiveLock{owner=ForsetiClient[transactionId=121193, clientId=6395]} on NODE_RELATIONSHIP_GROUP_DELETE(13580) because holders of that lock are waiting for ForsetiClient[transactionId=121194, clientId=6378].
 Wait list:ExclusiveLock[
Client[121193] waits for [ForsetiClient[transactionId=121194, clientId=6378],ForsetiClient[transactionId=121192, clientId=6396],ForsetiClient[transactionId=-1, clientId=6397]]]} {gql_status: 50N05} {gql_status_description: error: general processing exception - deadlock detected. Deadlock detected while trying to acquire locks. See log for more details.})
Transaction failed and will be retried in 4.068056570473004s ({neo4j_code: Neo.TransientError.Transaction.DeadlockDetected} {message: ForsetiClient[transactionId=121192, clientId=6396] can't acquire ExclusiveLock{owner=ForsetiClient[transactionId=121193, clientId=6395]} on NODE_RELATIONSHIP_GROUP_DELETE(17116) because holders of that lock are waiting for ForsetiClient[transactionId=121192, clientId=6396].
 Wait list:ExclusiveLock[
Client[121193] waits for [ForsetiClient[transactionId=121192, clientId=6396]]]} {gql_status: 50N05} {gql_status_description: error: general processing exception - deadlock detected. Deadlock detected while trying to acquire locks. See log for more details.})
Transaction failed and will be retried in 3.2370011719343332s ({neo4j_code: Neo.TransientError.Transaction.DeadlockDetected} {message: ForsetiClient[transactionId=121198, clientId=6384] can't acquire ExclusiveLock{owner=ForsetiClient[transactionId=121197, clientId=6383]} on NODE_RELATIONSHIP_GROUP_DELETE(8528) because holders of that lock are waiting for ForsetiClient[transactionId=121198, clientId=6384].
 Wait list:ExclusiveLock[
Client[121197] waits for [ForsetiClient[transactionId=121198, clientId=6384],ForsetiClient[transactionId=-1, clientId=6394]]]} {gql_status: 50N05} {gql_status_description: error: general processing exception - deadlock detected. Deadlock detected while trying to acquire locks. See log for more details.})
Transaction failed and will be retried in 3.7587847548222966s ({neo4j_code: Neo.TransientError.Transaction.DeadlockDetected} {message: ForsetiClient[transactionId=121200, clientId=6410] can't acquire ExclusiveLock{owner=ForsetiClient[transactionId=121197, clientId=6383]} on NODE_RELATIONSHIP_GROUP_DELETE(18222) because holders of that lock are waiting for ForsetiClient[transactionId=121200, clientId=6410].
 Wait list:ExclusiveLock[
Client[121197] waits for [ForsetiClient[transactionId=121200, clientId=6410]]]} {gql_status: 50N05} {gql_status_description: error: general processing exception - deadlock detected. Deadlock detected while trying to acquire locks. See log for more details.})
Transaction failed and will be retried in 0.9676802865706682s ({neo4j_code: Neo.TransientError.Transaction.DeadlockDetected} {message: ForsetiClient[transactionId=121202, clientId=6413] can't acquire ExclusiveLock{owner=ForsetiClient[transactionId=121197, clientId=6383]} on NODE_RELATIONSHIP_GROUP_DELETE(9966) because holders of that lock are waiting for ForsetiClient[transactionId=121202, clientId=6413].
 Wait list:ExclusiveLock[
Client[121197] waits for [ForsetiClient[transactionId=121202, clientId=6413]]]} {gql_status: 50N05} {gql_status_description: error: general processing exception - deadlock detected. Deadlock detected while trying to acquire locks. See log for more details.})
Transaction failed and will be retried in 3.7214394790353076s ({neo4j_code: Neo.TransientError.Transaction.DeadlockDetected} {message: ForsetiClient[transactionId=121199, clientId=6398] can't acquire ExclusiveLock{owner=ForsetiClient[transactionId=121197, clientId=6383]} on NODE_RELATIONSHIP_GROUP_DELETE(6497) because holders of that lock are waiting for ForsetiClient[transactionId=121199, clientId=6398].
 Wait list:ExclusiveLock[
Client[121197] waits for [ForsetiClient[transactionId=121199, clientId=6398]]]} {gql_status: 50N05} {gql_status_description: error: general processing exception - deadlock detected. Deadlock detected while trying to acquire locks. See log for more details.})
Transaction failed and will be retried in 4.708241485158413s ({neo4j_code: Neo.TransientError.Transaction.DeadlockDetected} {message: ForsetiClient[transactionId=121201, clientId=6389] can't acquire ExclusiveLock{owner=ForsetiClient[transactionId=121197, clientId=6383]} on NODE_RELATIONSHIP_GROUP_DELETE(11101) because holders of that lock are waiting for ForsetiClient[transactionId=121201, clientId=6389].
 Wait list:ExclusiveLock[
Client[121197] waits for [ForsetiClient[transactionId=121201, clientId=6389]]]} {gql_status: 50N05} {gql_status_description: error: general processing exception - deadlock detected. Deadlock detected while trying to acquire locks. See log for more details.})
Transaction failed and will be retried in 3.8202765770902793s ({neo4j_code: Neo.TransientError.Transaction.DeadlockDetected} {message: ForsetiClient[transactionId=121205, clientId=6390] can't acquire ExclusiveLock{owner=ForsetiClient[transactionId=121207, clientId=6406]} on NODE_RELATIONSHIP_GROUP_DELETE(5167) because holders of that lock are waiting for ForsetiClient[transactionId=121205, clientId=6390].
 Wait list:ExclusiveLock[
Client[121207] waits for [ForsetiClient[transactionId=121204, clientId=6400],ForsetiClient[transactionId=121205, clientId=6390]]]} {gql_status: 50N05} {gql_status_description: error: general processing exception - deadlock detected. Deadlock detected while trying to acquire locks. See log for more details.})
Transaction failed and will be retried in 4.357570751883231s ({neo4j_code: Neo.TransientError.Transaction.DeadlockDetected} {message: ForsetiClient[transactionId=121208, clientId=6397] can't acquire ExclusiveLock{owner=ForsetiClient[transactionId=121203, clientId=6405]} on NODE_RELATIONSHIP_GROUP_DELETE(2098) because holders of that lock are waiting for ForsetiClient[transactionId=121208, clientId=6397].
 Wait list:ExclusiveLock[
Client[121203] waits for [ForsetiClient[transactionId=121204, clientId=6400],ForsetiClient[transactionId=121208, clientId=6397]]]} {gql_status: 50N05} {gql_status_description: error: general processing exception - deadlock detected. Deadlock detected while trying to acquire locks. See log for more details.})
Transaction failed and will be retried in 3.655317522971622s ({neo4j_code: Neo.TransientError.Transaction.DeadlockDetected} {message: ForsetiClient[transactionId=121203, clientId=6405] can't acquire ExclusiveLock{owner=ForsetiClient[transactionId=121204, clientId=6400]} on NODE_RELATIONSHIP_GROUP_DELETE(16040) because holders of that lock are waiting for ForsetiClient[transactionId=121203, clientId=6405].
 Wait list:ExclusiveLock[
Client[121204] waits for [ForsetiClient[transactionId=121203, clientId=6405],ForsetiClient[transactionId=121206, clientId=6374]]]} {gql_status: 50N05} {gql_status_description: error: general processing exception - deadlock detected. Deadlock detected while trying to acquire locks. See log for more details.})
Transaction failed and will be retried in 4.386731799558359s ({neo4j_code: Neo.TransientError.Transaction.DeadlockDetected} {message: ForsetiClient[transactionId=121206, clientId=6374] can't acquire ExclusiveLock{owner=ForsetiClient[transactionId=121207, clientId=6406]} on NODE_RELATIONSHIP_GROUP_DELETE(15760) because holders of that lock are waiting for ForsetiClient[transactionId=121206, clientId=6374].
 Wait list:ExclusiveLock[
Client[121207] waits for [ForsetiClient[transactionId=121204, clientId=6400],ForsetiClient[transactionId=-1, clientId=6405],ForsetiClient[transactionId=121206, clientId=6374]]]} {gql_status: 50N05} {gql_status_description: error: general processing exception - deadlock detected. Deadlock detected while trying to acquire locks. See log for more details.})
Transaction failed and will be retried in 1.0076128900923411s ({neo4j_code: Neo.TransientError.Transaction.DeadlockDetected} {message: ForsetiClient[transactionId=121207, clientId=6406] can't acquire ExclusiveLock{owner=ForsetiClient[transactionId=121204, clientId=6400]} on NODE_RELATIONSHIP_GROUP_DELETE(2116) because holders of that lock are waiting for ForsetiClient[transactionId=121207, clientId=6406].
 Wait list:ExclusiveLock[
Client[121204] waits for [ForsetiClient[transactionId=121207, clientId=6406]]]} {gql_status: 50N05} {gql_status_description: error: general processing exception - deadlock detected. Deadlock detected while trying to acquire locks. See log for more details.})
Transaction failed and will be retried in 1.8646577228888834s ({neo4j_code: Neo.TransientError.Transaction.DeadlockDetected} {message: ForsetiClient[transactionId=121212, clientId=6392] can't acquire ExclusiveLock{owner=ForsetiClient[transactionId=121204, clientId=6400]} on NODE_RELATIONSHIP_GROUP_DELETE(15269) because holders of that lock are waiting for ForsetiClient[transactionId=121212, clientId=6392].
 Wait list:ExclusiveLock[
Client[121204] waits for [ForsetiClient[transactionId=121212, clientId=6392]]]} {gql_status: 50N05} {gql_status_description: error: general processing exception - deadlock detected. Deadlock detected while trying to acquire locks. See log for more details.})
Transaction failed and will be retried in 0.804083160381577s ({neo4j_code: Neo.TransientError.Transaction.DeadlockDetected} {message: ForsetiClient[transactionId=121211, clientId=6395] can't acquire ExclusiveLock{owner=ForsetiClient[transactionId=121204, clientId=6400]} on NODE_RELATIONSHIP_GROUP_DELETE(9399) because holders of that lock are waiting for ForsetiClient[transactionId=121211, clientId=6395].
 Wait list:ExclusiveLock[
Client[121204] waits for [ForsetiClient[transactionId=121211, clientId=6395]]]} {gql_status: 50N05} {gql_status_description: error: general processing exception - deadlock detected. Deadlock detected while trying to acquire locks. See log for more details.})
Transaction failed and will be retried in 3.2903857560838903s ({neo4j_code: Neo.TransientError.Transaction.DeadlockDetected} {message: ForsetiClient[transactionId=121210, clientId=6396] can't acquire ExclusiveLock{owner=ForsetiClient[transactionId=121209, clientId=6378]} on NODE_RELATIONSHIP_GROUP_DELETE(3112) because holders of that lock are waiting for ForsetiClient[transactionId=121210, clientId=6396].
 Wait list:ExclusiveLock[
Client[121209] waits for [ForsetiClient[transactionId=121210, clientId=6396]]]} {gql_status: 50N05} {gql_status_description: error: general processing exception - deadlock detected. Deadlock detected while trying to acquire locks. See log for more details.})
Transaction failed and will be retried in 3.6670273668316384s ({neo4j_code: Neo.TransientError.Transaction.DeadlockDetected} {message: ForsetiClient[transactionId=121209, clientId=6378] can't acquire ExclusiveLock{owner=ForsetiClient[transactionId=121213, clientId=6394]} on NODE_RELATIONSHIP_GROUP_DELETE(12353) because holders of that lock are waiting for ForsetiClient[transactionId=121209, clientId=6378].
 Wait list:ExclusiveLock[
Client[121213] waits for [ForsetiClient[transactionId=121214, clientId=6384],ForsetiClient[transactionId=121215, clientId=6410],ForsetiClient[transactionId=121209, clientId=6378],ForsetiClient[transactionId=-1, clientId=6396]]]} {gql_status: 50N05} {gql_status_description: error: general processing exception - deadlock detected. Deadlock detected while trying to acquire locks. See log for more details.})
Transaction failed and will be retried in 3.4950090975437975s ({neo4j_code: Neo.TransientError.Transaction.DeadlockDetected} {message: ForsetiClient[transactionId=121214, clientId=6384] can't acquire ExclusiveLock{owner=ForsetiClient[transactionId=121215, clientId=6410]} on NODE_RELATIONSHIP_GROUP_DELETE(12571) because holders of that lock are waiting for ForsetiClient[transactionId=121214, clientId=6384].
 Wait list:ExclusiveLock[
Client[121215] waits for [ForsetiClient[transactionId=121214, clientId=6384]]]} {gql_status: 50N05} {gql_status_description: error: general processing exception - deadlock detected. Deadlock detected while trying to acquire locks. See log for more details.})
Transaction failed and will be retried in 3.31773969210767s ({neo4j_code: Neo.TransientError.Transaction.DeadlockDetected} {message: ForsetiClient[transactionId=121213, clientId=6394] can't acquire ExclusiveLock{owner=ForsetiClient[transactionId=121215, clientId=6410]} on NODE_RELATIONSHIP_GROUP_DELETE(3975) because holders of that lock are waiting for ForsetiClient[transactionId=121213, clientId=6394].
 Wait list:ExclusiveLock[
Client[121215] waits for [ForsetiClient[transactionId=121213, clientId=6394]]]} {gql_status: 50N05} {gql_status_description: error: general processing exception - deadlock detected. Deadlock detected while trying to acquire locks. See log for more details.})
Transaction failed and will be retried in 3.4283446515430183s ({neo4j_code: Neo.TransientError.Transaction.DeadlockDetected} {message: ForsetiClient[transactionId=121216, clientId=6413] can't acquire ExclusiveLock{owner=ForsetiClient[transactionId=121217, clientId=6398]} on NODE_RELATIONSHIP_GROUP_DELETE(19223) because holders of that lock are waiting for ForsetiClient[transactionId=121216, clientId=6413].
 Wait list:ExclusiveLock[
Client[121217] waits for [ForsetiClient[transactionId=121216, clientId=6413]]]} {gql_status: 50N05} {gql_status_description: error: general processing exception - deadlock detected. Deadlock detected while trying to acquire locks. See log for more details.})
Transaction failed and will be retried in 4.517209830443322s ({neo4j_code: Neo.TransientError.Transaction.DeadlockDetected} {message: ForsetiClient[transactionId=121219, clientId=6383] can't acquire ExclusiveLock{owner=ForsetiClient[transactionId=121220, clientId=6390]} on NODE_RELATIONSHIP_GROUP_DELETE(7394) because holders of that lock are waiting for ForsetiClient[transactionId=121219, clientId=6383].
 Wait list:ExclusiveLock[
Client[121220] waits for [ForsetiClient[transactionId=121219, clientId=6383]]]} {gql_status: 50N05} {gql_status_description: error: general processing exception - deadlock detected. Deadlock detected while trying to acquire locks. See log for more details.})
Transaction failed and will be retried in 2.313889065939712s ({neo4j_code: Neo.TransientError.Transaction.DeadlockDetected} {message: ForsetiClient[transactionId=121218, clientId=6389] can't acquire ExclusiveLock{owner=ForsetiClient[transactionId=121220, clientId=6390]} on NODE_RELATIONSHIP_GROUP_DELETE(2006) because holders of that lock are waiting for ForsetiClient[transactionId=121218, clientId=6389].
 Wait list:ExclusiveLock[
Client[121220] waits for [ForsetiClient[transactionId=121218, clientId=6389]]]} {gql_status: 50N05} {gql_status_description: error: general processing exception - deadlock detected. Deadlock detected while trying to acquire locks. See log for more details.})
Transaction failed and will be retried in 1.1880921796143369s ({neo4j_code: Neo.TransientError.Transaction.DeadlockDetected} {message: ForsetiClient[transactionId=121221, clientId=6397] can't acquire ExclusiveLock{owner=ForsetiClient[transactionId=121220, clientId=6390]} on NODE_RELATIONSHIP_GROUP_DELETE(14219) because holders of that lock are waiting for ForsetiClient[transactionId=121221, clientId=6397].
 Wait list:ExclusiveLock[
Client[121220] waits for [ForsetiClient[transactionId=121221, clientId=6397]]]} {gql_status: 50N05} {gql_status_description: error: general processing exception - deadlock detected. Deadlock detected while trying to acquire locks. See log for more details.})
Transaction failed and will be retried in 1.878389155523715s ({neo4j_code: Neo.TransientError.Transaction.DeadlockDetected} {message: ForsetiClient[transactionId=121223, clientId=6374] can't acquire ExclusiveLock{owner=ForsetiClient[transactionId=121222, clientId=6405]} on NODE_RELATIONSHIP_GROUP_DELETE(8086) because holders of that lock are waiting for ForsetiClient[transactionId=121223, clientId=6374].
 Wait list:ExclusiveLock[
Client[121222] waits for [ForsetiClient[transactionId=121223, clientId=6374]]]} {gql_status: 50N05} {gql_status_description: error: general processing exception - deadlock detected. Deadlock detected while trying to acquire locks. See log for more details.})
Transaction failed and will be retried in 1.1439411300634599s ({neo4j_code: Neo.TransientError.Transaction.DeadlockDetected} {message: ForsetiClient[transactionId=121224, clientId=6406] can't acquire ExclusiveLock{owner=ForsetiClient[transactionId=121222, clientId=6405]} on NODE_RELATIONSHIP_GROUP_DELETE(19604) because holders of that lock are waiting for ForsetiClient[transactionId=121224, clientId=6406].
 Wait list:ExclusiveLock[
Client[121222] waits for [ForsetiClient[transactionId=121224, clientId=6406]]]} {gql_status: 50N05} {gql_status_description: error: general processing exception - deadlock detected. Deadlock detected while trying to acquire locks. See log for more details.})
Transaction failed and will be retried in 2.0625402339456467s ({neo4j_code: Neo.TransientError.Transaction.DeadlockDetected} {message: ForsetiClient[transactionId=121227, clientId=6400] can't acquire ExclusiveLock{owner=ForsetiClient[transactionId=121228, clientId=6396]} on NODE_RELATIONSHIP_GROUP_DELETE(2398) because holders of that lock are waiting for ForsetiClient[transactionId=121227, clientId=6400].
 Wait list:ExclusiveLock[
Client[121228] waits for [ForsetiClient[transactionId=121227, clientId=6400]]]} {gql_status: 50N05} {gql_status_description: error: general processing exception - deadlock detected. Deadlock detected while trying to acquire locks. See log for more details.})
Transaction failed and will be retried in 4.335351789338982s ({neo4j_code: Neo.TransientError.Transaction.DeadlockDetected} {message: ForsetiClient[transactionId=121229, clientId=6378] can't acquire ExclusiveLock{owner=ForsetiClient[transactionId=121228, clientId=6396]} on NODE_RELATIONSHIP_GROUP_DELETE(7750) because holders of that lock are waiting for ForsetiClient[transactionId=121229, clientId=6378].
 Wait list:ExclusiveLock[
Client[121228] waits for [ForsetiClient[transactionId=121229, clientId=6378]]]} {gql_status: 50N05} {gql_status_description: error: general processing exception - deadlock detected. Deadlock detected while trying to acquire locks. See log for more details.})
Transaction failed and will be retried in 0.9614389337987095s ({neo4j_code: Neo.TransientError.Transaction.DeadlockDetected} {message: ForsetiClient[transactionId=121232, clientId=6410] can't acquire ExclusiveLock{owner=ForsetiClient[transactionId=121231, clientId=6394]} on NODE_RELATIONSHIP_GROUP_DELETE(475) because holders of that lock are waiting for ForsetiClient[transactionId=121232, clientId=6410].
 Wait list:ExclusiveLock[
Client[121231] waits for [ForsetiClient[transactionId=121232, clientId=6410]]]} {gql_status: 50N05} {gql_status_description: error: general processing exception - deadlock detected. Deadlock detected while trying to acquire locks. See log for more details.})
Transaction failed and will be retried in 2.343616293748353s ({neo4j_code: Neo.TransientError.Transaction.DeadlockDetected} {message: ForsetiClient[transactionId=121233, clientId=6413] can't acquire ExclusiveLock{owner=ForsetiClient[transactionId=121234, clientId=6398]} on NODE_RELATIONSHIP_GROUP_DELETE(12255) because holders of that lock are waiting for ForsetiClient[transactionId=121233, clientId=6413].
 Wait list:ExclusiveLock[
Client[121234] waits for [ForsetiClient[transactionId=121233, clientId=6413]]]} {gql_status: 50N05} {gql_status_description: error: general processing exception - deadlock detected. Deadlock detected while trying to acquire locks. See log for more details.})
Transaction failed and will be retried in 1.0199884164414224s ({neo4j_code: Neo.TransientError.Transaction.DeadlockDetected} {message: ForsetiClient[transactionId=121237, clientId=6397] can't acquire ExclusiveLock{owner=ForsetiClient[transactionId=121238, clientId=6390]} on NODE_RELATIONSHIP_GROUP_DELETE(17232) because holders of that lock are waiting for ForsetiClient[transactionId=121237, clientId=6397].
 Wait list:ExclusiveLock[
Client[121238] waits for [ForsetiClient[transactionId=121237, clientId=6397]]]} {gql_status: 50N05} {gql_status_description: error: general processing exception - deadlock detected. Deadlock detected while trying to acquire locks. See log for more details.})
Transaction failed and will be retried in 1.7583720524557533s ({neo4j_code: Neo.TransientError.Transaction.DeadlockDetected} {message: ForsetiClient[transactionId=121245, clientId=6378] can't acquire ExclusiveLock{owner=ForsetiClient[transactionId=121244, clientId=6400]} on NODE_RELATIONSHIP_GROUP_DELETE(9800) because holders of that lock are waiting for ForsetiClient[transactionId=121245, clientId=6378].
 Wait list:ExclusiveLock[
Client[121244] waits for [ForsetiClient[transactionId=121245, clientId=6378]]]} {gql_status: 50N05} {gql_status_description: error: general processing exception - deadlock detected. Deadlock detected while trying to acquire locks. See log for more details.})
Transaction failed and will be retried in 1.038991493254171s ({neo4j_code: Neo.TransientError.Transaction.DeadlockDetected} {message: ForsetiClient[transactionId=121248, clientId=6410] can't acquire ExclusiveLock{owner=ForsetiClient[transactionId=121247, clientId=6384]} on NODE_RELATIONSHIP_GROUP_DELETE(5352) because holders of that lock are waiting for ForsetiClient[transactionId=121248, clientId=6410].
 Wait list:ExclusiveLock[
Client[121247] waits for [ForsetiClient[transactionId=121248, clientId=6410],ForsetiClient[transactionId=121246, clientId=6396]]]} {gql_status: 50N05} {gql_status_description: error: general processing exception - deadlock detected. Deadlock detected while trying to acquire locks. See log for more details.})
Transaction failed and will be retried in 3.6996837740137316s ({neo4j_code: Neo.TransientError.Transaction.DeadlockDetected} {message: ForsetiClient[transactionId=121246, clientId=6396] can't acquire ExclusiveLock{owner=ForsetiClient[transactionId=121247, clientId=6384]} on NODE_RELATIONSHIP_GROUP_DELETE(12697) because holders of that lock are waiting for ForsetiClient[transactionId=121246, clientId=6396].
 Wait list:ExclusiveLock[
Client[121247] waits for [ForsetiClient[transactionId=121246, clientId=6396]]]} {gql_status: 50N05} {gql_status_description: error: general processing exception - deadlock detected. Deadlock detected while trying to acquire locks. See log for more details.})
Transaction failed and will be retried in 0.9730482710768094s ({neo4j_code: Neo.TransientError.Transaction.DeadlockDetected} {message: ForsetiClient[transactionId=121250, clientId=6413] can't acquire ExclusiveLock{owner=ForsetiClient[transactionId=121251, clientId=6398]} on NODE_RELATIONSHIP_GROUP_DELETE(2724) because holders of that lock are waiting for ForsetiClient[transactionId=121250, clientId=6413].
 Wait list:ExclusiveLock[
Client[121251] waits for [ForsetiClient[transactionId=121249, clientId=6394],ForsetiClient[transactionId=121250, clientId=6413]]]} {gql_status: 50N05} {gql_status_description: error: general processing exception - deadlock detected. Deadlock detected while trying to acquire locks. See log for more details.})
Transaction failed and will be retried in 2.193130983260647s ({neo4j_code: Neo.TransientError.Transaction.DeadlockDetected} {message: ForsetiClient[transactionId=121249, clientId=6394] can't acquire ExclusiveLock{owner=ForsetiClient[transactionId=121251, clientId=6398]} on NODE_RELATIONSHIP_GROUP_DELETE(6148) because holders of that lock are waiting for ForsetiClient[transactionId=121249, clientId=6394].
 Wait list:ExclusiveLock[
Client[121251] waits for [ForsetiClient[transactionId=121249, clientId=6394]]]} {gql_status: 50N05} {gql_status_description: error: general processing exception - deadlock detected. Deadlock detected while trying to acquire locks. See log for more details.})
Transaction failed and will be retried in 1.0479787418291682s ({neo4j_code: Neo.TransientError.Transaction.DeadlockDetected} {message: ForsetiClient[transactionId=121254, clientId=6397] can't acquire ExclusiveLock{owner=ForsetiClient[transactionId=121253, clientId=6389]} on NODE_RELATIONSHIP_GROUP_DELETE(170) because holders of that lock are waiting for ForsetiClient[transactionId=121254, clientId=6397].
 Wait list:ExclusiveLock[
Client[121253] waits for [ForsetiClient[transactionId=121254, clientId=6397]]]} {gql_status: 50N05} {gql_status_description: error: general processing exception - deadlock detected. Deadlock detected while trying to acquire locks. See log for more details.})
Transaction failed and will be retried in 3.948281592477603s ({neo4j_code: Neo.TransientError.Transaction.DeadlockDetected} {message: ForsetiClient[transactionId=121255, clientId=6390] can't acquire ExclusiveLock{owner=ForsetiClient[transactionId=121256, clientId=6374]} on NODE_RELATIONSHIP_GROUP_DELETE(93) because holders of that lock are waiting for ForsetiClient[transactionId=121255, clientId=6390].
 Wait list:ExclusiveLock[
Client[121256] waits for [ForsetiClient[transactionId=121255, clientId=6390]]]} {gql_status: 50N05} {gql_status_description: error: general processing exception - deadlock detected. Deadlock detected while trying to acquire locks. See log for more details.})
Transaction failed and will be retried in 3.6927730441441238s ({neo4j_code: Neo.TransientError.Transaction.DeadlockDetected} {message: ForsetiClient[transactionId=121258, clientId=6405] can't acquire ExclusiveLock{owner=ForsetiClient[transactionId=121259, clientId=6392]} on NODE_RELATIONSHIP_GROUP_DELETE(9663) because holders of that lock are waiting for ForsetiClient[transactionId=121258, clientId=6405].
 Wait list:ExclusiveLock[
Client[121259] waits for [ForsetiClient[transactionId=121258, clientId=6405]]]} {gql_status: 50N05} {gql_status_description: error: general processing exception - deadlock detected. Deadlock detected while trying to acquire locks. See log for more details.})
Transaction failed and will be retried in 1.005084839465521s ({neo4j_code: Neo.TransientError.Transaction.DeadlockDetected} {message: ForsetiClient[transactionId=121259, clientId=6392] can't acquire ExclusiveLock{owner=ForsetiClient[transactionId=121260, clientId=6395]} on NODE_RELATIONSHIP_GROUP_DELETE(3920) because holders of that lock are waiting for ForsetiClient[transactionId=121259, clientId=6392].
 Wait list:ExclusiveLock[
Client[121260] waits for [ForsetiClient[transactionId=121259, clientId=6392]]]} {gql_status: 50N05} {gql_status_description: error: general processing exception - deadlock detected. Deadlock detected while trying to acquire locks. See log for more details.})
Transaction failed and will be retried in 1.6697711027018391s ({neo4j_code: Neo.TransientError.Transaction.DeadlockDetected} {message: ForsetiClient[transactionId=121263, clientId=6410] can't acquire ExclusiveLock{owner=ForsetiClient[transactionId=121261, clientId=6378]} on NODE_RELATIONSHIP_GROUP_DELETE(140) because holders of that lock are waiting for ForsetiClient[transactionId=121263, clientId=6410].
 Wait list:ExclusiveLock[
Client[121261] waits for [ForsetiClient[transactionId=121263, clientId=6410]]]} {gql_status: 50N05} {gql_status_description: error: general processing exception - deadlock detected. Deadlock detected while trying to acquire locks. See log for more details.})
Transaction failed and will be retried in 1.7682758164441033s ({neo4j_code: Neo.TransientError.Transaction.DeadlockDetected} {message: ForsetiClient[transactionId=121262, clientId=6400] can't acquire ExclusiveLock{owner=ForsetiClient[transactionId=121261, clientId=6378]} on NODE_RELATIONSHIP_GROUP_DELETE(9835) because holders of that lock are waiting for ForsetiClient[transactionId=121262, clientId=6400].
 Wait list:ExclusiveLock[
Client[121261] waits for [ForsetiClient[transactionId=121262, clientId=6400]]]} {gql_status: 50N05} {gql_status_description: error: general processing exception - deadlock detected. Deadlock detected while trying to acquire locks. See log for more details.})
Transaction failed and will be retried in 7.976155301328898s ({neo4j_code: Neo.TransientError.Transaction.DeadlockDetected} {message: ForsetiClient[transactionId=121264, clientId=6396] can't acquire ExclusiveLock{owner=ForsetiClient[transactionId=121266, clientId=6413]} on NODE_RELATIONSHIP_GROUP_DELETE(18342) because holders of that lock are waiting for ForsetiClient[transactionId=121264, clientId=6396].
 Wait list:ExclusiveLock[
Client[121266] waits for [ForsetiClient[transactionId=121264, clientId=6396]]]} {gql_status: 50N05} {gql_status_description: error: general processing exception - deadlock detected. Deadlock detected while trying to acquire locks. See log for more details.})
Transaction failed and will be retried in 7.8756319641651285s ({neo4j_code: Neo.TransientError.Transaction.DeadlockDetected} {message: ForsetiClient[transactionId=121265, clientId=6384] can't acquire ExclusiveLock{owner=ForsetiClient[transactionId=121266, clientId=6413]} on NODE_RELATIONSHIP_GROUP_DELETE(10196) because holders of that lock are waiting for ForsetiClient[transactionId=121265, clientId=6384].
 Wait list:ExclusiveLock[
Client[121266] waits for [ForsetiClient[transactionId=121265, clientId=6384]]]} {gql_status: 50N05} {gql_status_description: error: general processing exception - deadlock detected. Deadlock detected while trying to acquire locks. See log for more details.})
Transaction failed and will be retried in 6.859974228972893s ({neo4j_code: Neo.TransientError.Transaction.DeadlockDetected} {message: ForsetiClient[transactionId=121267, clientId=6394] can't acquire ExclusiveLock{owner=ForsetiClient[transactionId=121266, clientId=6413]} on NODE_RELATIONSHIP_GROUP_DELETE(19880) because holders of that lock are waiting for ForsetiClient[transactionId=121267, clientId=6394].
 Wait list:ExclusiveLock[
Client[121266] waits for [ForsetiClient[transactionId=121267, clientId=6394]]]} {gql_status: 50N05} {gql_status_description: error: general processing exception - deadlock detected. Deadlock detected while trying to acquire locks. See log for more details.})
Transaction failed and will be retried in 3.9739699712129664s ({neo4j_code: Neo.TransientError.Transaction.DeadlockDetected} {message: ForsetiClient[transactionId=121269, clientId=6383] can't acquire ExclusiveLock{owner=ForsetiClient[transactionId=121268, clientId=6398]} on NODE_RELATIONSHIP_GROUP_DELETE(7578) because holders of that lock are waiting for ForsetiClient[transactionId=121269, clientId=6383].
 Wait list:ExclusiveLock[
Client[121268] waits for [ForsetiClient[transactionId=121269, clientId=6383]]]} {gql_status: 50N05} {gql_status_description: error: general processing exception - deadlock detected. Deadlock detected while trying to acquire locks. See log for more details.})
Transaction failed and will be retried in 6.403110618504055s ({neo4j_code: Neo.TransientError.Transaction.DeadlockDetected} {message: ForsetiClient[transactionId=121270, clientId=6397] can't acquire ExclusiveLock{owner=ForsetiClient[transactionId=121268, clientId=6398]} on NODE_RELATIONSHIP_GROUP_DELETE(17565) because holders of that lock are waiting for ForsetiClient[transactionId=121270, clientId=6397].
 Wait list:ExclusiveLock[
Client[121268] waits for [ForsetiClient[transactionId=121270, clientId=6397]]]} {gql_status: 50N05} {gql_status_description: error: general processing exception - deadlock detected. Deadlock detected while trying to acquire locks. See log for more details.})
Transaction failed and will be retried in 8.908799628459496s ({neo4j_code: Neo.TransientError.Transaction.DeadlockDetected} {message: ForsetiClient[transactionId=121275, clientId=6405] can't acquire ExclusiveLock{owner=ForsetiClient[transactionId=121271, clientId=6389]} on NODE_RELATIONSHIP_GROUP_DELETE(13580) because holders of that lock are waiting for ForsetiClient[transactionId=121275, clientId=6405].
 Wait list:ExclusiveLock[
Client[121271] waits for [ForsetiClient[transactionId=121275, clientId=6405]]]} {gql_status: 50N05} {gql_status_description: error: general processing exception - deadlock detected. Deadlock detected while trying to acquire locks. See log for more details.})
Transaction failed and will be retried in 9.226286373402308s ({neo4j_code: Neo.TransientError.Transaction.DeadlockDetected} {message: ForsetiClient[transactionId=121276, clientId=6392] can't acquire ExclusiveLock{owner=ForsetiClient[transactionId=121271, clientId=6389]} on NODE_RELATIONSHIP_GROUP_DELETE(2415) because holders of that lock are waiting for ForsetiClient[transactionId=121276, clientId=6392].
 Wait list:ExclusiveLock[
Client[121271] waits for [ForsetiClient[transactionId=121276, clientId=6392]]]} {gql_status: 50N05} {gql_status_description: error: general processing exception - deadlock detected. Deadlock detected while trying to acquire locks. See log for more details.})
Transaction failed and will be retried in 1.63941117613986s ({neo4j_code: Neo.TransientError.Transaction.DeadlockDetected} {message: ForsetiClient[transactionId=121272, clientId=6390] can't acquire ExclusiveLock{owner=ForsetiClient[transactionId=121271, clientId=6389]} on NODE_RELATIONSHIP_GROUP_DELETE(16683) because holders of that lock are waiting for ForsetiClient[transactionId=121272, clientId=6390].
 Wait list:ExclusiveLock[
Client[121271] waits for [ForsetiClient[transactionId=121272, clientId=6390]]]} {gql_status: 50N05} {gql_status_description: error: general processing exception - deadlock detected. Deadlock detected while trying to acquire locks. See log for more details.})
Transaction failed and will be retried in 9.164579142561431s ({neo4j_code: Neo.TransientError.Transaction.DeadlockDetected} {message: ForsetiClient[transactionId=121277, clientId=6395] can't acquire ExclusiveLock{owner=ForsetiClient[transactionId=121271, clientId=6389]} on NODE_RELATIONSHIP_GROUP_DELETE(19924) because holders of that lock are waiting for ForsetiClient[transactionId=121277, clientId=6395].
 Wait list:ExclusiveLock[
Client[121271] waits for [ForsetiClient[transactionId=121274, clientId=6406],ForsetiClient[transactionId=121273, clientId=6374],ForsetiClient[transactionId=121277, clientId=6395]]]} {gql_status: 50N05} {gql_status_description: error: general processing exception - deadlock detected. Deadlock detected while trying to acquire locks. See log for more details.})
Transaction failed and will be retried in 4.514669406127819s ({neo4j_code: Neo.TransientError.Transaction.DeadlockDetected} {message: ForsetiClient[transactionId=121273, clientId=6374] can't acquire ExclusiveLock{owner=ForsetiClient[transactionId=121271, clientId=6389]} on NODE_RELATIONSHIP_GROUP_DELETE(13710) because holders of that lock are waiting for ForsetiClient[transactionId=121273, clientId=6374].
 Wait list:ExclusiveLock[
Client[121271] waits for [ForsetiClient[transactionId=121274, clientId=6406],ForsetiClient[transactionId=121273, clientId=6374]]]} {gql_status: 50N05} {gql_status_description: error: general processing exception - deadlock detected. Deadlock detected while trying to acquire locks. See log for more details.})
Transaction failed and will be retried in 1.1788438302717898s ({neo4j_code: Neo.TransientError.Transaction.DeadlockDetected} {message: ForsetiClient[transactionId=121274, clientId=6406] can't acquire ExclusiveLock{owner=ForsetiClient[transactionId=121271, clientId=6389]} on NODE_RELATIONSHIP_GROUP_DELETE(18886) because holders of that lock are waiting for ForsetiClient[transactionId=121274, clientId=6406].
 Wait list:ExclusiveLock[
Client[121271] waits for [ForsetiClient[transactionId=121274, clientId=6406],ForsetiClient[transactionId=-1, clientId=6374]]]} {gql_status: 50N05} {gql_status_description: error: general processing exception - deadlock detected. Deadlock detected while trying to acquire locks. See log for more details.})
Transaction failed and will be retried in 9.510432760611543s ({neo4j_code: Neo.TransientError.Transaction.DeadlockDetected} {message: ForsetiClient[transactionId=121280, clientId=6378] can't acquire ExclusiveLock{owner=ForsetiClient[transactionId=121271, clientId=6389]} on NODE_RELATIONSHIP_GROUP_DELETE(3981) because holders of that lock are waiting for ForsetiClient[transactionId=121280, clientId=6378].
 Wait list:ExclusiveLock[
Client[121271] waits for [ForsetiClient[transactionId=121280, clientId=6378]]]} {gql_status: 50N05} {gql_status_description: error: general processing exception - deadlock detected. Deadlock detected while trying to acquire locks. See log for more details.})
Transaction failed and will be retried in 8.541635066392711s ({neo4j_code: Neo.TransientError.Transaction.DeadlockDetected} {message: ForsetiClient[transactionId=121278, clientId=6410] can't acquire ExclusiveLock{owner=ForsetiClient[transactionId=121271, clientId=6389]} on NODE_RELATIONSHIP_GROUP_DELETE(12895) because holders of that lock are waiting for ForsetiClient[transactionId=121278, clientId=6410].
 Wait list:ExclusiveLock[
Client[121271] waits for [ForsetiClient[transactionId=121278, clientId=6410]]]} {gql_status: 50N05} {gql_status_description: error: general processing exception - deadlock detected. Deadlock detected while trying to acquire locks. See log for more details.})
Transaction failed and will be retried in 8.754604571175813s ({neo4j_code: Neo.TransientError.Transaction.DeadlockDetected} {message: ForsetiClient[transactionId=121282, clientId=6384] can't acquire ExclusiveLock{owner=ForsetiClient[transactionId=121271, clientId=6389]} on NODE_RELATIONSHIP_GROUP_DELETE(6872) because holders of that lock are waiting for ForsetiClient[transactionId=121282, clientId=6384].
 Wait list:ExclusiveLock[
Client[121271] waits for [ForsetiClient[transactionId=121282, clientId=6384]]]} {gql_status: 50N05} {gql_status_description: error: general processing exception - deadlock detected. Deadlock detected while trying to acquire locks. See log for more details.})
Transaction failed and will be retried in 1.0559809937632108s ({neo4j_code: Neo.TransientError.Transaction.DeadlockDetected} {message: ForsetiClient[transactionId=121281, clientId=6396] can't acquire ExclusiveLock{owner=ForsetiClient[transactionId=121271, clientId=6389]} on NODE_RELATIONSHIP_GROUP_DELETE(4703) because holders of that lock are waiting for ForsetiClient[transactionId=121281, clientId=6396].
 Wait list:ExclusiveLock[
Client[121271] waits for [ForsetiClient[transactionId=121281, clientId=6396]]]} {gql_status: 50N05} {gql_status_description: error: general processing exception - deadlock detected. Deadlock detected while trying to acquire locks. See log for more details.})
Transaction failed and will be retried in 6.873359513834849s ({neo4j_code: Neo.TransientError.Transaction.DeadlockDetected} {message: ForsetiClient[transactionId=121284, clientId=6413] can't acquire ExclusiveLock{owner=ForsetiClient[transactionId=121283, clientId=6394]} on NODE_RELATIONSHIP_GROUP_DELETE(17098) because holders of that lock are waiting for ForsetiClient[transactionId=121284, clientId=6413].
 Wait list:ExclusiveLock[
Client[121283] waits for [ForsetiClient[transactionId=121279, clientId=6400],ForsetiClient[transactionId=121284, clientId=6413]]]} {gql_status: 50N05} {gql_status_description: error: general processing exception - deadlock detected. Deadlock detected while trying to acquire locks. See log for more details.})
Transaction failed and will be retried in 6.536849941403382s ({neo4j_code: Neo.TransientError.Transaction.DeadlockDetected} {message: ForsetiClient[transactionId=121283, clientId=6394] can't acquire ExclusiveLock{owner=ForsetiClient[transactionId=121279, clientId=6400]} on NODE_RELATIONSHIP_GROUP_DELETE(19214) because holders of that lock are waiting for ForsetiClient[transactionId=121283, clientId=6394].
 Wait list:ExclusiveLock[
Client[121279] waits for [ForsetiClient[transactionId=121283, clientId=6394]]]} {gql_status: 50N05} {gql_status_description: error: general processing exception - deadlock detected. Deadlock detected while trying to acquire locks. See log for more details.})
Transaction failed and will be retried in 8.91868748949885s ({neo4j_code: Neo.TransientError.Transaction.DeadlockDetected} {message: ForsetiClient[transactionId=121286, clientId=6397] can't acquire ExclusiveLock{owner=ForsetiClient[transactionId=121287, clientId=6398]} on NODE_RELATIONSHIP_GROUP_DELETE(18881) because holders of that lock are waiting for ForsetiClient[transactionId=121286, clientId=6397].
 Wait list:ExclusiveLock[
Client[121287] waits for [ForsetiClient[transactionId=121286, clientId=6397]]]} {gql_status: 50N05} {gql_status_description: error: general processing exception - deadlock detected. Deadlock detected while trying to acquire locks. See log for more details.})
Transaction failed and will be retried in 1.14010490156997s ({neo4j_code: Neo.TransientError.Transaction.DeadlockDetected} {message: ForsetiClient[transactionId=121288, clientId=6405] can't acquire ExclusiveLock{owner=ForsetiClient[transactionId=121285, clientId=6383]} on NODE_RELATIONSHIP_GROUP_DELETE(10541) because holders of that lock are waiting for ForsetiClient[transactionId=121288, clientId=6405].
 Wait list:ExclusiveLock[
Client[121285] waits for [ForsetiClient[transactionId=121288, clientId=6405]]]} {gql_status: 50N05} {gql_status_description: error: general processing exception - deadlock detected. Deadlock detected while trying to acquire locks. See log for more details.})
Transaction failed and will be retried in 3.2278806486182967s ({neo4j_code: Neo.TransientError.Transaction.DeadlockDetected} {message: ForsetiClient[transactionId=121289, clientId=6392] can't acquire ExclusiveLock{owner=ForsetiClient[transactionId=121285, clientId=6383]} on NODE_RELATIONSHIP_GROUP_DELETE(106) because holders of that lock are waiting for ForsetiClient[transactionId=121289, clientId=6392].
 Wait list:ExclusiveLock[
Client[121285] waits for [ForsetiClient[transactionId=121289, clientId=6392]]]} {gql_status: 50N05} {gql_status_description: error: general processing exception - deadlock detected. Deadlock detected while trying to acquire locks. See log for more details.})
Transaction failed and will be retried in 0.8229682767895621s ({neo4j_code: Neo.TransientError.Transaction.DeadlockDetected} {message: ForsetiClient[transactionId=121291, clientId=6395] can't acquire ExclusiveLock{owner=ForsetiClient[transactionId=121290, clientId=6390]} on NODE_RELATIONSHIP_GROUP_DELETE(6171) because holders of that lock are waiting for ForsetiClient[transactionId=121291, clientId=6395].
 Wait list:ExclusiveLock[
Client[121290] waits for [ForsetiClient[transactionId=121291, clientId=6395]]]} {gql_status: 50N05} {gql_status_description: error: general processing exception - deadlock detected. Deadlock detected while trying to acquire locks. See log for more details.})
Transaction failed and will be retried in 9.193568321802736s ({neo4j_code: Neo.TransientError.Transaction.DeadlockDetected} {message: ForsetiClient[transactionId=121292, clientId=6374] can't acquire ExclusiveLock{owner=ForsetiClient[transactionId=121290, clientId=6390]} on NODE_RELATIONSHIP_GROUP_DELETE(10971) because holders of that lock are waiting for ForsetiClient[transactionId=121292, clientId=6374].
 Wait list:ExclusiveLock[
Client[121290] waits for [ForsetiClient[transactionId=121292, clientId=6374]]]} {gql_status: 50N05} {gql_status_description: error: general processing exception - deadlock detected. Deadlock detected while trying to acquire locks. See log for more details.})
Transaction failed and will be retried in 8.394906998132793s ({neo4j_code: Neo.TransientError.Transaction.DeadlockDetected} {message: ForsetiClient[transactionId=121294, clientId=6378] can't acquire ExclusiveLock{owner=ForsetiClient[transactionId=121293, clientId=6406]} on NODE_RELATIONSHIP_GROUP_DELETE(8662) because holders of that lock are waiting for ForsetiClient[transactionId=121294, clientId=6378].
 Wait list:ExclusiveLock[
Client[121293] waits for [ForsetiClient[transactionId=121294, clientId=6378]]]} {gql_status: 50N05} {gql_status_description: error: general processing exception - deadlock detected. Deadlock detected while trying to acquire locks. See log for more details.})
Transaction failed and will be retried in 4.72041073692677s ({neo4j_code: Neo.TransientError.Transaction.DeadlockDetected} {message: ForsetiClient[transactionId=121296, clientId=6384] can't acquire ExclusiveLock{owner=ForsetiClient[transactionId=121295, clientId=6410]} on NODE_RELATIONSHIP_GROUP_DELETE(16623) because holders of that lock are waiting for ForsetiClient[transactionId=121296, clientId=6384].
 Wait list:ExclusiveLock[
Client[121295] waits for [ForsetiClient[transactionId=121296, clientId=6384]]]} {gql_status: 50N05} {gql_status_description: error: general processing exception - deadlock detected. Deadlock detected while trying to acquire locks. See log for more details.})
Transaction failed and will be retried in 7.798438370483884s ({neo4j_code: Neo.TransientError.Transaction.DeadlockDetected} {message: ForsetiClient[transactionId=121297, clientId=6396] can't acquire ExclusiveLock{owner=ForsetiClient[transactionId=121299, clientId=6413]} on NODE_RELATIONSHIP_GROUP_DELETE(16413) because holders of that lock are waiting for ForsetiClient[transactionId=121297, clientId=6396].
 Wait list:ExclusiveLock[
Client[121299] waits for [ForsetiClient[transactionId=121297, clientId=6396]]]} {gql_status: 50N05} {gql_status_description: error: general processing exception - deadlock detected. Deadlock detected while trying to acquire locks. See log for more details.})
Transaction failed and will be retried in 2.123207657647053s ({neo4j_code: Neo.TransientError.Transaction.DeadlockDetected} {message: ForsetiClient[transactionId=121301, clientId=6400] can't acquire ExclusiveLock{owner=ForsetiClient[transactionId=121300, clientId=6394]} on NODE_RELATIONSHIP_GROUP_DELETE(7825) because holders of that lock are waiting for ForsetiClient[transactionId=121301, clientId=6400].
 Wait list:ExclusiveLock[
Client[121300] waits for [ForsetiClient[transactionId=121301, clientId=6400]]]} {gql_status: 50N05} {gql_status_description: error: general processing exception - deadlock detected. Deadlock detected while trying to acquire locks. See log for more details.})
Transaction failed and will be retried in 2.3818485806574765s ({neo4j_code: Neo.TransientError.Transaction.DeadlockDetected} {message: ForsetiClient[transactionId=121298, clientId=6389] can't acquire ExclusiveLock{owner=ForsetiClient[transactionId=121300, clientId=6394]} on NODE_RELATIONSHIP_GROUP_DELETE(17595) because holders of that lock are waiting for ForsetiClient[transactionId=121298, clientId=6389].
 Wait list:ExclusiveLock[
Client[121300] waits for [ForsetiClient[transactionId=-1, clientId=6400],ForsetiClient[transactionId=121298, clientId=6389]]]} {gql_status: 50N05} {gql_status_description: error: general processing exception - deadlock detected. Deadlock detected while trying to acquire locks. See log for more details.})
Transaction failed and will be retried in 0.838019050567409s ({neo4j_code: Neo.TransientError.Transaction.DeadlockDetected} {message: ForsetiClient[transactionId=121300, clientId=6394] can't acquire ExclusiveLock{owner=ForsetiClient[transactionId=121299, clientId=6413]} on NODE_RELATIONSHIP_GROUP_DELETE(14406) because holders of that lock are waiting for ForsetiClient[transactionId=121300, clientId=6394].
 Wait list:ExclusiveLock[
Client[121299] waits for [ForsetiClient[transactionId=121300, clientId=6394]]]} {gql_status: 50N05} {gql_status_description: error: general processing exception - deadlock detected. Deadlock detected while trying to acquire locks. See log for more details.})
Transaction failed and will be retried in 1.1463398259279853s ({neo4j_code: Neo.TransientError.Transaction.DeadlockDetected} {message: ForsetiClient[transactionId=121303, clientId=6398] can't acquire ExclusiveLock{owner=ForsetiClient[transactionId=121302, clientId=6397]} on NODE_RELATIONSHIP_GROUP_DELETE(15433) because holders of that lock are waiting for ForsetiClient[transactionId=121303, clientId=6398].
 Wait list:ExclusiveLock[
Client[121302] waits for [ForsetiClient[transactionId=121303, clientId=6398]]]} {gql_status: 50N05} {gql_status_description: error: general processing exception - deadlock detected. Deadlock detected while trying to acquire locks. See log for more details.})
Transaction failed and will be retried in 4.150600459420467s ({neo4j_code: Neo.TransientError.Transaction.DeadlockDetected} {message: ForsetiClient[transactionId=121305, clientId=6392] can't acquire ExclusiveLock{owner=ForsetiClient[transactionId=121304, clientId=6405]} on NODE_RELATIONSHIP_GROUP_DELETE(13157) because holders of that lock are waiting for ForsetiClient[transactionId=121305, clientId=6392].
 Wait list:ExclusiveLock[
Client[121304] waits for [ForsetiClient[transactionId=121305, clientId=6392]]]} {gql_status: 50N05} {gql_status_description: error: general processing exception - deadlock detected. Deadlock detected while trying to acquire locks. See log for more details.})
Transaction failed and will be retried in 1.177957066961981s ({neo4j_code: Neo.TransientError.Transaction.DeadlockDetected} {message: ForsetiClient[transactionId=121307, clientId=6395] can't acquire ExclusiveLock{owner=ForsetiClient[transactionId=121308, clientId=6374]} on NODE_RELATIONSHIP_GROUP_DELETE(16652) because holders of that lock are waiting for ForsetiClient[transactionId=121307, clientId=6395].
 Wait list:ExclusiveLock[
Client[121308] waits for [ForsetiClient[transactionId=121307, clientId=6395],ForsetiClient[transactionId=121306, clientId=6383]]]} {gql_status: 50N05} {gql_status_description: error: general processing exception - deadlock detected. Deadlock detected while trying to acquire locks. See log for more details.})
Transaction failed and will be retried in 2.1724246381803143s ({neo4j_code: Neo.TransientError.Transaction.DeadlockDetected} {message: ForsetiClient[transactionId=121306, clientId=6383] can't acquire ExclusiveLock{owner=ForsetiClient[transactionId=121308, clientId=6374]} on NODE_RELATIONSHIP_GROUP_DELETE(2904) because holders of that lock are waiting for ForsetiClient[transactionId=121306, clientId=6383].
 Wait list:ExclusiveLock[
Client[121308] waits for [ForsetiClient[transactionId=121306, clientId=6383]]]} {gql_status: 50N05} {gql_status_description: error: general processing exception - deadlock detected. Deadlock detected while trying to acquire locks. See log for more details.})
Transaction failed and will be retried in 6.803114138852056s ({neo4j_code: Neo.TransientError.Transaction.DeadlockDetected} {message: ForsetiClient[transactionId=121309, clientId=6390] can't acquire ExclusiveLock{owner=ForsetiClient[transactionId=121310, clientId=6378]} on NODE_RELATIONSHIP_GROUP_DELETE(13572) because holders of that lock are waiting for ForsetiClient[transactionId=121309, clientId=6390].
 Wait list:ExclusiveLock[
Client[121310] waits for [ForsetiClient[transactionId=121309, clientId=6390]]]} {gql_status: 50N05} {gql_status_description: error: general processing exception - deadlock detected. Deadlock detected while trying to acquire locks. See log for more details.})
Transaction failed and will be retried in 1.1710760054179419s ({neo4j_code: Neo.TransientError.Transaction.DeadlockDetected} {message: ForsetiClient[transactionId=121320, clientId=6397] can't acquire ExclusiveLock{owner=ForsetiClient[transactionId=121321, clientId=6392]} on NODE_RELATIONSHIP_GROUP_DELETE(2790) because holders of that lock are waiting for ForsetiClient[transactionId=121320, clientId=6397].
 Wait list:ExclusiveLock[
Client[121321] waits for [ForsetiClient[transactionId=121320, clientId=6397]]]} {gql_status: 50N05} {gql_status_description: error: general processing exception - deadlock detected. Deadlock detected while trying to acquire locks. See log for more details.})
Transaction failed and will be retried in 0.8735117804285261s ({neo4j_code: Neo.TransientError.Transaction.DeadlockDetected} {message: ForsetiClient[transactionId=121322, clientId=6405] can't acquire ExclusiveLock{owner=ForsetiClient[transactionId=121323, clientId=6395]} on NODE_RELATIONSHIP_GROUP_DELETE(11783) because holders of that lock are waiting for ForsetiClient[transactionId=121322, clientId=6405].
 Wait list:ExclusiveLock[
Client[121323] waits for [ForsetiClient[transactionId=121322, clientId=6405]]]} {gql_status: 50N05} {gql_status_description: error: general processing exception - deadlock detected. Deadlock detected while trying to acquire locks. See log for more details.})
Transaction failed and will be retried in 1.0637449085758137s ({neo4j_code: Neo.TransientError.Transaction.DeadlockDetected} {message: ForsetiClient[transactionId=121324, clientId=6383] can't acquire ExclusiveLock{owner=ForsetiClient[transactionId=121323, clientId=6395]} on NODE_RELATIONSHIP_GROUP_DELETE(8051) because holders of that lock are waiting for ForsetiClient[transactionId=121324, clientId=6383].
 Wait list:ExclusiveLock[
Client[121323] waits for [ForsetiClient[transactionId=121324, clientId=6383]]]} {gql_status: 50N05} {gql_status_description: error: general processing exception - deadlock detected. Deadlock detected while trying to acquire locks. See log for more details.})
Transaction failed and will be retried in 6.40665917403851s ({neo4j_code: Neo.TransientError.Transaction.DeadlockDetected} {message: ForsetiClient[transactionId=121325, clientId=6374] can't acquire ExclusiveLock{owner=ForsetiClient[transactionId=121326, clientId=6390]} on NODE_RELATIONSHIP_GROUP_DELETE(10969) because holders of that lock are waiting for ForsetiClient[transactionId=121325, clientId=6374].
 Wait list:ExclusiveLock[
Client[121326] waits for [ForsetiClient[transactionId=121325, clientId=6374]]]} {gql_status: 50N05} {gql_status_description: error: general processing exception - deadlock detected. Deadlock detected while trying to acquire locks. See log for more details.})
Transaction failed and will be retried in 2.2371887504635573s ({neo4j_code: Neo.TransientError.Transaction.DeadlockDetected} {message: ForsetiClient[transactionId=121329, clientId=6384] can't acquire ExclusiveLock{owner=ForsetiClient[transactionId=121331, clientId=6396]} on NODE_RELATIONSHIP_GROUP_DELETE(8298) because holders of that lock are waiting for ForsetiClient[transactionId=121329, clientId=6384].
 Wait list:ExclusiveLock[
Client[121331] waits for [ForsetiClient[transactionId=121329, clientId=6384]]]} {gql_status: 50N05} {gql_status_description: error: general processing exception - deadlock detected. Deadlock detected while trying to acquire locks. See log for more details.})
Transaction failed and will be retried in 0.963082727547697s ({neo4j_code: Neo.TransientError.Transaction.DeadlockDetected} {message: ForsetiClient[transactionId=121336, clientId=6398] can't acquire ExclusiveLock{owner=ForsetiClient[transactionId=121337, clientId=6397]} on NODE_RELATIONSHIP_GROUP_DELETE(14606) because holders of that lock are waiting for ForsetiClient[transactionId=121336, clientId=6398].
 Wait list:ExclusiveLock[
Client[121337] waits for [ForsetiClient[transactionId=121336, clientId=6398]]]} {gql_status: 50N05} {gql_status_description: error: general processing exception - deadlock detected. Deadlock detected while trying to acquire locks. See log for more details.})
Transaction failed and will be retried in 0.9454223363591555s ({neo4j_code: Neo.TransientError.Transaction.DeadlockDetected} {message: ForsetiClient[transactionId=121339, clientId=6405] can't acquire ExclusiveLock{owner=ForsetiClient[transactionId=121341, clientId=6395]} on NODE_RELATIONSHIP_GROUP_DELETE(22) because holders of that lock are waiting for ForsetiClient[transactionId=121339, clientId=6405].
 Wait list:ExclusiveLock[
Client[121341] waits for [ForsetiClient[transactionId=121339, clientId=6405]]]} {gql_status: 50N05} {gql_status_description: error: general processing exception - deadlock detected. Deadlock detected while trying to acquire locks. See log for more details.})
Transaction failed and will be retried in 0.985120791207686s ({neo4j_code: Neo.TransientError.Transaction.DeadlockDetected} {message: ForsetiClient[transactionId=121342, clientId=6374] can't acquire ExclusiveLock{owner=ForsetiClient[transactionId=121340, clientId=6383]} on NODE_RELATIONSHIP_GROUP_DELETE(11385) because holders of that lock are waiting for ForsetiClient[transactionId=121342, clientId=6374].
 Wait list:ExclusiveLock[
Client[121340] waits for [ForsetiClient[transactionId=121342, clientId=6374]]]} {gql_status: 50N05} {gql_status_description: error: general processing exception - deadlock detected. Deadlock detected while trying to acquire locks. See log for more details.})
Transaction failed and will be retried in 7.042364443871831s ({neo4j_code: Neo.TransientError.Transaction.DeadlockDetected} {message: ForsetiClient[transactionId=121343, clientId=6390] can't acquire ExclusiveLock{owner=ForsetiClient[transactionId=121347, clientId=6384]} on NODE_RELATIONSHIP_GROUP_DELETE(10190) because holders of that lock are waiting for ForsetiClient[transactionId=121343, clientId=6390].
 Wait list:ExclusiveLock[
Client[121347] waits for [ForsetiClient[transactionId=121345, clientId=6406],ForsetiClient[transactionId=121343, clientId=6390]]]} {gql_status: 50N05} {gql_status_description: error: general processing exception - deadlock detected. Deadlock detected while trying to acquire locks. See log for more details.})
Transaction failed and will be retried in 1.1526932667609169s ({neo4j_code: Neo.TransientError.Transaction.DeadlockDetected} {message: ForsetiClient[transactionId=121346, clientId=6410] can't acquire ExclusiveLock{owner=ForsetiClient[transactionId=121345, clientId=6406]} on NODE_RELATIONSHIP_GROUP_DELETE(6804) because holders of that lock are waiting for ForsetiClient[transactionId=121346, clientId=6410].
 Wait list:ExclusiveLock[
Client[121345] waits for [ForsetiClient[transactionId=121346, clientId=6410]]]} {gql_status: 50N05} {gql_status_description: error: general processing exception - deadlock detected. Deadlock detected while trying to acquire locks. See log for more details.})
Transaction failed and will be retried in 1.747323876907732s ({neo4j_code: Neo.TransientError.Transaction.DeadlockDetected} {message: ForsetiClient[transactionId=121347, clientId=6384] can't acquire ExclusiveLock{owner=ForsetiClient[transactionId=121345, clientId=6406]} on NODE_RELATIONSHIP_GROUP_DELETE(5541) because holders of that lock are waiting for ForsetiClient[transactionId=121347, clientId=6384].
 Wait list:ExclusiveLock[
Client[121345] waits for [ForsetiClient[transactionId=121347, clientId=6384]]]} {gql_status: 50N05} {gql_status_description: error: general processing exception - deadlock detected. Deadlock detected while trying to acquire locks. See log for more details.})
Transaction failed and will be retried in 0.8969445859435934s ({neo4j_code: Neo.TransientError.Transaction.DeadlockDetected} {message: ForsetiClient[transactionId=121344, clientId=6378] can't acquire ExclusiveLock{owner=ForsetiClient[transactionId=121345, clientId=6406]} on NODE_RELATIONSHIP_GROUP_DELETE(8310) because holders of that lock are waiting for ForsetiClient[transactionId=121344, clientId=6378].
 Wait list:ExclusiveLock[
Client[121345] waits for [ForsetiClient[transactionId=121344, clientId=6378]]]} {gql_status: 50N05} {gql_status_description: error: general processing exception - deadlock detected. Deadlock detected while trying to acquire locks. See log for more details.})
Transaction failed and will be retried in 1.1887315165325303s ({neo4j_code: Neo.TransientError.Transaction.DeadlockDetected} {message: ForsetiClient[transactionId=121348, clientId=6396] can't acquire ExclusiveLock{owner=ForsetiClient[transactionId=121349, clientId=6400]} on NODE_RELATIONSHIP_GROUP_DELETE(6535) because holders of that lock are waiting for ForsetiClient[transactionId=121348, clientId=6396].
 Wait list:ExclusiveLock[
Client[121349] waits for [ForsetiClient[transactionId=121348, clientId=6396]]]} {gql_status: 50N05} {gql_status_description: error: general processing exception - deadlock detected. Deadlock detected while trying to acquire locks. See log for more details.})
Transaction failed and will be retried in 7.445545935534009s ({neo4j_code: Neo.TransientError.Transaction.DeadlockDetected} {message: ForsetiClient[transactionId=121354, clientId=6397] can't acquire ExclusiveLock{owner=ForsetiClient[transactionId=121355, clientId=6392]} on NODE_RELATIONSHIP_GROUP_DELETE(6179) because holders of that lock are waiting for ForsetiClient[transactionId=121354, clientId=6397].
 Wait list:ExclusiveLock[
Client[121355] waits for [ForsetiClient[transactionId=121354, clientId=6397]]]} {gql_status: 50N05} {gql_status_description: error: general processing exception - deadlock detected. Deadlock detected while trying to acquire locks. See log for more details.})
Transaction failed and will be retried in 1.0635321860064881s ({neo4j_code: Neo.TransientError.Transaction.DeadlockDetected} {message: ForsetiClient[transactionId=121359, clientId=6383] can't acquire ExclusiveLock{owner=ForsetiClient[transactionId=121358, clientId=6374]} on NODE_RELATIONSHIP_GROUP_DELETE(6944) because holders of that lock are waiting for ForsetiClient[transactionId=121359, clientId=6383].
 Wait list:ExclusiveLock[
Client[121358] waits for [ForsetiClient[transactionId=121359, clientId=6383]]]} {gql_status: 50N05} {gql_status_description: error: general processing exception - deadlock detected. Deadlock detected while trying to acquire locks. See log for more details.})
Transaction failed and will be retried in 1.7622123388667474s ({neo4j_code: Neo.TransientError.Transaction.DeadlockDetected} {message: ForsetiClient[transactionId=121360, clientId=6390] can't acquire ExclusiveLock{owner=ForsetiClient[transactionId=121358, clientId=6374]} on NODE_RELATIONSHIP_GROUP_DELETE(13784) because holders of that lock are waiting for ForsetiClient[transactionId=121360, clientId=6390].
 Wait list:ExclusiveLock[
Client[121358] waits for [ForsetiClient[transactionId=121360, clientId=6390]]]} {gql_status: 50N05} {gql_status_description: error: general processing exception - deadlock detected. Deadlock detected while trying to acquire locks. See log for more details.})
Transaction failed and will be retried in 0.9655465343114118s ({neo4j_code: Neo.TransientError.Transaction.DeadlockDetected} {message: ForsetiClient[transactionId=121363, clientId=6378] can't acquire ExclusiveLock{owner=ForsetiClient[transactionId=121364, clientId=6406]} on NODE_RELATIONSHIP_GROUP_DELETE(4698) because holders of that lock are waiting for ForsetiClient[transactionId=121363, clientId=6378].
 Wait list:ExclusiveLock[
Client[121364] waits for [ForsetiClient[transactionId=121363, clientId=6378]]]} {gql_status: 50N05} {gql_status_description: error: general processing exception - deadlock detected. Deadlock detected while trying to acquire locks. See log for more details.})
Transaction failed and will be retried in 1.8332094712195184s ({neo4j_code: Neo.TransientError.Transaction.DeadlockDetected} {message: ForsetiClient[transactionId=121367, clientId=6389] can't acquire ExclusiveLock{owner=ForsetiClient[transactionId=121368, clientId=6394]} on NODE_RELATIONSHIP_GROUP_DELETE(19862) because holders of that lock are waiting for ForsetiClient[transactionId=121367, clientId=6389].
 Wait list:ExclusiveLock[
Client[121368] waits for [ForsetiClient[transactionId=121367, clientId=6389]]]} {gql_status: 50N05} {gql_status_description: error: general processing exception - deadlock detected. Deadlock detected while trying to acquire locks. See log for more details.})
Transaction failed and will be retried in 2.204408486606887s ({neo4j_code: Neo.TransientError.Transaction.DeadlockDetected} {message: ForsetiClient[transactionId=121370, clientId=6398] can't acquire ExclusiveLock{owner=ForsetiClient[transactionId=121369, clientId=6413]} on NODE_RELATIONSHIP_GROUP_DELETE(9631) because holders of that lock are waiting for ForsetiClient[transactionId=121370, clientId=6398].
 Wait list:ExclusiveLock[
Client[121369] waits for [ForsetiClient[transactionId=121370, clientId=6398]]]} {gql_status: 50N05} {gql_status_description: error: general processing exception - deadlock detected. Deadlock detected while trying to acquire locks. See log for more details.})
Transaction failed and will be retried in 0.8974018696300076s ({neo4j_code: Neo.TransientError.Transaction.DeadlockDetected} {message: ForsetiClient[transactionId=121371, clientId=6397] can't acquire ExclusiveLock{owner=ForsetiClient[transactionId=121372, clientId=6392]} on NODE_RELATIONSHIP_GROUP_DELETE(7264) because holders of that lock are waiting for ForsetiClient[transactionId=121371, clientId=6397].
 Wait list:ExclusiveLock[
Client[121372] waits for [ForsetiClient[transactionId=121371, clientId=6397]]]} {gql_status: 50N05} {gql_status_description: error: general processing exception - deadlock detected. Deadlock detected while trying to acquire locks. See log for more details.})
Transaction failed and will be retried in 1.1472627046563908s ({neo4j_code: Neo.TransientError.Transaction.DeadlockDetected} {message: ForsetiClient[transactionId=121373, clientId=6405] can't acquire ExclusiveLock{owner=ForsetiClient[transactionId=121372, clientId=6392]} on NODE_RELATIONSHIP_GROUP_DELETE(4754) because holders of that lock are waiting for ForsetiClient[transactionId=121373, clientId=6405].
 Wait list:ExclusiveLock[
Client[121372] waits for [ForsetiClient[transactionId=121373, clientId=6405]]]} {gql_status: 50N05} {gql_status_description: error: general processing exception - deadlock detected. Deadlock detected while trying to acquire locks. See log for more details.})
Transaction failed and will be retried in 6.455661574983412s ({neo4j_code: Neo.TransientError.Transaction.DeadlockDetected} {message: ForsetiClient[transactionId=121378, clientId=6410] can't acquire ExclusiveLock{owner=ForsetiClient[transactionId=121379, clientId=6384]} on NODE_RELATIONSHIP_GROUP_DELETE(8028) because holders of that lock are waiting for ForsetiClient[transactionId=121378, clientId=6410].
 Wait list:ExclusiveLock[
Client[121379] waits for [ForsetiClient[transactionId=121378, clientId=6410]]]} {gql_status: 50N05} {gql_status_description: error: general processing exception - deadlock detected. Deadlock detected while trying to acquire locks. See log for more details.})
Transaction failed and will be retried in 0.8986440682618207s ({neo4j_code: Neo.TransientError.Transaction.DeadlockDetected} {message: ForsetiClient[transactionId=121380, clientId=6378] can't acquire ExclusiveLock{owner=ForsetiClient[transactionId=121377, clientId=6374]} on NODE_RELATIONSHIP_GROUP_DELETE(715) because holders of that lock are waiting for ForsetiClient[transactionId=121380, clientId=6378].
 Wait list:ExclusiveLock[
Client[121377] waits for [ForsetiClient[transactionId=121380, clientId=6378]]]} {gql_status: 50N05} {gql_status_description: error: general processing exception - deadlock detected. Deadlock detected while trying to acquire locks. See log for more details.})
Transaction failed and will be retried in 1.1044080418815687s ({neo4j_code: Neo.TransientError.Transaction.DeadlockDetected} {message: ForsetiClient[transactionId=121381, clientId=6406] can't acquire ExclusiveLock{owner=ForsetiClient[transactionId=121377, clientId=6374]} on NODE_RELATIONSHIP_GROUP_DELETE(18790) because holders of that lock are waiting for ForsetiClient[transactionId=121381, clientId=6406].
 Wait list:ExclusiveLock[
Client[121377] waits for [ForsetiClient[transactionId=121381, clientId=6406]]]} {gql_status: 50N05} {gql_status_description: error: general processing exception - deadlock detected. Deadlock detected while trying to acquire locks. See log for more details.})
Transaction failed and will be retried in 1.638532654076939s ({neo4j_code: Neo.TransientError.Transaction.DeadlockDetected} {message: ForsetiClient[transactionId=121382, clientId=6396] can't acquire ExclusiveLock{owner=ForsetiClient[transactionId=121377, clientId=6374]} on NODE_RELATIONSHIP_GROUP_DELETE(12158) because holders of that lock are waiting for ForsetiClient[transactionId=121382, clientId=6396].
 Wait list:ExclusiveLock[
Client[121377] waits for [ForsetiClient[transactionId=121382, clientId=6396]]]} {gql_status: 50N05} {gql_status_description: error: general processing exception - deadlock detected. Deadlock detected while trying to acquire locks. See log for more details.})
Transaction failed and will be retried in 0.8755200436537358s ({neo4j_code: Neo.TransientError.Transaction.DeadlockDetected} {message: ForsetiClient[transactionId=121385, clientId=6394] can't acquire ExclusiveLock{owner=ForsetiClient[transactionId=121384, clientId=6389]} on NODE_RELATIONSHIP_GROUP_DELETE(4916) because holders of that lock are waiting for ForsetiClient[transactionId=121385, clientId=6394].
 Wait list:ExclusiveLock[
Client[121384] waits for [ForsetiClient[transactionId=121385, clientId=6394]]]} {gql_status: 50N05} {gql_status_description: error: general processing exception - deadlock detected. Deadlock detected while trying to acquire locks. See log for more details.})
Transaction failed and will be retried in 18.895719367765125s ({neo4j_code: Neo.TransientError.Transaction.DeadlockDetected} {message: ForsetiClient[transactionId=121386, clientId=6398] can't acquire ExclusiveLock{owner=ForsetiClient[transactionId=121384, clientId=6389]} on NODE_RELATIONSHIP_GROUP_DELETE(13729) because holders of that lock are waiting for ForsetiClient[transactionId=121386, clientId=6398].
 Wait list:ExclusiveLock[
Client[121384] waits for [ForsetiClient[transactionId=121386, clientId=6398]]]} {gql_status: 50N05} {gql_status_description: error: general processing exception - deadlock detected. Deadlock detected while trying to acquire locks. See log for more details.})
Transaction failed and will be retried in 1.747661253412528s ({neo4j_code: Neo.TransientError.Transaction.DeadlockDetected} {message: ForsetiClient[transactionId=121392, clientId=6383] can't acquire ExclusiveLock{owner=ForsetiClient[transactionId=121391, clientId=6395]} on NODE_RELATIONSHIP_GROUP_DELETE(5200) because holders of that lock are waiting for ForsetiClient[transactionId=121392, clientId=6383].
 Wait list:ExclusiveLock[
Client[121391] waits for [ForsetiClient[transactionId=121392, clientId=6383]]]} {gql_status: 50N05} {gql_status_description: error: general processing exception - deadlock detected. Deadlock detected while trying to acquire locks. See log for more details.})
Transaction failed and will be retried in 1.0889515444320101s ({neo4j_code: Neo.TransientError.Transaction.DeadlockDetected} {message: ForsetiClient[transactionId=121393, clientId=6390] can't acquire ExclusiveLock{owner=ForsetiClient[transactionId=121391, clientId=6395]} on NODE_RELATIONSHIP_GROUP_DELETE(10091) because holders of that lock are waiting for ForsetiClient[transactionId=121393, clientId=6390].
 Wait list:ExclusiveLock[
Client[121391] waits for [ForsetiClient[transactionId=121393, clientId=6390]]]} {gql_status: 50N05} {gql_status_description: error: general processing exception - deadlock detected. Deadlock detected while trying to acquire locks. See log for more details.})
Transaction failed and will be retried in 17.48104747506731s ({neo4j_code: Neo.TransientError.Transaction.DeadlockDetected} {message: ForsetiClient[transactionId=121397, clientId=6406] can't acquire ExclusiveLock{owner=ForsetiClient[transactionId=121396, clientId=6378]} on NODE_RELATIONSHIP_GROUP_DELETE(13211) because holders of that lock are waiting for ForsetiClient[transactionId=121397, clientId=6406].
 Wait list:ExclusiveLock[
Client[121396] waits for [ForsetiClient[transactionId=121397, clientId=6406]]]} {gql_status: 50N05} {gql_status_description: error: general processing exception - deadlock detected. Deadlock detected while trying to acquire locks. See log for more details.})
Transaction failed and will be retried in 0.832885155581919s ({neo4j_code: Neo.TransientError.Transaction.DeadlockDetected} {message: ForsetiClient[transactionId=121400, clientId=6400] can't acquire ExclusiveLock{owner=ForsetiClient[transactionId=121398, clientId=6396]} on NODE_RELATIONSHIP_GROUP_DELETE(6607) because holders of that lock are waiting for ForsetiClient[transactionId=121400, clientId=6400].
 Wait list:ExclusiveLock[
Client[121398] waits for [ForsetiClient[transactionId=121400, clientId=6400],ForsetiClient[transactionId=121399, clientId=6374]]]} {gql_status: 50N05} {gql_status_description: error: general processing exception - deadlock detected. Deadlock detected while trying to acquire locks. See log for more details.})
Transaction failed and will be retried in 1.8063342294535192s ({neo4j_code: Neo.TransientError.Transaction.DeadlockDetected} {message: ForsetiClient[transactionId=121399, clientId=6374] can't acquire ExclusiveLock{owner=ForsetiClient[transactionId=121398, clientId=6396]} on NODE_RELATIONSHIP_GROUP_DELETE(7209) because holders of that lock are waiting for ForsetiClient[transactionId=121399, clientId=6374].
 Wait list:ExclusiveLock[
Client[121398] waits for [ForsetiClient[transactionId=121399, clientId=6374]]]} {gql_status: 50N05} {gql_status_description: error: general processing exception - deadlock detected. Deadlock detected while trying to acquire locks. See log for more details.})
Transaction failed and will be retried in 15.852258052612074s ({neo4j_code: Neo.TransientError.Transaction.DeadlockDetected} {message: ForsetiClient[transactionId=121404, clientId=6413] can't acquire ExclusiveLock{owner=ForsetiClient[transactionId=121403, clientId=6389]} on NODE_RELATIONSHIP_GROUP_DELETE(6134) because holders of that lock are waiting for ForsetiClient[transactionId=121404, clientId=6413].
 Wait list:ExclusiveLock[
Client[121403] waits for [ForsetiClient[transactionId=121404, clientId=6413]]]} {gql_status: 50N05} {gql_status_description: error: general processing exception - deadlock detected. Deadlock detected while trying to acquire locks. See log for more details.})
Transaction failed and will be retried in 1.0597088980017917s ({neo4j_code: Neo.TransientError.Transaction.DeadlockDetected} {message: ForsetiClient[transactionId=121406, clientId=6405] can't acquire ExclusiveLock{owner=ForsetiClient[transactionId=121403, clientId=6389]} on NODE_RELATIONSHIP_GROUP_DELETE(11906) because holders of that lock are waiting for ForsetiClient[transactionId=121406, clientId=6405].
 Wait list:ExclusiveLock[
Client[121403] waits for [ForsetiClient[transactionId=121406, clientId=6405]]]} {gql_status: 50N05} {gql_status_description: error: general processing exception - deadlock detected. Deadlock detected while trying to acquire locks. See log for more details.})
Transaction failed and will be retried in 2.096223591130439s ({neo4j_code: Neo.TransientError.Transaction.DeadlockDetected} {message: ForsetiClient[transactionId=121405, clientId=6397] can't acquire ExclusiveLock{owner=ForsetiClient[transactionId=121408, clientId=6383]} on NODE_RELATIONSHIP_GROUP_DELETE(12427) because holders of that lock are waiting for ForsetiClient[transactionId=121405, clientId=6397].
 Wait list:ExclusiveLock[
Client[121408] waits for [ForsetiClient[transactionId=121407, clientId=6392],ForsetiClient[transactionId=121405, clientId=6397]]]} {gql_status: 50N05} {gql_status_description: error: general processing exception - deadlock detected. Deadlock detected while trying to acquire locks. See log for more details.})
Transaction failed and will be retried in 2.2922165930195186s ({neo4j_code: Neo.TransientError.Transaction.DeadlockDetected} {message: ForsetiClient[transactionId=121408, clientId=6383] can't acquire ExclusiveLock{owner=ForsetiClient[transactionId=121407, clientId=6392]} on NODE_RELATIONSHIP_GROUP_DELETE(18373) because holders of that lock are waiting for ForsetiClient[transactionId=121408, clientId=6383].
 Wait list:ExclusiveLock[
Client[121407] waits for [ForsetiClient[transactionId=121408, clientId=6383]]]} {gql_status: 50N05} {gql_status_description: error: general processing exception - deadlock detected. Deadlock detected while trying to acquire locks. See log for more details.})
Transaction failed and will be retried in 3.2572390465765264s ({neo4j_code: Neo.TransientError.Transaction.DeadlockDetected} {message: ForsetiClient[transactionId=121410, clientId=6395] can't acquire ExclusiveLock{owner=ForsetiClient[transactionId=121409, clientId=6390]} on NODE_RELATIONSHIP_GROUP_DELETE(7898) because holders of that lock are waiting for ForsetiClient[transactionId=121410, clientId=6395].
 Wait list:ExclusiveLock[
Client[121409] waits for [ForsetiClient[transactionId=121410, clientId=6395]]]} {gql_status: 50N05} {gql_status_description: error: general processing exception - deadlock detected. Deadlock detected while trying to acquire locks. See log for more details.})
Transaction failed and will be retried in 15.167507067813839s ({neo4j_code: Neo.TransientError.Transaction.DeadlockDetected} {message: ForsetiClient[transactionId=121412, clientId=6384] can't acquire UpdateLock{owners=ForsetiClient[transactionId=121412, clientId=6384], ForsetiClient[transactionId=121413, clientId=6406], refCount=2} on NODE_RELATIONSHIP_GROUP_DELETE(12202) because holders of that lock are waiting for ForsetiClient[transactionId=121412, clientId=6384].
 Wait list:SharedLock[
Client[121412] waits for [ForsetiClient[transactionId=121413, clientId=6406],ForsetiClient[transactionId=-1, clientId=6410]], 
Client[121413] waits for [ForsetiClient[transactionId=121412, clientId=6384],ForsetiClient[transactionId=-1, clientId=6410]]]} {gql_status: 50N05} {gql_status_description: error: general processing exception - deadlock detected. Deadlock detected while trying to acquire locks. See log for more details.})
Transaction failed and will be retried in 15.552742913648714s ({neo4j_code: Neo.TransientError.Transaction.DeadlockDetected} {message: ForsetiClient[transactionId=121414, clientId=6378] can't acquire UpdateLock{owners=ForsetiClient[transactionId=121413, clientId=6406], ForsetiClient[transactionId=121414, clientId=6378], refCount=2} on NODE_RELATIONSHIP_GROUP_DELETE(7009) because holders of that lock are waiting for ForsetiClient[transactionId=121414, clientId=6378].
 Wait list:SharedLock[
Client[121413] waits for [ForsetiClient[transactionId=121414, clientId=6378]], 
Client[121414] waits for [ForsetiClient[transactionId=121413, clientId=6406]]]} {gql_status: 50N05} {gql_status_description: error: general processing exception - deadlock detected. Deadlock detected while trying to acquire locks. See log for more details.})
Transaction failed and will be retried in 4.759952735833376s ({neo4j_code: Neo.TransientError.Transaction.DeadlockDetected} {message: ForsetiClient[transactionId=121416, clientId=6374] can't acquire UpdateLock{owners=ForsetiClient[transactionId=121418, clientId=6394], refCount=1} on NODE_RELATIONSHIP_GROUP_DELETE(13432) because holders of that lock are waiting for ForsetiClient[transactionId=121416, clientId=6374].
 Wait list:SharedLock[
Client[121418] waits for [ForsetiClient[transactionId=121416, clientId=6374]]]} {gql_status: 50N05} {gql_status_description: error: general processing exception - deadlock detected. Deadlock detected while trying to acquire locks. See log for more details.})
Transaction failed and will be retried in 2.22148125337212s ({neo4j_code: Neo.TransientError.Transaction.DeadlockDetected} {message: ForsetiClient[transactionId=121419, clientId=6398] can't acquire ExclusiveLock{owner=ForsetiClient[transactionId=121418, clientId=6394]} on NODE_RELATIONSHIP_GROUP_DELETE(11127) because holders of that lock are waiting for ForsetiClient[transactionId=121419, clientId=6398].
 Wait list:ExclusiveLock[
Client[121418] waits for [ForsetiClient[transactionId=121419, clientId=6398]]]} {gql_status: 50N05} {gql_status_description: error: general processing exception - deadlock detected. Deadlock detected while trying to acquire locks. See log for more details.})
Transaction failed and will be retried in 4.7619831307764535s ({neo4j_code: Neo.TransientError.Transaction.DeadlockDetected} {message: ForsetiClient[transactionId=121417, clientId=6396] can't acquire ExclusiveLock{owner=ForsetiClient[transactionId=121418, clientId=6394]} on NODE_RELATIONSHIP_GROUP_DELETE(6535) because holders of that lock are waiting for ForsetiClient[transactionId=121417, clientId=6396].
 Wait list:ExclusiveLock[
Client[121418] waits for [ForsetiClient[transactionId=121417, clientId=6396]]]} {gql_status: 50N05} {gql_status_description: error: general processing exception - deadlock detected. Deadlock detected while trying to acquire locks. See log for more details.})
Transaction failed and will be retried in 4.6086398332756335s ({neo4j_code: Neo.TransientError.Transaction.DeadlockDetected} {message: ForsetiClient[transactionId=121423, clientId=6397] can't acquire UpdateLock{owners=ForsetiClient[transactionId=121423, clientId=6397], ForsetiClient[transactionId=121424, clientId=6383], refCount=2} on NODE_RELATIONSHIP_GROUP_DELETE(7438) because holders of that lock are waiting for ForsetiClient[transactionId=121423, clientId=6397].
 Wait list:SharedLock[
Client[121423] waits for [ForsetiClient[transactionId=-1, clientId=6389],ForsetiClient[transactionId=121424, clientId=6383]], 
Client[121424] waits for [ForsetiClient[transactionId=-1, clientId=6389],ForsetiClient[transactionId=121423, clientId=6397]]]} {gql_status: 50N05} {gql_status_description: error: general processing exception - deadlock detected. Deadlock detected while trying to acquire locks. See log for more details.})
Transaction failed and will be retried in 16.123300347050648s ({neo4j_code: Neo.TransientError.Transaction.DeadlockDetected} {message: ForsetiClient[transactionId=121425, clientId=6392] can't acquire UpdateLock{owners=ForsetiClient[transactionId=121425, clientId=6392], ForsetiClient[transactionId=121430, clientId=6378], refCount=2} on NODE_RELATIONSHIP_GROUP_DELETE(11928) because holders of that lock are waiting for ForsetiClient[transactionId=121425, clientId=6392].
 Wait list:SharedLock[
Client[121425] waits for [ForsetiClient[transactionId=121430, clientId=6378]], 
Client[121430] waits for [ForsetiClient[transactionId=121425, clientId=6392]]]} {gql_status: 50N05} {gql_status_description: error: general processing exception - deadlock detected. Deadlock detected while trying to acquire locks. See log for more details.})
Transaction failed and will be retried in 13.26051218908878s ({neo4j_code: Neo.TransientError.Transaction.DeadlockDetected} {message: ForsetiClient[transactionId=121427, clientId=6390] can't acquire ExclusiveLock{owner=ForsetiClient[transactionId=121429, clientId=6384]} on NODE_RELATIONSHIP_GROUP_DELETE(17041) because holders of that lock are waiting for ForsetiClient[transactionId=121427, clientId=6390].
 Wait list:ExclusiveLock[
Client[121429] waits for [ForsetiClient[transactionId=121427, clientId=6390]]]} {gql_status: 50N05} {gql_status_description: error: general processing exception - deadlock detected. Deadlock detected while trying to acquire locks. See log for more details.})
Transaction failed and will be retried in 3.717253591285039s ({neo4j_code: Neo.TransientError.Transaction.DeadlockDetected} {message: ForsetiClient[transactionId=121428, clientId=6410] can't acquire ExclusiveLock{owner=ForsetiClient[transactionId=121429, clientId=6384]} on NODE_RELATIONSHIP_GROUP_DELETE(17814) because holders of that lock are waiting for ForsetiClient[transactionId=121428, clientId=6410].
 Wait list:ExclusiveLock[
Client[121429] waits for [ForsetiClient[transactionId=121433, clientId=6374],ForsetiClient[transactionId=121428, clientId=6410]]]} {gql_status: 50N05} {gql_status_description: error: general processing exception - deadlock detected. Deadlock detected while trying to acquire locks. See log for more details.})
Transaction failed and will be retried in 17.595090134374853s ({neo4j_code: Neo.TransientError.Transaction.DeadlockDetected} {message: ForsetiClient[transactionId=121433, clientId=6374] can't acquire ExclusiveLock{owner=ForsetiClient[transactionId=121429, clientId=6384]} on NODE_RELATIONSHIP_GROUP_DELETE(5404) because holders of that lock are waiting for ForsetiClient[transactionId=121433, clientId=6374].
 Wait list:ExclusiveLock[
Client[121429] waits for [ForsetiClient[transactionId=121433, clientId=6374]]]} {gql_status: 50N05} {gql_status_description: error: general processing exception - deadlock detected. Deadlock detected while trying to acquire locks. See log for more details.})
Transaction failed and will be retried in 17.09554223659921s ({neo4j_code: Neo.TransientError.Transaction.DeadlockDetected} {message: ForsetiClient[transactionId=121431, clientId=6400] can't acquire ExclusiveLock{owner=ForsetiClient[transactionId=121429, clientId=6384]} on NODE_RELATIONSHIP_GROUP_DELETE(9674) because holders of that lock are waiting for ForsetiClient[transactionId=121431, clientId=6400].
 Wait list:ExclusiveLock[
Client[121429] waits for [ForsetiClient[transactionId=121431, clientId=6400]]]} {gql_status: 50N05} {gql_status_description: error: general processing exception - deadlock detected. Deadlock detected while trying to acquire locks. See log for more details.})
Transaction failed and will be retried in 13.538873053013017s ({neo4j_code: Neo.TransientError.Transaction.DeadlockDetected} {message: ForsetiClient[transactionId=121432, clientId=6406] can't acquire ExclusiveLock{owner=ForsetiClient[transactionId=121429, clientId=6384]} on NODE_RELATIONSHIP_GROUP_DELETE(14584) because holders of that lock are waiting for ForsetiClient[transactionId=121432, clientId=6406].
 Wait list:ExclusiveLock[
Client[121429] waits for [ForsetiClient[transactionId=121432, clientId=6406]]]} {gql_status: 50N05} {gql_status_description: error: general processing exception - deadlock detected. Deadlock detected while trying to acquire locks. See log for more details.})
Transaction failed and will be retried in 17.693596386842405s ({neo4j_code: Neo.TransientError.Transaction.DeadlockDetected} {message: ForsetiClient[transactionId=121434, clientId=6398] can't acquire ExclusiveLock{owner=ForsetiClient[transactionId=121429, clientId=6384]} on NODE_RELATIONSHIP_GROUP_DELETE(10218) because holders of that lock are waiting for ForsetiClient[transactionId=121434, clientId=6398].
 Wait list:ExclusiveLock[
Client[121429] waits for [ForsetiClient[transactionId=121434, clientId=6398]]]} {gql_status: 50N05} {gql_status_description: error: general processing exception - deadlock detected. Deadlock detected while trying to acquire locks. See log for more details.})
Transaction failed and will be retried in 17.87723519299772s ({neo4j_code: Neo.TransientError.Transaction.DeadlockDetected} {message: ForsetiClient[transactionId=121436, clientId=6413] can't acquire UpdateLock{owners=ForsetiClient[transactionId=121435, clientId=6396], ForsetiClient[transactionId=121436, clientId=6413], refCount=2} on NODE_RELATIONSHIP_GROUP_DELETE(15553) because holders of that lock are waiting for ForsetiClient[transactionId=121436, clientId=6413].
 Wait list:SharedLock[
Client[121435] waits for [ForsetiClient[transactionId=121436, clientId=6413]], 
Client[121436] waits for [ForsetiClient[transactionId=121435, clientId=6396]]]} {gql_status: 50N05} {gql_status_description: error: general processing exception - deadlock detected. Deadlock detected while trying to acquire locks. See log for more details.})
Transaction failed and will be retried in 17.433094167009564s ({neo4j_code: Neo.TransientError.Transaction.DeadlockDetected} {message: ForsetiClient[transactionId=121437, clientId=6405] can't acquire ExclusiveLock{owner=ForsetiClient[transactionId=121441, clientId=6395]} on NODE_RELATIONSHIP_GROUP_DELETE(8482) because holders of that lock are waiting for ForsetiClient[transactionId=121437, clientId=6405].
 Wait list:ExclusiveLock[
Client[121441] waits for [ForsetiClient[transactionId=121437, clientId=6405]]]} {gql_status: 50N05} {gql_status_description: error: general processing exception - deadlock detected. Deadlock detected while trying to acquire locks. See log for more details.})
Transaction failed and will be retried in 13.077305932747127s ({neo4j_code: Neo.TransientError.Transaction.DeadlockDetected} {message: ForsetiClient[transactionId=121438, clientId=6389] can't acquire ExclusiveLock{owner=ForsetiClient[transactionId=121439, clientId=6397]} on NODE_RELATIONSHIP_GROUP_DELETE(11071) because holders of that lock are waiting for ForsetiClient[transactionId=121438, clientId=6389].
 Wait list:ExclusiveLock[
Client[121439] waits for [ForsetiClient[transactionId=121438, clientId=6389]]]} {gql_status: 50N05} {gql_status_description: error: general processing exception - deadlock detected. Deadlock detected while trying to acquire locks. See log for more details.})
Transaction failed and will be retried in 13.8464337616108s ({neo4j_code: Neo.TransientError.Transaction.DeadlockDetected} {message: ForsetiClient[transactionId=121441, clientId=6395] can't acquire ExclusiveLock{owner=ForsetiClient[transactionId=121439, clientId=6397]} on NODE_RELATIONSHIP_GROUP_DELETE(5471) because holders of that lock are waiting for ForsetiClient[transactionId=121441, clientId=6395].
 Wait list:ExclusiveLock[
Client[121439] waits for [ForsetiClient[transactionId=-1, clientId=6389],ForsetiClient[transactionId=121441, clientId=6395]]]} {gql_status: 50N05} {gql_status_description: error: general processing exception - deadlock detected. Deadlock detected while trying to acquire locks. See log for more details.})
Transaction failed and will be retried in 4.751481871713238s ({neo4j_code: Neo.TransientError.Transaction.DeadlockDetected} {message: ForsetiClient[transactionId=121442, clientId=6392] can't acquire ExclusiveLock{owner=ForsetiClient[transactionId=121439, clientId=6397]} on NODE_RELATIONSHIP_GROUP_DELETE(12427) because holders of that lock are waiting for ForsetiClient[transactionId=121442, clientId=6392].
 Wait list:ExclusiveLock[
Client[121439] waits for [ForsetiClient[transactionId=121442, clientId=6392]]]} {gql_status: 50N05} {gql_status_description: error: general processing exception - deadlock detected. Deadlock detected while trying to acquire locks. See log for more details.})
Transaction failed and will be retried in 1.0819314755911025s ({neo4j_code: Neo.TransientError.Transaction.DeadlockDetected} {message: ForsetiClient[transactionId=121448, clientId=6406] can't acquire ExclusiveLock{owner=ForsetiClient[transactionId=121445, clientId=6410]} on NODE_RELATIONSHIP_GROUP_DELETE(12854) because holders of that lock are waiting for ForsetiClient[transactionId=121448, clientId=6406].
 Wait list:ExclusiveLock[
Client[121445] waits for [ForsetiClient[transactionId=121448, clientId=6406]]]} {gql_status: 50N05} {gql_status_description: error: general processing exception - deadlock detected. Deadlock detected while trying to acquire locks. See log for more details.})
Transaction failed and will be retried in 3.5236618215656836s ({neo4j_code: Neo.TransientError.Transaction.DeadlockDetected} {message: ForsetiClient[transactionId=121447, clientId=6400] can't acquire ExclusiveLock{owner=ForsetiClient[transactionId=121445, clientId=6410]} on NODE_RELATIONSHIP_GROUP_DELETE(13696) because holders of that lock are waiting for ForsetiClient[transactionId=121447, clientId=6400].
 Wait list:ExclusiveLock[
Client[121445] waits for [ForsetiClient[transactionId=121447, clientId=6400]]]} {gql_status: 50N05} {gql_status_description: error: general processing exception - deadlock detected. Deadlock detected while trying to acquire locks. See log for more details.})
Transaction failed and will be retried in 8.928432997525867s ({neo4j_code: Neo.TransientError.Transaction.DeadlockDetected} {message: ForsetiClient[transactionId=121462, clientId=6406] can't acquire ExclusiveLock{owner=ForsetiClient[transactionId=121463, clientId=6400]} on NODE_RELATIONSHIP_GROUP_DELETE(9730) because holders of that lock are waiting for ForsetiClient[transactionId=121462, clientId=6406].
 Wait list:ExclusiveLock[
Client[121463] waits for [ForsetiClient[transactionId=121462, clientId=6406]]]} {gql_status: 50N05} {gql_status_description: error: general processing exception - deadlock detected. Deadlock detected while trying to acquire locks. See log for more details.})
Transaction failed and will be retried in 7.5356413820995085s ({neo4j_code: Neo.TransientError.Transaction.DeadlockDetected} {message: ForsetiClient[transactionId=121465, clientId=6398] can't acquire UpdateLock{owners=ForsetiClient[transactionId=121466, clientId=6384], ForsetiClient[transactionId=121465, clientId=6398], refCount=2} on NODE_RELATIONSHIP_GROUP_DELETE(10230) because holders of that lock are waiting for ForsetiClient[transactionId=121465, clientId=6398].
 Wait list:SharedLock[
Client[121466] waits for [ForsetiClient[transactionId=-1, clientId=6410],ForsetiClient[transactionId=121465, clientId=6398]], 
Client[121465] waits for [ForsetiClient[transactionId=121466, clientId=6384],ForsetiClient[transactionId=-1, clientId=6410]]]} {gql_status: 50N05} {gql_status_description: error: general processing exception - deadlock detected. Deadlock detected while trying to acquire locks. See log for more details.})
Transaction failed and will be retried in 1.135454026205664s ({neo4j_code: Neo.TransientError.Transaction.DeadlockDetected} {message: ForsetiClient[transactionId=121491, clientId=6378] can't acquire ExclusiveLock{owner=ForsetiClient[transactionId=121490, clientId=6397]} on NODE_RELATIONSHIP_GROUP_DELETE(13564) because holders of that lock are waiting for ForsetiClient[transactionId=121491, clientId=6378].
 Wait list:ExclusiveLock[
Client[121490] waits for [ForsetiClient[transactionId=121491, clientId=6378]]]} {gql_status: 50N05} {gql_status_description: error: general processing exception - deadlock detected. Deadlock detected while trying to acquire locks. See log for more details.})
Transaction failed and will be retried in 0.8227312319150111s ({neo4j_code: Neo.TransientError.Transaction.DeadlockDetected} {message: ForsetiClient[transactionId=121492, clientId=6390] can't acquire ExclusiveLock{owner=ForsetiClient[transactionId=121490, clientId=6397]} on NODE_RELATIONSHIP_GROUP_DELETE(7279) because holders of that lock are waiting for ForsetiClient[transactionId=121492, clientId=6390].
 Wait list:ExclusiveLock[
Client[121490] waits for [ForsetiClient[transactionId=121492, clientId=6390]]]} {gql_status: 50N05} {gql_status_description: error: general processing exception - deadlock detected. Deadlock detected while trying to acquire locks. See log for more details.})
  primary      workers= 32 docs/s=   11,267 batch p50=  373.7 ms p95=31076.1 ms 
errors=1 | busiest: 
    first error: {neo4j_code: Neo.TransientError.Transaction.DeadlockDetected} 
{message: ForsetiClient[transactionId=121505, clientId=639
[neo4j-cluster] phase: backup
  fingerprint before backup: counts={'customers': 20000, 'categories': 200, 
'products': 5000, 'inventory': 20000} customers 1-50 present=50 probe=100
  backup [neo4j-admin database backup lab --from=neo4j1:6362 --type=full 
(online, Enterprise)] 25.0s  artifact 91,709,275 B (5.7% of data)  online=True  
point-read p50 during 2.45 ms vs baseline 2.84 ms, 0 read errors
  mutated: probe=600 customers 1-50 present=0
Unable to retrieve routing information
Unable to retrieve routing information
Unable to retrieve routing information
Unable to retrieve routing information
Unable to retrieve routing information
Unable to retrieve routing information
Unable to retrieve routing information
Unable to retrieve routing information
Unable to retrieve routing information
Unable to retrieve routing information
Unable to retrieve routing information
Unable to retrieve routing information
Unable to retrieve routing information
Unable to retrieve routing information
Unable to retrieve routing information
Unable to retrieve routing information
Unable to retrieve routing information
Unable to retrieve routing information
Unable to retrieve routing information
Unable to retrieve routing information
Unable to retrieve routing information
Unable to retrieve routing information
Unable to retrieve routing information
Unable to retrieve routing information
Unable to retrieve routing information
Unable to retrieve routing information
Unable to retrieve routing information
Unable to retrieve routing information
Unable to retrieve routing information
Unable to retrieve routing information
Unable to retrieve routing information
Unable to retrieve routing information
Unable to retrieve routing information
Unable to retrieve routing information
Unable to retrieve routing information
Unable to retrieve routing information
Unable to retrieve routing information
Unable to retrieve routing information
Unable to retrieve routing information
Unable to retrieve routing information
Unable to retrieve routing information
Unable to retrieve routing information
Unable to retrieve routing information
Unable to retrieve routing information
Unable to retrieve routing information
Unable to retrieve routing information
Unable to retrieve routing information
Unable to retrieve routing information
Unable to retrieve routing information
Unable to retrieve routing information
Unable to retrieve routing information
Unable to retrieve routing information
Unable to retrieve routing information
Unable to retrieve routing information
Unable to retrieve routing information
Unable to retrieve routing information
Unable to retrieve routing information
Unable to retrieve routing information
Unable to retrieve routing information
Unable to retrieve routing information
Unable to retrieve routing information
Unable to retrieve routing information
Unable to retrieve routing information
Unable to retrieve routing information
Unable to retrieve routing information
Unable to retrieve routing information
Unable to retrieve routing information
Unable to retrieve routing information
Unable to retrieve routing information
Unable to retrieve routing information
Unable to retrieve routing information
Unable to retrieve routing information
Unable to retrieve routing information
Unable to retrieve routing information
Unable to retrieve routing information
Unable to retrieve routing information
Unable to retrieve routing information
Unable to retrieve routing information
Unable to retrieve routing information
Unable to retrieve routing information
Unable to retrieve routing information
Unable to retrieve routing information
Unable to retrieve routing information
Unable to retrieve routing information
Unable to retrieve routing information
Unable to retrieve routing information
Unable to retrieve routing information
Unable to retrieve routing information
Unable to retrieve routing information
Unable to retrieve routing information
Unable to retrieve routing information
Unable to retrieve routing information
Unable to retrieve routing information
Unable to retrieve routing information
Unable to retrieve routing information
Unable to retrieve routing information
Unable to retrieve routing information
Unable to retrieve routing information
Unable to retrieve routing information
Unable to retrieve routing information
Unable to retrieve routing information
Unable to retrieve routing information
Unable to retrieve routing information
Unable to retrieve routing information
Unable to retrieve routing information
Unable to retrieve routing information
Unable to retrieve routing information
Unable to retrieve routing information
Unable to retrieve routing information
Unable to retrieve routing information
Unable to retrieve routing information
Unable to retrieve routing information
Unable to retrieve routing information
Unable to retrieve routing information
Unable to retrieve routing information
Unable to retrieve routing information
Unable to retrieve routing information
  restore [DROP DATABASE + CREATE DATABASE ... OPTIONS {existingData:'use', 
seedURI:'file://.../<tag>.backup'} WAIT (every primary seeds from the shared 
file)] 16.41s  downtime 16172.2 ms  verified=True 
[neo4j-cluster] phase: logging
  neo4j1             driver=kubelet (container-log-max-size/-files via k3d.yaml)
rotation={'max-size': '50Mi', 'max-file': '3'} logged so far 2,550 B / 26 lines 
format=text
  neo4j2             driver=kubelet (container-log-max-size/-files via k3d.yaml)
rotation={'max-size': '50Mi', 'max-file': '3'} logged so far 2,689 B / 27 lines 
format=text
  neo4j3             driver=kubelet (container-log-max-size/-files via k3d.yaml)
rotation={'max-size': '50Mi', 'max-file': '3'} logged so far 2,479 B / 25 lines 
format=text
  server log: text (log4j2 PatternLayout; JsonTemplateLayout available) at 
/logs/{neo4j,debug,query,security,http}.log + stdout
  slow-query log: CALL dbms.setConfigValue('db.logs.query.threshold', '100ms') 
(dynamic) -> /logs/query.log on the member that ran the query
  slow op 'MATCH (e:Event) WHERE e.value_num > 0.5 RETURN count(e) (1M-' took 
427.5 ms -> logged=True (424 ms in log); fast op 43.5 ms -> logged=False; 
entries read back: 2
  audit log: /logs/security.log (Enterprise): authentication and authorization 
events; provoking a failed login + a denied write -> 3 entries read back 
(verified=True)
  runtime log level: error NotALeader: {neo4j_code: 
Neo.ClientError.Cluster.NotALeader} {message: Unable to route to database 'lab'.
Unable to get bolt address of leader.} {gql_status: 08N00} 
{gql_status_description: error: connection exception - unable to connect to 
database. Unable to connect to database `lab`. Unable to ge
  log volume during this phase: neo4j1 105 B/1 lines, neo4j2 0 B/0 lines, neo4j3
210 B/2 lines
[neo4j-cluster] phase: replication
  primary    role=leader (routed) {'members': [{'address': '127.0.0.1:31008', 
'role': 'primary', 'writer': True, 'currentStatus': 'online', 'lastCommitted
  node1      role=follower {'members': [{'address': '127.0.0.1:31008', 'role': 
'primary', 'writer': True, 'currentStatus': 'online', 'lastCommitted
  node2      role=follower {'members': [{'address': '127.0.0.1:31006', 'role': 
'primary', 'writer': False, 'currentStatus': 'online', 'lastCommitte
  node3      role=leader {'members': [{'address': '127.0.0.1:31008', 'role': 
'primary', 'writer': True, 'currentStatus': 'online', 'lastCommitted
  router2    role=leader (routed) {'members': [{'address': '127.0.0.1:31008', 
'role': 'primary', 'writer': True, 'currentStatus': 'online', 'lastCommitted
  router3    role=leader (routed) {'members': [{'address': '127.0.0.1:31008', 
'role': 'primary', 'writer': True, 'currentStatus': 'online', 'lastCommitted
  visibility lag -> node2: p50=5.16 ms p95=19.79 ms max=45.22 ms timeouts=0
  visibility lag -> node3: p50=3.00 ms p95=7.35 ms max=22.33 ms timeouts=0
Transaction failed and will be retried in 0.8477653651304846s (No write service available for pool <BoltPool address=IPv4Address(('127.0.0.1', 31007))>)
Transaction failed and will be retried in 1.6051089761158326s (No write service available for pool <BoltPool address=IPv4Address(('127.0.0.1', 31007))>)
Transaction failed and will be retried in 4.378174642334109s (No write service available for pool <BoltPool address=IPv4Address(('127.0.0.1', 31007))>)
Transaction failed and will be retried in 8.815736346283124s (No write service available for pool <BoltPool address=IPv4Address(('127.0.0.1', 31007))>)
Transaction failed and will be retried in 16.488301450842144s (No write service available for pool <BoltPool address=IPv4Address(('127.0.0.1', 31007))>)
  write on node2: rejected WriteServiceUnavailable: No write service available 
for pool
  write on node3: ACCEPTED
  lag under load: 20000 docs in 88.45s, catch-up after last write: {'node2': 
37.5, 'node3': 6.3}
  read scaling: primary only 8611 ops/s -> primary+replicas 6404 ops/s (x0.74) 
errors=0
  killing primary container nslab-neo4j3 ...
  downtime until first successful write via router2: 964.5 ms (1 attempts)
saved 
/home/berkay-server/repos/boilers/raw-codes/databases/ns-databases/results/k3s/n
eo4j-cluster/20260914-152653-d8b42e.json
