[neo4j] starting stack ...
[neo4j] up in 33.2s: ['neo4j']
[neo4j] phase: load
  schema created (14 items, 1.77s)
  customers       20,000 docs     4.34s      4,608 docs/s  [bulk_put]
  categories         200 docs     0.41s        492 docs/s  [bulk_put]
  products         5,000 docs     2.62s      1,910 docs/s  [bulk_put]
  orders         200,000 docs    55.56s      3,600 docs/s  [bulk_put]
  events       1,000,000 docs   114.79s      8,712 docs/s  [bulk_put]
  inventory       20,000 docs     1.71s     11,701 docs/s  [bulk_put]
[neo4j] phase: capabilities
  OK  secondary_index          CREATE INDEX on a node property 
(range/point/text/lookup)
  OK  compound_index           CREATE INDEX ... FOR (n:L) ON (n.a, n.b) 
composite index
  OK  unique_constraint        UNIQUE constraint rejects duplicate: {neo4j_code:
Neo.ClientError.Schema.ConstraintValidationFail
  --  ttl_expiry               no native per-node TTL; APOC apoc.ttl or a 
scheduled job on an expiry property
  OK  text_index               CREATE FULLTEXT INDEX + 
db.index.fulltext.queryNodes (Lucene)
  OK  geo_index                point type + point.distance; POINT range index 
for bounding-box
  OK  vector_index             CREATE VECTOR INDEX (HNSW) + 
db.index.vector.queryNodes
  OK  partial_update           SET / REMOVE a single property
  OK  atomic_increment         SET n.x = n.x + 1 inside an auto-committed 
transaction -> [(363,)]
  OK  optimistic_concurrency   read version, SET guarded by WHERE in one tx -> 
[(1, 2)]
  OK  multi_doc_transaction    full ACID transactions (multi-statement, 
commit/rollback)
  --  tunable_consistency      single-primary within a cluster; routing 
(WRITE->leader, READ->followers) but no per-write quorum kn
  OK  nested_query             map properties / flattened; APOC for deep maps
  OK  array_operators          list properties + IN / list comprehensions / 
UNWIND -> 1
  OK  aggregation              count/sum/avg/collect + WITH grouping
  OK  server_side_join         traversals ARE the join: MATCH patterns over 
relationships (index-free adjacency)
  OK  graph_traversal          variable-length relationships MATCH 
(a)-[:R*1..5]->(b); shortestPath; APOC
  --  schema_validation        existence/type/key constraints are 
Enterprise-only; Community has UNIQUE constraints only
  --  change_streams           CDC is Enterprise-only (db.cdc.*); Community has 
no change feed
  OK  server_side_scripting    APOC procedures/functions + custom user-defined 
procedures (Java) -> APOC 5.26.30
  --  pubsub                   no pub/sub
  OK  explain_plan             EXPLAIN / PROFILE returns the operator tree 
(NodeIndexSeek, Expand, ...)
  OK  bulk_import              UNWIND $rows batches (used here); LOAD CSV; 
neo4j-admin database import (offline, fastest)
  OK  large_document           15 MB string property ok (default max is bounded 
by page/heap, not a fixed doc size)
  OK  many_fields              5001 properties on one node
  --  read_from_replica        single instance in this lab (Enterprise causal 
cluster routes reads to secondaries via bolt+routing)
  --  snapshot_backup          Community: neo4j-admin database dump needs the 
database stopped (STOP DATABASE is rejected, so the s
  --  incremental_backup       differential backups are Enterprise (neo4j-admin 
database backup --type=differential)
  --  pitr                     Enterprise: full + differential backups restore 
to a transaction id; Community has full dumps only
  OK  slow_query_log           query.log (db.logs.query.threshold) stays empty 
in Community; the in-memory query collector db.stats
  --  audit_log                security.log auth events and query.log are 
Enterprise; Community has the query collector only
  OK  structured_logs          log4j2 (conf/server-logs.xml, user-logs.xml): 
switch the PatternLayout to JsonTemplateLayout; text b
  OK  runtime_log_level        conf/server-logs.xml is re-read every 30 s 
(log4j2 monitorInterval) — edit the Root level, no restar
[neo4j] phase: bench
  OK  ping                     p50=    2.778 ms  p95=    4.400 ms  rows=-
  OK  get_by_key               p50=    2.824 ms  p95=    3.468 ms  rows=1
  OK  multi_get                p50=   13.801 ms  p95=   19.032 ms  rows=100
  OK  insert_one               p50=    5.275 ms  p95=    8.547 ms  rows=-
  OK  update_field             p50=    5.448 ms  p95=    6.367 ms  rows=-
  OK  upsert                   p50=    5.545 ms  p95=    6.287 ms  rows=-
  OK  delete_one               p50=    5.606 ms  p95=   15.839 ms  rows=-
  OK  atomic_increment         p50=    5.365 ms  p95=    7.020 ms  rows=1
  OK  conditional_update       p50=    6.026 ms  p95=    6.691 ms  rows=1
  OK  batch_insert_1000        p50=  123.954 ms  p95=  140.561 ms  rows=-
  OK  range_by_secondary       p50=    3.269 ms  p95=    4.794 ms  rows=7
  OK  range_by_time            p50=   76.739 ms  p95=   89.049 ms  rows=100
  OK  filter_nested            p50=   15.057 ms  p95=   19.077 ms  rows=1
  OK  array_contains           p50=    8.173 ms  p95=   14.305 ms  rows=1
  OK  top_n_sorted             p50=    3.569 ms  p95=    4.786 ms  rows=10
  OK  pagination_offset        p50=  303.448 ms  p95=  360.059 ms  rows=50
  OK  pagination_keyset        p50=  242.167 ms  p95=  266.419 ms  rows=50
  OK  count_filtered           p50=  117.308 ms  p95=  132.688 ms  rows=1
  OK  aggregate_group          p50=  199.164 ms  p95=  234.684 ms  rows=13
  OK  aggregate_time_bucket    p50=  103.870 ms  p95=  104.062 ms  rows=24
  OK  join_lookup              p50=    3.047 ms  p95=    3.953 ms  rows=7
  OK  graph_traversal          p50=    2.322 ms  p95=    3.112 ms  rows=2
  OK  text_search              p50=   22.769 ms  p95=   27.659 ms  rows=20
  OK  geo_near                 p50=   18.238 ms  p95=   22.373 ms  rows=20
  OK  vector_knn               p50=    4.716 ms  p95=    5.669 ms  rows=10
  OK  transaction_transfer     p50=    4.526 ms  p95=    6.022 ms  rows=-
  OK  ttl_set                  p50=    5.368 ms  p95=    6.546 ms  rows=-
  OK  scan_full                p50=    3.303 ms  p95=    3.335 ms  rows=1
[neo4j] phase: optimize
  opt01_secondary_index
    no_index                             p50=   81.082 ms rows=100
    composite_(event_type,occurred_at)   p50=   14.122 ms rows=100
  opt02_projection
    full_document                        p50=    3.596 ms rows=1
    projection_3_fields                  p50=    3.167 ms rows=1
  opt03_pagination
    offset_depth_10000                   p50=  271.533 ms rows=50
    keyset_depth_10000                   p50=  244.720 ms rows=50
    offset_depth_100000                  p50=  649.590 ms rows=50
    keyset_depth_100000                  p50=  127.948 ms rows=50
  opt04_batching
    single_put_x2000                           200 docs/s 
    bulk_put_1000_x2                         8,743 docs/s 
  opt05_multi_get
    sequential_100_gets                  p50=  205.876 ms rows=100
    multi_get_100                        p50=   11.624 ms rows=100
  opt06_embedding_vs_reference
    embedded_items                       p50=    2.775 ms rows=1
    referenced_items                     p50=    2.501 ms rows=1
  opt07_write_durability
    n/a (no tunable write durability)
  opt08_read_consistency
    n/a (no tunable read consistency)
  opt09_connection_reuse
    connect_per_operation                p50=    5.034 ms rows=1
    persistent_client                    p50=    1.929 ms rows=1
[neo4j] phase: connections
  max_connections=800
  connect latency via primary    p50=7.08 ms p95=7.98 ms errors=0
  storm via primary    n=  10 opened=  10 failed=  0 wall=    50.2 ms connect 
p95=27.0 ms codes={}
  storm via primary    n=  50 opened=  50 failed=  0 wall=   166.0 ms connect 
p95=156.4 ms codes={}
  storm via primary    n= 100 opened= 100 failed=  0 wall=   283.1 ms connect 
p95=260.6 ms codes={}
  storm via primary    n= 200 opened= 200 failed=  0 wall=   509.7 ms connect 
p95=471.8 ms codes={}
  storm via primary    n= 500 opened= 500 failed=  0 wall=  1513.7 ms connect 
p95=1340.2 ms codes={}
  storm via primary    n= 810 opened= 810 failed=  0 wall=  2029.0 ms connect 
p95=1801.4 ms codes={}
  workers=  1 via primary    ops/s=    457 p50=2.163 ms p99=3.070 ms errors=0 
  workers=  4 via primary    ops/s=   2474 p50=1.559 ms p99=2.486 ms errors=0 
  workers= 16 via primary    ops/s=  11443 p50=1.260 ms p99=2.325 ms errors=0 
  workers= 32 via primary    ops/s=  11969 p50=2.319 ms p99=5.238 ms errors=0 
  workers= 64 via primary    ops/s=  12002 p50=4.077 ms p99=12.557 ms errors=0 
  pool 8 clients / 32 threads: ops/s=677 checkout wait p50=0.006 ms p99=0.030 ms
  write contention: {'threads': 4, 'iters_per_thread': 50, 'applied': 200, 
'rejected': 0, 'errors': 0, 'version_before': 3, 'version_after': 203, 
'version_delta': 200, 'atomic': True, 'seconds': 0.44, 'first_error': None, 
'interpretation': 
[neo4j] phase: loadtest
Transaction failed and will be retried in 0.8946329692839102s ({neo4j_code: Neo.TransientError.Transaction.DeadlockDetected} {message: ForsetiClient[transactionId=162608, clientId=8691] can't acquire ExclusiveLock{owner=ForsetiClient[transactionId=162609, clientId=8695]} on NODE_RELATIONSHIP_GROUP_DELETE(16016) because holders of that lock are waiting for ForsetiClient[transactionId=162608, clientId=8691].
 Wait list:ExclusiveLock[
Client[162609] waits for [ForsetiClient[transactionId=162608, clientId=8691]]]} {gql_status: 50N05} {gql_status_description: error: general processing exception - deadlock detected. Deadlock detected while trying to acquire locks. See log for more details.})
Transaction failed and will be retried in 1.1388697897188058s ({neo4j_code: Neo.TransientError.Transaction.DeadlockDetected} {message: ForsetiClient[transactionId=162610, clientId=8705] can't acquire ExclusiveLock{owner=ForsetiClient[transactionId=162606, clientId=8689]} on NODE_RELATIONSHIP_GROUP_DELETE(10903) because holders of that lock are waiting for ForsetiClient[transactionId=162610, clientId=8705].
 Wait list:ExclusiveLock[
Client[162606] waits for [ForsetiClient[transactionId=162610, clientId=8705]]]} {gql_status: 50N05} {gql_status_description: error: general processing exception - deadlock detected. Deadlock detected while trying to acquire locks. See log for more details.})
Transaction failed and will be retried in 0.8213088379521207s ({neo4j_code: Neo.TransientError.Transaction.DeadlockDetected} {message: ForsetiClient[transactionId=162624, clientId=8695] can't acquire ExclusiveLock{owner=ForsetiClient[transactionId=162625, clientId=8705]} on NODE_RELATIONSHIP_GROUP_DELETE(5473) because holders of that lock are waiting for ForsetiClient[transactionId=162624, clientId=8695].
 Wait list:ExclusiveLock[
Client[162625] waits for [ForsetiClient[transactionId=162624, clientId=8695]]]} {gql_status: 50N05} {gql_status_description: error: general processing exception - deadlock detected. Deadlock detected while trying to acquire locks. See log for more details.})
Transaction failed and will be retried in 0.8281300712148619s ({neo4j_code: Neo.TransientError.Transaction.DeadlockDetected} {message: ForsetiClient[transactionId=162630, clientId=8708] can't acquire ExclusiveLock{owner=ForsetiClient[transactionId=162629, clientId=8655]} on NODE_RELATIONSHIP_GROUP_DELETE(10195) because holders of that lock are waiting for ForsetiClient[transactionId=162630, clientId=8708].
 Wait list:ExclusiveLock[
Client[162629] waits for [ForsetiClient[transactionId=162630, clientId=8708]]]} {gql_status: 50N05} {gql_status_description: error: general processing exception - deadlock detected. Deadlock detected while trying to acquire locks. See log for more details.})
Transaction failed and will be retried in 1.177305602469592s ({neo4j_code: Neo.TransientError.Transaction.DeadlockDetected} {message: ForsetiClient[transactionId=162638, clientId=8655] can't acquire ExclusiveLock{owner=ForsetiClient[transactionId=162639, clientId=8691]} on NODE_RELATIONSHIP_GROUP_DELETE(12643) because holders of that lock are waiting for ForsetiClient[transactionId=162638, clientId=8655].
 Wait list:ExclusiveLock[
Client[162639] waits for [ForsetiClient[transactionId=162638, clientId=8655]]]} {gql_status: 50N05} {gql_status_description: error: general processing exception - deadlock detected. Deadlock detected while trying to acquire locks. See log for more details.})
Transaction failed and will be retried in 1.7189602495455931s ({neo4j_code: Neo.TransientError.Transaction.DeadlockDetected} {message: ForsetiClient[transactionId=162644, clientId=8701] can't acquire ExclusiveLock{owner=ForsetiClient[transactionId=162645, clientId=8708]} on NODE_RELATIONSHIP_GROUP_DELETE(13867) because holders of that lock are waiting for ForsetiClient[transactionId=162644, clientId=8701].
 Wait list:ExclusiveLock[
Client[162645] waits for [ForsetiClient[transactionId=162644, clientId=8701]]]} {gql_status: 50N05} {gql_status_description: error: general processing exception - deadlock detected. Deadlock detected while trying to acquire locks. See log for more details.})
Transaction failed and will be retried in 1.1592467281574235s ({neo4j_code: Neo.TransientError.Transaction.DeadlockDetected} {message: ForsetiClient[transactionId=162660, clientId=8701] can't acquire ExclusiveLock{owner=ForsetiClient[transactionId=162659, clientId=8704]} on NODE_RELATIONSHIP_GROUP_DELETE(15707) because holders of that lock are waiting for ForsetiClient[transactionId=162660, clientId=8701].
 Wait list:ExclusiveLock[
Client[162659] waits for [ForsetiClient[transactionId=162660, clientId=8701]]]} {gql_status: 50N05} {gql_status_description: error: general processing exception - deadlock detected. Deadlock detected while trying to acquire locks. See log for more details.})
Transaction failed and will be retried in 1.0542968898666398s ({neo4j_code: Neo.TransientError.Transaction.DeadlockDetected} {message: ForsetiClient[transactionId=162677, clientId=8708] can't acquire ExclusiveLock{owner=ForsetiClient[transactionId=162676, clientId=8704]} on NODE_RELATIONSHIP_GROUP_DELETE(7765) because holders of that lock are waiting for ForsetiClient[transactionId=162677, clientId=8708].
 Wait list:ExclusiveLock[
Client[162676] waits for [ForsetiClient[transactionId=162677, clientId=8708]]]} {gql_status: 50N05} {gql_status_description: error: general processing exception - deadlock detected. Deadlock detected while trying to acquire locks. See log for more details.})
Transaction failed and will be retried in 1.734411575588466s ({neo4j_code: Neo.TransientError.Transaction.DeadlockDetected} {message: ForsetiClient[transactionId=162682, clientId=8691] can't acquire ExclusiveLock{owner=ForsetiClient[transactionId=162683, clientId=8701]} on NODE_RELATIONSHIP_GROUP_DELETE(17866) because holders of that lock are waiting for ForsetiClient[transactionId=162682, clientId=8691].
 Wait list:ExclusiveLock[
Client[162683] waits for [ForsetiClient[transactionId=162682, clientId=8691]]]} {gql_status: 50N05} {gql_status_description: error: general processing exception - deadlock detected. Deadlock detected while trying to acquire locks. See log for more details.})
Transaction failed and will be retried in 0.8311192925560043s ({neo4j_code: Neo.TransientError.Transaction.DeadlockDetected} {message: ForsetiClient[transactionId=162697, clientId=8689] can't acquire ExclusiveLock{owner=ForsetiClient[transactionId=162696, clientId=8655]} on NODE_RELATIONSHIP_GROUP_DELETE(13221) because holders of that lock are waiting for ForsetiClient[transactionId=162697, clientId=8689].
 Wait list:ExclusiveLock[
Client[162696] waits for [ForsetiClient[transactionId=162697, clientId=8689]]]} {gql_status: 50N05} {gql_status_description: error: general processing exception - deadlock detected. Deadlock detected while trying to acquire locks. See log for more details.})
Transaction failed and will be retried in 3.9600089181649443s ({neo4j_code: Neo.TransientError.Transaction.DeadlockDetected} {message: ForsetiClient[transactionId=162709, clientId=8704] can't acquire ExclusiveLock{owner=ForsetiClient[transactionId=162710, clientId=8695]} on NODE_RELATIONSHIP_GROUP_DELETE(5352) because holders of that lock are waiting for ForsetiClient[transactionId=162709, clientId=8704].
 Wait list:ExclusiveLock[
Client[162710] waits for [ForsetiClient[transactionId=162709, clientId=8704]]]} {gql_status: 50N05} {gql_status_description: error: general processing exception - deadlock detected. Deadlock detected while trying to acquire locks. See log for more details.})
Transaction failed and will be retried in 1.8262234352391786s ({neo4j_code: Neo.TransientError.Transaction.DeadlockDetected} {message: ForsetiClient[transactionId=162711, clientId=8705] can't acquire ExclusiveLock{owner=ForsetiClient[transactionId=162712, clientId=8689]} on NODE_RELATIONSHIP_GROUP_DELETE(13108) because holders of that lock are waiting for ForsetiClient[transactionId=162711, clientId=8705].
 Wait list:ExclusiveLock[
Client[162712] waits for [ForsetiClient[transactionId=162711, clientId=8705]]]} {gql_status: 50N05} {gql_status_description: error: general processing exception - deadlock detected. Deadlock detected while trying to acquire locks. See log for more details.})
Transaction failed and will be retried in 0.9726176316837473s ({neo4j_code: Neo.TransientError.Transaction.DeadlockDetected} {message: ForsetiClient[transactionId=162744, clientId=8689] can't acquire ExclusiveLock{owner=ForsetiClient[transactionId=162741, clientId=8704]} on NODE_RELATIONSHIP_GROUP_DELETE(14269) because holders of that lock are waiting for ForsetiClient[transactionId=162744, clientId=8689].
 Wait list:ExclusiveLock[
Client[162741] waits for [ForsetiClient[transactionId=162744, clientId=8689]]]} {gql_status: 50N05} {gql_status_description: error: general processing exception - deadlock detected. Deadlock detected while trying to acquire locks. See log for more details.})
Transaction failed and will be retried in 0.8392006913304318s ({neo4j_code: Neo.TransientError.Transaction.DeadlockDetected} {message: ForsetiClient[transactionId=162774, clientId=8655] can't acquire ExclusiveLock{owner=ForsetiClient[transactionId=162775, clientId=8708]} on NODE_RELATIONSHIP_GROUP_DELETE(9701) because holders of that lock are waiting for ForsetiClient[transactionId=162774, clientId=8655].
 Wait list:ExclusiveLock[
Client[162775] waits for [ForsetiClient[transactionId=162774, clientId=8655]]]} {gql_status: 50N05} {gql_status_description: error: general processing exception - deadlock detected. Deadlock detected while trying to acquire locks. See log for more details.})
Transaction failed and will be retried in 1.1976737056753195s ({neo4j_code: Neo.TransientError.Transaction.DeadlockDetected} {message: ForsetiClient[transactionId=162776, clientId=8689] can't acquire ExclusiveLock{owner=ForsetiClient[transactionId=162775, clientId=8708]} on NODE_RELATIONSHIP_GROUP_DELETE(15938) because holders of that lock are waiting for ForsetiClient[transactionId=162776, clientId=8689].
 Wait list:ExclusiveLock[
Client[162775] waits for [ForsetiClient[transactionId=162776, clientId=8689]]]} {gql_status: 50N05} {gql_status_description: error: general processing exception - deadlock detected. Deadlock detected while trying to acquire locks. See log for more details.})
Transaction failed and will be retried in 0.9879332104045757s ({neo4j_code: Neo.TransientError.Transaction.DeadlockDetected} {message: ForsetiClient[transactionId=162792, clientId=8708] can't acquire ExclusiveLock{owner=ForsetiClient[transactionId=162791, clientId=8689]} on NODE_RELATIONSHIP_GROUP_DELETE(8380) because holders of that lock are waiting for ForsetiClient[transactionId=162792, clientId=8708].
 Wait list:ExclusiveLock[
Client[162791] waits for [ForsetiClient[transactionId=162792, clientId=8708]]]} {gql_status: 50N05} {gql_status_description: error: general processing exception - deadlock detected. Deadlock detected while trying to acquire locks. See log for more details.})
Transaction failed and will be retried in 0.8041662554002902s ({neo4j_code: Neo.TransientError.Transaction.DeadlockDetected} {message: ForsetiClient[transactionId=162798, clientId=8655] can't acquire ExclusiveLock{owner=ForsetiClient[transactionId=162797, clientId=8705]} on NODE_RELATIONSHIP_GROUP_DELETE(552) because holders of that lock are waiting for ForsetiClient[transactionId=162798, clientId=8655].
 Wait list:ExclusiveLock[
Client[162797] waits for [ForsetiClient[transactionId=162798, clientId=8655]]]} {gql_status: 50N05} {gql_status_description: error: general processing exception - deadlock detected. Deadlock detected while trying to acquire locks. See log for more details.})
Transaction failed and will be retried in 1.1365057611770264s ({neo4j_code: Neo.TransientError.Transaction.DeadlockDetected} {message: ForsetiClient[transactionId=162810, clientId=8704] can't acquire ExclusiveLock{owner=ForsetiClient[transactionId=162809, clientId=8691]} on NODE_RELATIONSHIP_GROUP_DELETE(12526) because holders of that lock are waiting for ForsetiClient[transactionId=162810, clientId=8704].
 Wait list:ExclusiveLock[
Client[162809] waits for [ForsetiClient[transactionId=162810, clientId=8704]]]} {gql_status: 50N05} {gql_status_description: error: general processing exception - deadlock detected. Deadlock detected while trying to acquire locks. See log for more details.})
Transaction failed and will be retried in 1.1648182965652591s ({neo4j_code: Neo.TransientError.Transaction.DeadlockDetected} {message: ForsetiClient[transactionId=162813, clientId=8655] can't acquire ExclusiveLock{owner=ForsetiClient[transactionId=162812, clientId=8701]} on NODE_RELATIONSHIP_GROUP_DELETE(11763) because holders of that lock are waiting for ForsetiClient[transactionId=162813, clientId=8655].
 Wait list:ExclusiveLock[
Client[162812] waits for [ForsetiClient[transactionId=162813, clientId=8655]]]} {gql_status: 50N05} {gql_status_description: error: general processing exception - deadlock detected. Deadlock detected while trying to acquire locks. See log for more details.})
Transaction failed and will be retried in 1.94708778630054s ({neo4j_code: Neo.TransientError.Transaction.DeadlockDetected} {message: ForsetiClient[transactionId=162832, clientId=8701] can't acquire ExclusiveLock{owner=ForsetiClient[transactionId=162833, clientId=8708]} on NODE_RELATIONSHIP_GROUP_DELETE(12414) because holders of that lock are waiting for ForsetiClient[transactionId=162832, clientId=8701].
 Wait list:ExclusiveLock[
Client[162833] waits for [ForsetiClient[transactionId=162832, clientId=8701]]]} {gql_status: 50N05} {gql_status_description: error: general processing exception - deadlock detected. Deadlock detected while trying to acquire locks. See log for more details.})
Transaction failed and will be retried in 1.778617573481617s ({neo4j_code: Neo.TransientError.Transaction.DeadlockDetected} {message: ForsetiClient[transactionId=162836, clientId=8655] can't acquire ExclusiveLock{owner=ForsetiClient[transactionId=162837, clientId=8705]} on NODE_RELATIONSHIP_GROUP_DELETE(7476) because holders of that lock are waiting for ForsetiClient[transactionId=162836, clientId=8655].
 Wait list:ExclusiveLock[
Client[162837] waits for [ForsetiClient[transactionId=162836, clientId=8655]]]} {gql_status: 50N05} {gql_status_description: error: general processing exception - deadlock detected. Deadlock detected while trying to acquire locks. See log for more details.})
Transaction failed and will be retried in 1.1398184786187497s ({neo4j_code: Neo.TransientError.Transaction.DeadlockDetected} {message: ForsetiClient[transactionId=162846, clientId=8689] can't acquire UpdateLock{owners=ForsetiClient[transactionId=162847, clientId=8704], ForsetiClient[transactionId=162846, clientId=8689], refCount=2} on NODE_RELATIONSHIP_GROUP_DELETE(8207) because holders of that lock are waiting for ForsetiClient[transactionId=162846, clientId=8689].
 Wait list:SharedLock[
Client[162847] waits for [ForsetiClient[transactionId=162846, clientId=8689]], 
Client[162846] waits for [ForsetiClient[transactionId=162847, clientId=8704]]]} {gql_status: 50N05} {gql_status_description: error: general processing exception - deadlock detected. Deadlock detected while trying to acquire locks. See log for more details.})
Transaction failed and will be retried in 4.549812823956953s ({neo4j_code: Neo.TransientError.Transaction.DeadlockDetected} {message: ForsetiClient[transactionId=162854, clientId=8689] can't acquire UpdateLock{owners=ForsetiClient[transactionId=162854, clientId=8689], ForsetiClient[transactionId=162856, clientId=8701], refCount=2} on NODE_RELATIONSHIP_GROUP_DELETE(18434) because holders of that lock are waiting for ForsetiClient[transactionId=162854, clientId=8689].
 Wait list:SharedLock[
Client[162854] waits for [ForsetiClient[transactionId=162856, clientId=8701]], 
Client[162856] waits for [ForsetiClient[transactionId=162854, clientId=8689]]]} {gql_status: 50N05} {gql_status_description: error: general processing exception - deadlock detected. Deadlock detected while trying to acquire locks. See log for more details.})
Transaction failed and will be retried in 1.8766432866129714s ({neo4j_code: Neo.TransientError.Transaction.DeadlockDetected} {message: ForsetiClient[transactionId=162855, clientId=8704] can't acquire UpdateLock{owners=ForsetiClient[transactionId=162855, clientId=8704], ForsetiClient[transactionId=162856, clientId=8701], refCount=2} on NODE_RELATIONSHIP_GROUP_DELETE(16097) because holders of that lock are waiting for ForsetiClient[transactionId=162855, clientId=8704].
 Wait list:SharedLock[
Client[162855] waits for [ForsetiClient[transactionId=-1, clientId=8689],ForsetiClient[transactionId=162856, clientId=8701]], 
Client[162856] waits for [ForsetiClient[transactionId=162855, clientId=8704],ForsetiClient[transactionId=-1, clientId=8689]]]} {gql_status: 50N05} {gql_status_description: error: general processing exception - deadlock detected. Deadlock detected while trying to acquire locks. See log for more details.})
Transaction failed and will be retried in 3.5890035618005265s ({neo4j_code: Neo.TransientError.Transaction.DeadlockDetected} {message: ForsetiClient[transactionId=162869, clientId=8705] can't acquire UpdateLock{owners=ForsetiClient[transactionId=162870, clientId=8689], ForsetiClient[transactionId=162869, clientId=8705], refCount=2} on NODE_RELATIONSHIP_GROUP_DELETE(13508) because holders of that lock are waiting for ForsetiClient[transactionId=162869, clientId=8705].
 Wait list:SharedLock[
Client[162870] waits for [ForsetiClient[transactionId=162869, clientId=8705],ForsetiClient[transactionId=-1, clientId=8655]], 
Client[162869] waits for [ForsetiClient[transactionId=162870, clientId=8689],ForsetiClient[transactionId=-1, clientId=8655]]]} {gql_status: 50N05} {gql_status_description: error: general processing exception - deadlock detected. Deadlock detected while trying to acquire locks. See log for more details.})
  primary      workers=  4 docs/s=   14,200 batch p50=  137.2 ms p95= 1271.9 ms 
errors=0 | busiest: 
Transaction failed and will be retried in 0.8593895572166785s ({neo4j_code: Neo.TransientError.Transaction.DeadlockDetected} {message: ForsetiClient[transactionId=162903, clientId=8708] can't acquire ExclusiveLock{owner=ForsetiClient[transactionId=162906, clientId=8704]} on NODE_RELATIONSHIP_GROUP_DELETE(2063) because holders of that lock are waiting for ForsetiClient[transactionId=162903, clientId=8708].
 Wait list:ExclusiveLock[
Client[162906] waits for [ForsetiClient[transactionId=162903, clientId=8708]]]} {gql_status: 50N05} {gql_status_description: error: general processing exception - deadlock detected. Deadlock detected while trying to acquire locks. See log for more details.})
Transaction failed and will be retried in 1.1619789647400542s ({neo4j_code: Neo.TransientError.Transaction.DeadlockDetected} {message: ForsetiClient[transactionId=162915, clientId=8713] can't acquire ExclusiveLock{owner=ForsetiClient[transactionId=162907, clientId=8695]} on NODE_RELATIONSHIP_GROUP_DELETE(7614) because holders of that lock are waiting for ForsetiClient[transactionId=162915, clientId=8713].
 Wait list:ExclusiveLock[
Client[162907] waits for [ForsetiClient[transactionId=162906, clientId=8704],ForsetiClient[transactionId=162915, clientId=8713]]]} {gql_status: 50N05} {gql_status_description: error: general processing exception - deadlock detected. Deadlock detected while trying to acquire locks. See log for more details.})
Transaction failed and will be retried in 0.8538895652492471s ({neo4j_code: Neo.TransientError.Transaction.DeadlockDetected} {message: ForsetiClient[transactionId=162907, clientId=8695] can't acquire ExclusiveLock{owner=ForsetiClient[transactionId=162906, clientId=8704]} on NODE_RELATIONSHIP_GROUP_DELETE(1448) because holders of that lock are waiting for ForsetiClient[transactionId=162907, clientId=8695].
 Wait list:ExclusiveLock[
Client[162906] waits for [ForsetiClient[transactionId=162907, clientId=8695],ForsetiClient[transactionId=162915, clientId=8713]]]} {gql_status: 50N05} {gql_status_description: error: general processing exception - deadlock detected. Deadlock detected while trying to acquire locks. See log for more details.})
Transaction failed and will be retried in 0.9987714083451903s ({neo4j_code: Neo.TransientError.Transaction.DeadlockDetected} {message: ForsetiClient[transactionId=162908, clientId=8655] can't acquire ExclusiveLock{owner=ForsetiClient[transactionId=162906, clientId=8704]} on NODE_RELATIONSHIP_GROUP_DELETE(18962) because holders of that lock are waiting for ForsetiClient[transactionId=162908, clientId=8655].
 Wait list:ExclusiveLock[
Client[162906] waits for [ForsetiClient[transactionId=162913, clientId=8711],ForsetiClient[transactionId=162908, clientId=8655]]]} {gql_status: 50N05} {gql_status_description: error: general processing exception - deadlock detected. Deadlock detected while trying to acquire locks. See log for more details.})
Transaction failed and will be retried in 0.9050567234041814s ({neo4j_code: Neo.TransientError.Transaction.DeadlockDetected} {message: ForsetiClient[transactionId=162913, clientId=8711] can't acquire ExclusiveLock{owner=ForsetiClient[transactionId=162906, clientId=8704]} on NODE_RELATIONSHIP_GROUP_DELETE(19899) because holders of that lock are waiting for ForsetiClient[transactionId=162913, clientId=8711].
 Wait list:ExclusiveLock[
Client[162906] waits for [ForsetiClient[transactionId=162913, clientId=8711]]]} {gql_status: 50N05} {gql_status_description: error: general processing exception - deadlock detected. Deadlock detected while trying to acquire locks. See log for more details.})
Transaction failed and will be retried in 1.108931256164865s ({neo4j_code: Neo.TransientError.Transaction.DeadlockDetected} {message: ForsetiClient[transactionId=162910, clientId=8691] can't acquire ExclusiveLock{owner=ForsetiClient[transactionId=162906, clientId=8704]} on NODE_RELATIONSHIP_GROUP_DELETE(5445) because holders of that lock are waiting for ForsetiClient[transactionId=162910, clientId=8691].
 Wait list:ExclusiveLock[
Client[162906] waits for [ForsetiClient[transactionId=162910, clientId=8691]]]} {gql_status: 50N05} {gql_status_description: error: general processing exception - deadlock detected. Deadlock detected while trying to acquire locks. See log for more details.})
Transaction failed and will be retried in 1.1570333203802s ({neo4j_code: Neo.TransientError.Transaction.DeadlockDetected} {message: ForsetiClient[transactionId=162917, clientId=8715] can't acquire ExclusiveLock{owner=ForsetiClient[transactionId=162906, clientId=8704]} on NODE_RELATIONSHIP_GROUP_DELETE(9022) because holders of that lock are waiting for ForsetiClient[transactionId=162917, clientId=8715].
 Wait list:ExclusiveLock[
Client[162906] waits for [ForsetiClient[transactionId=162917, clientId=8715]]]} {gql_status: 50N05} {gql_status_description: error: general processing exception - deadlock detected. Deadlock detected while trying to acquire locks. See log for more details.})
Transaction failed and will be retried in 1.0208513224246216s ({neo4j_code: Neo.TransientError.Transaction.DeadlockDetected} {message: ForsetiClient[transactionId=162909, clientId=8705] can't acquire ExclusiveLock{owner=ForsetiClient[transactionId=162906, clientId=8704]} on NODE_RELATIONSHIP_GROUP_DELETE(3482) because holders of that lock are waiting for ForsetiClient[transactionId=162909, clientId=8705].
 Wait list:ExclusiveLock[
Client[162906] waits for [ForsetiClient[transactionId=162909, clientId=8705]]]} {gql_status: 50N05} {gql_status_description: error: general processing exception - deadlock detected. Deadlock detected while trying to acquire locks. See log for more details.})
Transaction failed and will be retried in 1.1952027561241119s ({neo4j_code: Neo.TransientError.Transaction.DeadlockDetected} {message: ForsetiClient[transactionId=162905, clientId=8689] can't acquire ExclusiveLock{owner=ForsetiClient[transactionId=162906, clientId=8704]} on NODE_RELATIONSHIP_GROUP_DELETE(10177) because holders of that lock are waiting for ForsetiClient[transactionId=162905, clientId=8689].
 Wait list:ExclusiveLock[
Client[162906] waits for [ForsetiClient[transactionId=162905, clientId=8689]]]} {gql_status: 50N05} {gql_status_description: error: general processing exception - deadlock detected. Deadlock detected while trying to acquire locks. See log for more details.})
Transaction failed and will be retried in 1.0199855779853104s ({neo4j_code: Neo.TransientError.Transaction.DeadlockDetected} {message: ForsetiClient[transactionId=162912, clientId=8710] can't acquire ExclusiveLock{owner=ForsetiClient[transactionId=162906, clientId=8704]} on NODE_RELATIONSHIP_GROUP_DELETE(14124) because holders of that lock are waiting for ForsetiClient[transactionId=162912, clientId=8710].
 Wait list:ExclusiveLock[
Client[162906] waits for [ForsetiClient[transactionId=162912, clientId=8710]]]} {gql_status: 50N05} {gql_status_description: error: general processing exception - deadlock detected. Deadlock detected while trying to acquire locks. See log for more details.})
Transaction failed and will be retried in 0.8667582338369187s ({neo4j_code: Neo.TransientError.Transaction.DeadlockDetected} {message: ForsetiClient[transactionId=162904, clientId=8701] can't acquire ExclusiveLock{owner=ForsetiClient[transactionId=162911, clientId=8709]} on NODE_RELATIONSHIP_GROUP_DELETE(12596) because holders of that lock are waiting for ForsetiClient[transactionId=162904, clientId=8701].
 Wait list:ExclusiveLock[
Client[162911] waits for [ForsetiClient[transactionId=162904, clientId=8701]]]} {gql_status: 50N05} {gql_status_description: error: general processing exception - deadlock detected. Deadlock detected while trying to acquire locks. See log for more details.})
Transaction failed and will be retried in 1.1420944098079007s ({neo4j_code: Neo.TransientError.Transaction.DeadlockDetected} {message: ForsetiClient[transactionId=162918, clientId=8716] can't acquire ExclusiveLock{owner=ForsetiClient[transactionId=162911, clientId=8709]} on NODE_RELATIONSHIP_GROUP_DELETE(18483) because holders of that lock are waiting for ForsetiClient[transactionId=162918, clientId=8716].
 Wait list:ExclusiveLock[
Client[162911] waits for [ForsetiClient[transactionId=162918, clientId=8716]]]} {gql_status: 50N05} {gql_status_description: error: general processing exception - deadlock detected. Deadlock detected while trying to acquire locks. See log for more details.})
Transaction failed and will be retried in 0.9749041938346612s ({neo4j_code: Neo.TransientError.Transaction.DeadlockDetected} {message: ForsetiClient[transactionId=162916, clientId=8714] can't acquire ExclusiveLock{owner=ForsetiClient[transactionId=162911, clientId=8709]} on NODE_RELATIONSHIP_GROUP_DELETE(5250) because holders of that lock are waiting for ForsetiClient[transactionId=162916, clientId=8714].
 Wait list:ExclusiveLock[
Client[162911] waits for [ForsetiClient[transactionId=162916, clientId=8714]]]} {gql_status: 50N05} {gql_status_description: error: general processing exception - deadlock detected. Deadlock detected while trying to acquire locks. See log for more details.})
Transaction failed and will be retried in 0.9999401498987655s ({neo4j_code: Neo.TransientError.Transaction.DeadlockDetected} {message: ForsetiClient[transactionId=162914, clientId=8712] can't acquire ExclusiveLock{owner=ForsetiClient[transactionId=162911, clientId=8709]} on NODE_RELATIONSHIP_GROUP_DELETE(2129) because holders of that lock are waiting for ForsetiClient[transactionId=162914, clientId=8712].
 Wait list:ExclusiveLock[
Client[162911] waits for [ForsetiClient[transactionId=162914, clientId=8712]]]} {gql_status: 50N05} {gql_status_description: error: general processing exception - deadlock detected. Deadlock detected while trying to acquire locks. See log for more details.})
Transaction failed and will be retried in 2.122792664004206s ({neo4j_code: Neo.TransientError.Transaction.DeadlockDetected} {message: ForsetiClient[transactionId=162930, clientId=8701] can't acquire ExclusiveLock{owner=ForsetiClient[transactionId=162931, clientId=8716]} on NODE_RELATIONSHIP_GROUP_DELETE(19214) because holders of that lock are waiting for ForsetiClient[transactionId=162930, clientId=8701].
 Wait list:ExclusiveLock[
Client[162931] waits for [ForsetiClient[transactionId=162930, clientId=8701]]]} {gql_status: 50N05} {gql_status_description: error: general processing exception - deadlock detected. Deadlock detected while trying to acquire locks. See log for more details.})
Transaction failed and will be retried in 1.0077111320515044s ({neo4j_code: Neo.TransientError.Transaction.DeadlockDetected} {message: ForsetiClient[transactionId=162934, clientId=8709] can't acquire ExclusiveLock{owner=ForsetiClient[transactionId=162931, clientId=8716]} on NODE_RELATIONSHIP_GROUP_DELETE(17501) because holders of that lock are waiting for ForsetiClient[transactionId=162934, clientId=8709].
 Wait list:ExclusiveLock[
Client[162931] waits for [ForsetiClient[transactionId=162934, clientId=8709]]]} {gql_status: 50N05} {gql_status_description: error: general processing exception - deadlock detected. Deadlock detected while trying to acquire locks. See log for more details.})
Transaction failed and will be retried in 1.8070699132664365s ({neo4j_code: Neo.TransientError.Transaction.DeadlockDetected} {message: ForsetiClient[transactionId=162933, clientId=8712] can't acquire ExclusiveLock{owner=ForsetiClient[transactionId=162931, clientId=8716]} on NODE_RELATIONSHIP_GROUP_DELETE(16384) because holders of that lock are waiting for ForsetiClient[transactionId=162933, clientId=8712].
 Wait list:ExclusiveLock[
Client[162931] waits for [ForsetiClient[transactionId=162933, clientId=8712]]]} {gql_status: 50N05} {gql_status_description: error: general processing exception - deadlock detected. Deadlock detected while trying to acquire locks. See log for more details.})
Transaction failed and will be retried in 2.140626111549766s ({neo4j_code: Neo.TransientError.Transaction.DeadlockDetected} {message: ForsetiClient[transactionId=162936, clientId=8713] can't acquire ExclusiveLock{owner=ForsetiClient[transactionId=162937, clientId=8695]} on NODE_RELATIONSHIP_GROUP_DELETE(12651) because holders of that lock are waiting for ForsetiClient[transactionId=162936, clientId=8713].
 Wait list:ExclusiveLock[
Client[162937] waits for [ForsetiClient[transactionId=162936, clientId=8713]]]} {gql_status: 50N05} {gql_status_description: error: general processing exception - deadlock detected. Deadlock detected while trying to acquire locks. See log for more details.})
Transaction failed and will be retried in 1.0417117054277782s ({neo4j_code: Neo.TransientError.Transaction.DeadlockDetected} {message: ForsetiClient[transactionId=162939, clientId=8711] can't acquire ExclusiveLock{owner=ForsetiClient[transactionId=162938, clientId=8655]} on NODE_RELATIONSHIP_GROUP_DELETE(7095) because holders of that lock are waiting for ForsetiClient[transactionId=162939, clientId=8711].
 Wait list:ExclusiveLock[
Client[162938] waits for [ForsetiClient[transactionId=162939, clientId=8711]]]} {gql_status: 50N05} {gql_status_description: error: general processing exception - deadlock detected. Deadlock detected while trying to acquire locks. See log for more details.})
Transaction failed and will be retried in 2.3022526874990334s ({neo4j_code: Neo.TransientError.Transaction.DeadlockDetected} {message: ForsetiClient[transactionId=162942, clientId=8705] can't acquire ExclusiveLock{owner=ForsetiClient[transactionId=162938, clientId=8655]} on NODE_RELATIONSHIP_GROUP_DELETE(14602) because holders of that lock are waiting for ForsetiClient[transactionId=162942, clientId=8705].
 Wait list:ExclusiveLock[
Client[162938] waits for [ForsetiClient[transactionId=162942, clientId=8705]]]} {gql_status: 50N05} {gql_status_description: error: general processing exception - deadlock detected. Deadlock detected while trying to acquire locks. See log for more details.})
Transaction failed and will be retried in 2.325566065394595s ({neo4j_code: Neo.TransientError.Transaction.DeadlockDetected} {message: ForsetiClient[transactionId=162940, clientId=8691] can't acquire ExclusiveLock{owner=ForsetiClient[transactionId=162938, clientId=8655]} on NODE_RELATIONSHIP_GROUP_DELETE(5556) because holders of that lock are waiting for ForsetiClient[transactionId=162940, clientId=8691].
 Wait list:ExclusiveLock[
Client[162938] waits for [ForsetiClient[transactionId=162940, clientId=8691]]]} {gql_status: 50N05} {gql_status_description: error: general processing exception - deadlock detected. Deadlock detected while trying to acquire locks. See log for more details.})
Transaction failed and will be retried in 2.0042030281116587s ({neo4j_code: Neo.TransientError.Transaction.DeadlockDetected} {message: ForsetiClient[transactionId=162941, clientId=8715] can't acquire ExclusiveLock{owner=ForsetiClient[transactionId=162938, clientId=8655]} on NODE_RELATIONSHIP_GROUP_DELETE(5771) because holders of that lock are waiting for ForsetiClient[transactionId=162941, clientId=8715].
 Wait list:ExclusiveLock[
Client[162938] waits for [ForsetiClient[transactionId=162941, clientId=8715]]]} {gql_status: 50N05} {gql_status_description: error: general processing exception - deadlock detected. Deadlock detected while trying to acquire locks. See log for more details.})
Transaction failed and will be retried in 1.1316079759076172s ({neo4j_code: Neo.TransientError.Transaction.DeadlockDetected} {message: ForsetiClient[transactionId=162944, clientId=8710] can't acquire ExclusiveLock{owner=ForsetiClient[transactionId=162938, clientId=8655]} on NODE_RELATIONSHIP_GROUP_DELETE(59) because holders of that lock are waiting for ForsetiClient[transactionId=162944, clientId=8710].
 Wait list:ExclusiveLock[
Client[162938] waits for [ForsetiClient[transactionId=162944, clientId=8710]]]} {gql_status: 50N05} {gql_status_description: error: general processing exception - deadlock detected. Deadlock detected while trying to acquire locks. See log for more details.})
Transaction failed and will be retried in 0.8467166069119837s ({neo4j_code: Neo.TransientError.Transaction.DeadlockDetected} {message: ForsetiClient[transactionId=162947, clientId=8701] can't acquire ExclusiveLock{owner=ForsetiClient[transactionId=162943, clientId=8689]} on NODE_RELATIONSHIP_GROUP_DELETE(7097) because holders of that lock are waiting for ForsetiClient[transactionId=162947, clientId=8701].
 Wait list:ExclusiveLock[
Client[162943] waits for [ForsetiClient[transactionId=162947, clientId=8701]]]} {gql_status: 50N05} {gql_status_description: error: general processing exception - deadlock detected. Deadlock detected while trying to acquire locks. See log for more details.})
Transaction failed and will be retried in 2.392378139272017s ({neo4j_code: Neo.TransientError.Transaction.DeadlockDetected} {message: ForsetiClient[transactionId=162948, clientId=8709] can't acquire ExclusiveLock{owner=ForsetiClient[transactionId=162945, clientId=8704]} on NODE_RELATIONSHIP_GROUP_DELETE(7308) because holders of that lock are waiting for ForsetiClient[transactionId=162948, clientId=8709].
 Wait list:ExclusiveLock[
Client[162945] waits for [ForsetiClient[transactionId=162948, clientId=8709]]]} {gql_status: 50N05} {gql_status_description: error: general processing exception - deadlock detected. Deadlock detected while trying to acquire locks. See log for more details.})
Transaction failed and will be retried in 2.0472604974516377s ({neo4j_code: Neo.TransientError.Transaction.DeadlockDetected} {message: ForsetiClient[transactionId=162943, clientId=8689] can't acquire ExclusiveLock{owner=ForsetiClient[transactionId=162945, clientId=8704]} on NODE_RELATIONSHIP_GROUP_DELETE(592) because holders of that lock are waiting for ForsetiClient[transactionId=162943, clientId=8689].
 Wait list:ExclusiveLock[
Client[162945] waits for [ForsetiClient[transactionId=162943, clientId=8689]]]} {gql_status: 50N05} {gql_status_description: error: general processing exception - deadlock detected. Deadlock detected while trying to acquire locks. See log for more details.})
Transaction failed and will be retried in 1.6361781582410715s ({neo4j_code: Neo.TransientError.Transaction.DeadlockDetected} {message: ForsetiClient[transactionId=162949, clientId=8712] can't acquire ExclusiveLock{owner=ForsetiClient[transactionId=162950, clientId=8716]} on NODE_RELATIONSHIP_GROUP_DELETE(16300) because holders of that lock are waiting for ForsetiClient[transactionId=162949, clientId=8712].
 Wait list:ExclusiveLock[
Client[162950] waits for [ForsetiClient[transactionId=162949, clientId=8712]]]} {gql_status: 50N05} {gql_status_description: error: general processing exception - deadlock detected. Deadlock detected while trying to acquire locks. See log for more details.})
Transaction failed and will be retried in 2.1324113054259084s ({neo4j_code: Neo.TransientError.Transaction.DeadlockDetected} {message: ForsetiClient[transactionId=162946, clientId=8714] can't acquire ExclusiveLock{owner=ForsetiClient[transactionId=162950, clientId=8716]} on NODE_RELATIONSHIP_GROUP_DELETE(17369) because holders of that lock are waiting for ForsetiClient[transactionId=162946, clientId=8714].
 Wait list:ExclusiveLock[
Client[162950] waits for [ForsetiClient[transactionId=162946, clientId=8714]]]} {gql_status: 50N05} {gql_status_description: error: general processing exception - deadlock detected. Deadlock detected while trying to acquire locks. See log for more details.})
Transaction failed and will be retried in 0.9669698293728998s ({neo4j_code: Neo.TransientError.Transaction.DeadlockDetected} {message: ForsetiClient[transactionId=162968, clientId=8708] can't acquire ExclusiveLock{owner=ForsetiClient[transactionId=162967, clientId=8695]} on NODE_RELATIONSHIP_GROUP_DELETE(18209) because holders of that lock are waiting for ForsetiClient[transactionId=162968, clientId=8708].
 Wait list:ExclusiveLock[
Client[162967] waits for [ForsetiClient[transactionId=162968, clientId=8708]]]} {gql_status: 50N05} {gql_status_description: error: general processing exception - deadlock detected. Deadlock detected while trying to acquire locks. See log for more details.})
Transaction failed and will be retried in 0.9230127594114608s ({neo4j_code: Neo.TransientError.Transaction.DeadlockDetected} {message: ForsetiClient[transactionId=162970, clientId=8691] can't acquire ExclusiveLock{owner=ForsetiClient[transactionId=162967, clientId=8695]} on NODE_RELATIONSHIP_GROUP_DELETE(8674) because holders of that lock are waiting for ForsetiClient[transactionId=162970, clientId=8691].
 Wait list:ExclusiveLock[
Client[162967] waits for [ForsetiClient[transactionId=162970, clientId=8691]]]} {gql_status: 50N05} {gql_status_description: error: general processing exception - deadlock detected. Deadlock detected while trying to acquire locks. See log for more details.})
Transaction failed and will be retried in 1.045950097814913s ({neo4j_code: Neo.TransientError.Transaction.DeadlockDetected} {message: ForsetiClient[transactionId=162971, clientId=8713] can't acquire ExclusiveLock{owner=ForsetiClient[transactionId=162969, clientId=8711]} on NODE_RELATIONSHIP_GROUP_DELETE(10125) because holders of that lock are waiting for ForsetiClient[transactionId=162971, clientId=8713].
 Wait list:ExclusiveLock[
Client[162969] waits for [ForsetiClient[transactionId=162971, clientId=8713]]]} {gql_status: 50N05} {gql_status_description: error: general processing exception - deadlock detected. Deadlock detected while trying to acquire locks. See log for more details.})
Transaction failed and will be retried in 4.333466311742563s ({neo4j_code: Neo.TransientError.Transaction.DeadlockDetected} {message: ForsetiClient[transactionId=162978, clientId=8704] can't acquire ExclusiveLock{owner=ForsetiClient[transactionId=162977, clientId=8709]} on NODE_RELATIONSHIP_GROUP_DELETE(1242) because holders of that lock are waiting for ForsetiClient[transactionId=162978, clientId=8704].
 Wait list:ExclusiveLock[
Client[162977] waits for [ForsetiClient[transactionId=162978, clientId=8704]]]} {gql_status: 50N05} {gql_status_description: error: general processing exception - deadlock detected. Deadlock detected while trying to acquire locks. See log for more details.})
Transaction failed and will be retried in 1.1161091219266122s ({neo4j_code: Neo.TransientError.Transaction.DeadlockDetected} {message: ForsetiClient[transactionId=162979, clientId=8689] can't acquire ExclusiveLock{owner=ForsetiClient[transactionId=162980, clientId=8712]} on NODE_RELATIONSHIP_GROUP_DELETE(2207) because holders of that lock are waiting for ForsetiClient[transactionId=162979, clientId=8689].
 Wait list:ExclusiveLock[
Client[162980] waits for [ForsetiClient[transactionId=162979, clientId=8689]]]} {gql_status: 50N05} {gql_status_description: error: general processing exception - deadlock detected. Deadlock detected while trying to acquire locks. See log for more details.})
Transaction failed and will be retried in 0.9724687731645275s ({neo4j_code: Neo.TransientError.Transaction.DeadlockDetected} {message: ForsetiClient[transactionId=162985, clientId=8695] can't acquire ExclusiveLock{owner=ForsetiClient[transactionId=162983, clientId=8708]} on NODE_RELATIONSHIP_GROUP_DELETE(6177) because holders of that lock are waiting for ForsetiClient[transactionId=162985, clientId=8695].
 Wait list:ExclusiveLock[
Client[162983] waits for [ForsetiClient[transactionId=162985, clientId=8695]]]} {gql_status: 50N05} {gql_status_description: error: general processing exception - deadlock detected. Deadlock detected while trying to acquire locks. See log for more details.})
Transaction failed and will be retried in 4.083728363518841s ({neo4j_code: Neo.TransientError.Transaction.DeadlockDetected} {message: ForsetiClient[transactionId=162984, clientId=8691] can't acquire ExclusiveLock{owner=ForsetiClient[transactionId=162983, clientId=8708]} on NODE_RELATIONSHIP_GROUP_DELETE(2040) because holders of that lock are waiting for ForsetiClient[transactionId=162984, clientId=8691].
 Wait list:ExclusiveLock[
Client[162983] waits for [ForsetiClient[transactionId=162984, clientId=8691]]]} {gql_status: 50N05} {gql_status_description: error: general processing exception - deadlock detected. Deadlock detected while trying to acquire locks. See log for more details.})
Transaction failed and will be retried in 4.12484372929443s ({neo4j_code: Neo.TransientError.Transaction.DeadlockDetected} {message: ForsetiClient[transactionId=162987, clientId=8711] can't acquire ExclusiveLock{owner=ForsetiClient[transactionId=162989, clientId=8705]} on NODE_RELATIONSHIP_GROUP_DELETE(11625) because holders of that lock are waiting for ForsetiClient[transactionId=162987, clientId=8711].
 Wait list:ExclusiveLock[
Client[162989] waits for [ForsetiClient[transactionId=162987, clientId=8711]]]} {gql_status: 50N05} {gql_status_description: error: general processing exception - deadlock detected. Deadlock detected while trying to acquire locks. See log for more details.})
Transaction failed and will be retried in 1.8083921162870533s ({neo4j_code: Neo.TransientError.Transaction.DeadlockDetected} {message: ForsetiClient[transactionId=162988, clientId=8715] can't acquire ExclusiveLock{owner=ForsetiClient[transactionId=162989, clientId=8705]} on NODE_RELATIONSHIP_GROUP_DELETE(2255) because holders of that lock are waiting for ForsetiClient[transactionId=162988, clientId=8715].
 Wait list:ExclusiveLock[
Client[162989] waits for [ForsetiClient[transactionId=162988, clientId=8715]]]} {gql_status: 50N05} {gql_status_description: error: general processing exception - deadlock detected. Deadlock detected while trying to acquire locks. See log for more details.})
Transaction failed and will be retried in 0.992567053925233s ({neo4j_code: Neo.TransientError.Transaction.DeadlockDetected} {message: ForsetiClient[transactionId=162992, clientId=8701] can't acquire ExclusiveLock{owner=ForsetiClient[transactionId=162991, clientId=8655]} on NODE_RELATIONSHIP_GROUP_DELETE(7230) because holders of that lock are waiting for ForsetiClient[transactionId=162992, clientId=8701].
 Wait list:ExclusiveLock[
Client[162991] waits for [ForsetiClient[transactionId=162992, clientId=8701]]]} {gql_status: 50N05} {gql_status_description: error: general processing exception - deadlock detected. Deadlock detected while trying to acquire locks. See log for more details.})
Transaction failed and will be retried in 2.2647101451853353s ({neo4j_code: Neo.TransientError.Transaction.DeadlockDetected} {message: ForsetiClient[transactionId=162990, clientId=8710] can't acquire ExclusiveLock{owner=ForsetiClient[transactionId=162991, clientId=8655]} on NODE_RELATIONSHIP_GROUP_DELETE(16235) because holders of that lock are waiting for ForsetiClient[transactionId=162990, clientId=8710].
 Wait list:ExclusiveLock[
Client[162991] waits for [ForsetiClient[transactionId=162990, clientId=8710]]]} {gql_status: 50N05} {gql_status_description: error: general processing exception - deadlock detected. Deadlock detected while trying to acquire locks. See log for more details.})
Transaction failed and will be retried in 3.257337328341265s ({neo4j_code: Neo.TransientError.Transaction.DeadlockDetected} {message: ForsetiClient[transactionId=162993, clientId=8704] can't acquire ExclusiveLock{owner=ForsetiClient[transactionId=162994, clientId=8709]} on NODE_RELATIONSHIP_GROUP_DELETE(2308) because holders of that lock are waiting for ForsetiClient[transactionId=162993, clientId=8704].
 Wait list:ExclusiveLock[
Client[162994] waits for [ForsetiClient[transactionId=162993, clientId=8704]]]} {gql_status: 50N05} {gql_status_description: error: general processing exception - deadlock detected. Deadlock detected while trying to acquire locks. See log for more details.})
Transaction failed and will be retried in 1.1754788279028479s ({neo4j_code: Neo.TransientError.Transaction.DeadlockDetected} {message: ForsetiClient[transactionId=162995, clientId=8689] can't acquire ExclusiveLock{owner=ForsetiClient[transactionId=162994, clientId=8709]} on NODE_RELATIONSHIP_GROUP_DELETE(11738) because holders of that lock are waiting for ForsetiClient[transactionId=162995, clientId=8689].
 Wait list:ExclusiveLock[
Client[162994] waits for [ForsetiClient[transactionId=162995, clientId=8689]]]} {gql_status: 50N05} {gql_status_description: error: general processing exception - deadlock detected. Deadlock detected while trying to acquire locks. See log for more details.})
Transaction failed and will be retried in 4.0631727812612155s ({neo4j_code: Neo.TransientError.Transaction.DeadlockDetected} {message: ForsetiClient[transactionId=162996, clientId=8712] can't acquire ExclusiveLock{owner=ForsetiClient[transactionId=162994, clientId=8709]} on NODE_RELATIONSHIP_GROUP_DELETE(14927) because holders of that lock are waiting for ForsetiClient[transactionId=162996, clientId=8712].
 Wait list:ExclusiveLock[
Client[162994] waits for [ForsetiClient[transactionId=162996, clientId=8712]]]} {gql_status: 50N05} {gql_status_description: error: general processing exception - deadlock detected. Deadlock detected while trying to acquire locks. See log for more details.})
Transaction failed and will be retried in 4.266492602755128s ({neo4j_code: Neo.TransientError.Transaction.DeadlockDetected} {message: ForsetiClient[transactionId=162999, clientId=8695] can't acquire ExclusiveLock{owner=ForsetiClient[transactionId=162997, clientId=8714]} on NODE_RELATIONSHIP_GROUP_DELETE(347) because holders of that lock are waiting for ForsetiClient[transactionId=162999, clientId=8695].
 Wait list:ExclusiveLock[
Client[162997] waits for [ForsetiClient[transactionId=162999, clientId=8695]]]} {gql_status: 50N05} {gql_status_description: error: general processing exception - deadlock detected. Deadlock detected while trying to acquire locks. See log for more details.})
Transaction failed and will be retried in 1.0095672432575147s ({neo4j_code: Neo.TransientError.Transaction.DeadlockDetected} {message: ForsetiClient[transactionId=163000, clientId=8691] can't acquire ExclusiveLock{owner=ForsetiClient[transactionId=162998, clientId=8716]} on NODE_RELATIONSHIP_GROUP_DELETE(17310) because holders of that lock are waiting for ForsetiClient[transactionId=163000, clientId=8691].
 Wait list:ExclusiveLock[
Client[162998] waits for [ForsetiClient[transactionId=163000, clientId=8691]]]} {gql_status: 50N05} {gql_status_description: error: general processing exception - deadlock detected. Deadlock detected while trying to acquire locks. See log for more details.})
Transaction failed and will be retried in 0.8731296421535737s ({neo4j_code: Neo.TransientError.Transaction.DeadlockDetected} {message: ForsetiClient[transactionId=163002, clientId=8713] can't acquire ExclusiveLock{owner=ForsetiClient[transactionId=163001, clientId=8708]} on NODE_RELATIONSHIP_GROUP_DELETE(13974) because holders of that lock are waiting for ForsetiClient[transactionId=163002, clientId=8713].
 Wait list:ExclusiveLock[
Client[163001] waits for [ForsetiClient[transactionId=163002, clientId=8713]]]} {gql_status: 50N05} {gql_status_description: error: general processing exception - deadlock detected. Deadlock detected while trying to acquire locks. See log for more details.})
Transaction failed and will be retried in 2.2309284041715456s ({neo4j_code: Neo.TransientError.Transaction.DeadlockDetected} {message: ForsetiClient[transactionId=163008, clientId=8655] can't acquire ExclusiveLock{owner=ForsetiClient[transactionId=163009, clientId=8704]} on NODE_RELATIONSHIP_GROUP_DELETE(9826) because holders of that lock are waiting for ForsetiClient[transactionId=163008, clientId=8655].
 Wait list:ExclusiveLock[
Client[163009] waits for [ForsetiClient[transactionId=163008, clientId=8655]]]} {gql_status: 50N05} {gql_status_description: error: general processing exception - deadlock detected. Deadlock detected while trying to acquire locks. See log for more details.})
Transaction failed and will be retried in 1.157374511891975s ({neo4j_code: Neo.TransientError.Transaction.DeadlockDetected} {message: ForsetiClient[transactionId=163010, clientId=8689] can't acquire ExclusiveLock{owner=ForsetiClient[transactionId=163011, clientId=8712]} on NODE_RELATIONSHIP_GROUP_DELETE(12999) because holders of that lock are waiting for ForsetiClient[transactionId=163010, clientId=8689].
 Wait list:ExclusiveLock[
Client[163011] waits for [ForsetiClient[transactionId=163010, clientId=8689]]]} {gql_status: 50N05} {gql_status_description: error: general processing exception - deadlock detected. Deadlock detected while trying to acquire locks. See log for more details.})
Transaction failed and will be retried in 1.187372482433475s ({neo4j_code: Neo.TransientError.Transaction.DeadlockDetected} {message: ForsetiClient[transactionId=163015, clientId=8691] can't acquire ExclusiveLock{owner=ForsetiClient[transactionId=163016, clientId=8716]} on NODE_RELATIONSHIP_GROUP_DELETE(10514) because holders of that lock are waiting for ForsetiClient[transactionId=163015, clientId=8691].
 Wait list:ExclusiveLock[
Client[163016] waits for [ForsetiClient[transactionId=163015, clientId=8691]]]} {gql_status: 50N05} {gql_status_description: error: general processing exception - deadlock detected. Deadlock detected while trying to acquire locks. See log for more details.})
Transaction failed and will be retried in 1.1800842968544474s ({neo4j_code: Neo.TransientError.Transaction.DeadlockDetected} {message: ForsetiClient[transactionId=163021, clientId=8705] can't acquire ExclusiveLock{owner=ForsetiClient[transactionId=163022, clientId=8701]} on NODE_RELATIONSHIP_GROUP_DELETE(18848) because holders of that lock are waiting for ForsetiClient[transactionId=163021, clientId=8705].
 Wait list:ExclusiveLock[
Client[163022] waits for [ForsetiClient[transactionId=163021, clientId=8705]]]} {gql_status: 50N05} {gql_status_description: error: general processing exception - deadlock detected. Deadlock detected while trying to acquire locks. See log for more details.})
Transaction failed and will be retried in 1.9518942066444747s ({neo4j_code: Neo.TransientError.Transaction.DeadlockDetected} {message: ForsetiClient[transactionId=163020, clientId=8715] can't acquire ExclusiveLock{owner=ForsetiClient[transactionId=163022, clientId=8701]} on NODE_RELATIONSHIP_GROUP_DELETE(4138) because holders of that lock are waiting for ForsetiClient[transactionId=163020, clientId=8715].
 Wait list:ExclusiveLock[
Client[163022] waits for [ForsetiClient[transactionId=163020, clientId=8715]]]} {gql_status: 50N05} {gql_status_description: error: general processing exception - deadlock detected. Deadlock detected while trying to acquire locks. See log for more details.})
Transaction failed and will be retried in 1.0887763024022452s ({neo4j_code: Neo.TransientError.Transaction.DeadlockDetected} {message: ForsetiClient[transactionId=163023, clientId=8710] can't acquire ExclusiveLock{owner=ForsetiClient[transactionId=163022, clientId=8701]} on NODE_RELATIONSHIP_GROUP_DELETE(19028) because holders of that lock are waiting for ForsetiClient[transactionId=163023, clientId=8710].
 Wait list:ExclusiveLock[
Client[163022] waits for [ForsetiClient[transactionId=163023, clientId=8710]]]} {gql_status: 50N05} {gql_status_description: error: general processing exception - deadlock detected. Deadlock detected while trying to acquire locks. See log for more details.})
Transaction failed and will be retried in 0.8026894951521685s ({neo4j_code: Neo.TransientError.Transaction.DeadlockDetected} {message: ForsetiClient[transactionId=163037, clientId=8715] can't acquire ExclusiveLock{owner=ForsetiClient[transactionId=163036, clientId=8705]} on NODE_RELATIONSHIP_GROUP_DELETE(6892) because holders of that lock are waiting for ForsetiClient[transactionId=163037, clientId=8715].
 Wait list:ExclusiveLock[
Client[163036] waits for [ForsetiClient[transactionId=163037, clientId=8715]]]} {gql_status: 50N05} {gql_status_description: error: general processing exception - deadlock detected. Deadlock detected while trying to acquire locks. See log for more details.})
Transaction failed and will be retried in 3.5237792715437766s ({neo4j_code: Neo.TransientError.Transaction.DeadlockDetected} {message: ForsetiClient[transactionId=163041, clientId=8704] can't acquire ExclusiveLock{owner=ForsetiClient[transactionId=163040, clientId=8655]} on NODE_RELATIONSHIP_GROUP_DELETE(16584) because holders of that lock are waiting for ForsetiClient[transactionId=163041, clientId=8704].
 Wait list:ExclusiveLock[
Client[163040] waits for [ForsetiClient[transactionId=163041, clientId=8704]]]} {gql_status: 50N05} {gql_status_description: error: general processing exception - deadlock detected. Deadlock detected while trying to acquire locks. See log for more details.})
Transaction failed and will be retried in 0.8948740981538548s ({neo4j_code: Neo.TransientError.Transaction.DeadlockDetected} {message: ForsetiClient[transactionId=163042, clientId=8689] can't acquire ExclusiveLock{owner=ForsetiClient[transactionId=163040, clientId=8655]} on NODE_RELATIONSHIP_GROUP_DELETE(445) because holders of that lock are waiting for ForsetiClient[transactionId=163042, clientId=8689].
 Wait list:ExclusiveLock[
Client[163040] waits for [ForsetiClient[transactionId=163042, clientId=8689]]]} {gql_status: 50N05} {gql_status_description: error: general processing exception - deadlock detected. Deadlock detected while trying to acquire locks. See log for more details.})
Transaction failed and will be retried in 0.8204615257215471s ({neo4j_code: Neo.TransientError.Transaction.DeadlockDetected} {message: ForsetiClient[transactionId=163046, clientId=8714] can't acquire ExclusiveLock{owner=ForsetiClient[transactionId=163045, clientId=8695]} on NODE_RELATIONSHIP_GROUP_DELETE(12140) because holders of that lock are waiting for ForsetiClient[transactionId=163046, clientId=8714].
 Wait list:ExclusiveLock[
Client[163045] waits for [ForsetiClient[transactionId=163046, clientId=8714]]]} {gql_status: 50N05} {gql_status_description: error: general processing exception - deadlock detected. Deadlock detected while trying to acquire locks. See log for more details.})
Transaction failed and will be retried in 0.9309641654673093s ({neo4j_code: Neo.TransientError.Transaction.DeadlockDetected} {message: ForsetiClient[transactionId=163049, clientId=8713] can't acquire ExclusiveLock{owner=ForsetiClient[transactionId=163048, clientId=8716]} on NODE_RELATIONSHIP_GROUP_DELETE(2970) because holders of that lock are waiting for ForsetiClient[transactionId=163049, clientId=8713].
 Wait list:ExclusiveLock[
Client[163048] waits for [ForsetiClient[transactionId=163049, clientId=8713]]]} {gql_status: 50N05} {gql_status_description: error: general processing exception - deadlock detected. Deadlock detected while trying to acquire locks. See log for more details.})
Transaction failed and will be retried in 1.10060406114773s ({neo4j_code: Neo.TransientError.Transaction.DeadlockDetected} {message: ForsetiClient[transactionId=163051, clientId=8711] can't acquire ExclusiveLock{owner=ForsetiClient[transactionId=163050, clientId=8708]} on NODE_RELATIONSHIP_GROUP_DELETE(12963) because holders of that lock are waiting for ForsetiClient[transactionId=163051, clientId=8711].
 Wait list:ExclusiveLock[
Client[163050] waits for [ForsetiClient[transactionId=163051, clientId=8711]]]} {gql_status: 50N05} {gql_status_description: error: general processing exception - deadlock detected. Deadlock detected while trying to acquire locks. See log for more details.})
Transaction failed and will be retried in 1.7374920492996728s ({neo4j_code: Neo.TransientError.Transaction.DeadlockDetected} {message: ForsetiClient[transactionId=163057, clientId=8689] can't acquire ExclusiveLock{owner=ForsetiClient[transactionId=163056, clientId=8704]} on NODE_RELATIONSHIP_GROUP_DELETE(8799) because holders of that lock are waiting for ForsetiClient[transactionId=163057, clientId=8689].
 Wait list:ExclusiveLock[
Client[163056] waits for [ForsetiClient[transactionId=163057, clientId=8689]]]} {gql_status: 50N05} {gql_status_description: error: general processing exception - deadlock detected. Deadlock detected while trying to acquire locks. See log for more details.})
Transaction failed and will be retried in 0.9132857351028363s ({neo4j_code: Neo.TransientError.Transaction.DeadlockDetected} {message: ForsetiClient[transactionId=163060, clientId=8712] can't acquire ExclusiveLock{owner=ForsetiClient[transactionId=163059, clientId=8709]} on NODE_RELATIONSHIP_GROUP_DELETE(9826) because holders of that lock are waiting for ForsetiClient[transactionId=163060, clientId=8712].
 Wait list:ExclusiveLock[
Client[163059] waits for [ForsetiClient[transactionId=163060, clientId=8712]]]} {gql_status: 50N05} {gql_status_description: error: general processing exception - deadlock detected. Deadlock detected while trying to acquire locks. See log for more details.})
Transaction failed and will be retried in 8.569764765339684s ({neo4j_code: Neo.TransientError.Transaction.DeadlockDetected} {message: ForsetiClient[transactionId=163065, clientId=8716] can't acquire ExclusiveLock{owner=ForsetiClient[transactionId=163064, clientId=8713]} on NODE_RELATIONSHIP_GROUP_DELETE(8942) because holders of that lock are waiting for ForsetiClient[transactionId=163065, clientId=8716].
 Wait list:ExclusiveLock[
Client[163064] waits for [ForsetiClient[transactionId=163065, clientId=8716]]]} {gql_status: 50N05} {gql_status_description: error: general processing exception - deadlock detected. Deadlock detected while trying to acquire locks. See log for more details.})
Transaction failed and will be retried in 4.694191515580029s ({neo4j_code: Neo.TransientError.Transaction.DeadlockDetected} {message: ForsetiClient[transactionId=163067, clientId=8708] can't acquire ExclusiveLock{owner=ForsetiClient[transactionId=163068, clientId=8710]} on NODE_RELATIONSHIP_GROUP_DELETE(8048) because holders of that lock are waiting for ForsetiClient[transactionId=163067, clientId=8708].
 Wait list:ExclusiveLock[
Client[163068] waits for [ForsetiClient[transactionId=163067, clientId=8708],ForsetiClient[transactionId=163066, clientId=8711]]]} {gql_status: 50N05} {gql_status_description: error: general processing exception - deadlock detected. Deadlock detected while trying to acquire locks. See log for more details.})
Transaction failed and will be retried in 1.1042465649766282s ({neo4j_code: Neo.TransientError.Transaction.DeadlockDetected} {message: ForsetiClient[transactionId=163066, clientId=8711] can't acquire ExclusiveLock{owner=ForsetiClient[transactionId=163068, clientId=8710]} on NODE_RELATIONSHIP_GROUP_DELETE(8048) because holders of that lock are waiting for ForsetiClient[transactionId=163066, clientId=8711].
 Wait list:ExclusiveLock[
Client[163068] waits for [ForsetiClient[transactionId=-1, clientId=8708],ForsetiClient[transactionId=163066, clientId=8711]]]} {gql_status: 50N05} {gql_status_description: error: general processing exception - deadlock detected. Deadlock detected while trying to acquire locks. See log for more details.})
Transaction failed and will be retried in 2.201931774089392s ({neo4j_code: Neo.TransientError.Transaction.DeadlockDetected} {message: ForsetiClient[transactionId=163069, clientId=8715] can't acquire ExclusiveLock{owner=ForsetiClient[transactionId=163068, clientId=8710]} on NODE_RELATIONSHIP_GROUP_DELETE(12196) because holders of that lock are waiting for ForsetiClient[transactionId=163069, clientId=8715].
 Wait list:ExclusiveLock[
Client[163068] waits for [ForsetiClient[transactionId=163069, clientId=8715]]]} {gql_status: 50N05} {gql_status_description: error: general processing exception - deadlock detected. Deadlock detected while trying to acquire locks. See log for more details.})
Transaction failed and will be retried in 2.1560816106404594s ({neo4j_code: Neo.TransientError.Transaction.DeadlockDetected} {message: ForsetiClient[transactionId=163072, clientId=8705] can't acquire ExclusiveLock{owner=ForsetiClient[transactionId=163073, clientId=8689]} on NODE_RELATIONSHIP_GROUP_DELETE(12409) because holders of that lock are waiting for ForsetiClient[transactionId=163072, clientId=8705].
 Wait list:ExclusiveLock[
Client[163073] waits for [ForsetiClient[transactionId=163072, clientId=8705]]]} {gql_status: 50N05} {gql_status_description: error: general processing exception - deadlock detected. Deadlock detected while trying to acquire locks. See log for more details.})
Transaction failed and will be retried in 9.512698027803445s ({neo4j_code: Neo.TransientError.Transaction.DeadlockDetected} {message: ForsetiClient[transactionId=163075, clientId=8712] can't acquire ExclusiveLock{owner=ForsetiClient[transactionId=163074, clientId=8704]} on NODE_RELATIONSHIP_GROUP_DELETE(2887) because holders of that lock are waiting for ForsetiClient[transactionId=163075, clientId=8712].
 Wait list:ExclusiveLock[
Client[163074] waits for [ForsetiClient[transactionId=163075, clientId=8712]]]} {gql_status: 50N05} {gql_status_description: error: general processing exception - deadlock detected. Deadlock detected while trying to acquire locks. See log for more details.})
Transaction failed and will be retried in 0.8196443381497766s ({neo4j_code: Neo.TransientError.Transaction.DeadlockDetected} {message: ForsetiClient[transactionId=163077, clientId=8714] can't acquire ExclusiveLock{owner=ForsetiClient[transactionId=163078, clientId=8695]} on NODE_RELATIONSHIP_GROUP_DELETE(14349) because holders of that lock are waiting for ForsetiClient[transactionId=163077, clientId=8714].
 Wait list:ExclusiveLock[
Client[163078] waits for [ForsetiClient[transactionId=163077, clientId=8714]]]} {gql_status: 50N05} {gql_status_description: error: general processing exception - deadlock detected. Deadlock detected while trying to acquire locks. See log for more details.})
Transaction failed and will be retried in 0.983880689218046s ({neo4j_code: Neo.TransientError.Transaction.DeadlockDetected} {message: ForsetiClient[transactionId=163079, clientId=8691] can't acquire ExclusiveLock{owner=ForsetiClient[transactionId=163080, clientId=8716]} on NODE_RELATIONSHIP_GROUP_DELETE(10950) because holders of that lock are waiting for ForsetiClient[transactionId=163079, clientId=8691].
 Wait list:ExclusiveLock[
Client[163080] waits for [ForsetiClient[transactionId=163079, clientId=8691]]]} {gql_status: 50N05} {gql_status_description: error: general processing exception - deadlock detected. Deadlock detected while trying to acquire locks. See log for more details.})
Transaction failed and will be retried in 0.8754399105204191s ({neo4j_code: Neo.TransientError.Transaction.DeadlockDetected} {message: ForsetiClient[transactionId=163081, clientId=8713] can't acquire ExclusiveLock{owner=ForsetiClient[transactionId=163080, clientId=8716]} on NODE_RELATIONSHIP_GROUP_DELETE(3371) because holders of that lock are waiting for ForsetiClient[transactionId=163081, clientId=8713].
 Wait list:ExclusiveLock[
Client[163080] waits for [ForsetiClient[transactionId=163081, clientId=8713]]]} {gql_status: 50N05} {gql_status_description: error: general processing exception - deadlock detected. Deadlock detected while trying to acquire locks. See log for more details.})
Transaction failed and will be retried in 1.095823910824063s ({neo4j_code: Neo.TransientError.Transaction.DeadlockDetected} {message: ForsetiClient[transactionId=163083, clientId=8711] can't acquire ExclusiveLock{owner=ForsetiClient[transactionId=163082, clientId=8708]} on NODE_RELATIONSHIP_GROUP_DELETE(9675) because holders of that lock are waiting for ForsetiClient[transactionId=163083, clientId=8711].
 Wait list:ExclusiveLock[
Client[163082] waits for [ForsetiClient[transactionId=163083, clientId=8711]]]} {gql_status: 50N05} {gql_status_description: error: general processing exception - deadlock detected. Deadlock detected while trying to acquire locks. See log for more details.})
Transaction failed and will be retried in 1.0607894721476272s ({neo4j_code: Neo.TransientError.Transaction.DeadlockDetected} {message: ForsetiClient[transactionId=163085, clientId=8710] can't acquire ExclusiveLock{owner=ForsetiClient[transactionId=163084, clientId=8715]} on NODE_RELATIONSHIP_GROUP_DELETE(292) because holders of that lock are waiting for ForsetiClient[transactionId=163085, clientId=8710].
 Wait list:ExclusiveLock[
Client[163084] waits for [ForsetiClient[transactionId=163085, clientId=8710]]]} {gql_status: 50N05} {gql_status_description: error: general processing exception - deadlock detected. Deadlock detected while trying to acquire locks. See log for more details.})
Transaction failed and will be retried in 0.9239617009507739s ({neo4j_code: Neo.TransientError.Transaction.DeadlockDetected} {message: ForsetiClient[transactionId=163091, clientId=8704] can't acquire ExclusiveLock{owner=ForsetiClient[transactionId=163090, clientId=8712]} on NODE_RELATIONSHIP_GROUP_DELETE(5313) because holders of that lock are waiting for ForsetiClient[transactionId=163091, clientId=8704].
 Wait list:ExclusiveLock[
Client[163090] waits for [ForsetiClient[transactionId=163091, clientId=8704]]]} {gql_status: 50N05} {gql_status_description: error: general processing exception - deadlock detected. Deadlock detected while trying to acquire locks. See log for more details.})
Transaction failed and will be retried in 0.9333041885233659s ({neo4j_code: Neo.TransientError.Transaction.DeadlockDetected} {message: ForsetiClient[transactionId=163093, clientId=8714] can't acquire ExclusiveLock{owner=ForsetiClient[transactionId=163092, clientId=8709]} on NODE_RELATIONSHIP_GROUP_DELETE(13687) because holders of that lock are waiting for ForsetiClient[transactionId=163093, clientId=8714].
 Wait list:ExclusiveLock[
Client[163092] waits for [ForsetiClient[transactionId=163093, clientId=8714]]]} {gql_status: 50N05} {gql_status_description: error: general processing exception - deadlock detected. Deadlock detected while trying to acquire locks. See log for more details.})
Transaction failed and will be retried in 0.9055947124864185s ({neo4j_code: Neo.TransientError.Transaction.DeadlockDetected} {message: ForsetiClient[transactionId=163097, clientId=8716] can't acquire ExclusiveLock{owner=ForsetiClient[transactionId=163096, clientId=8713]} on NODE_RELATIONSHIP_GROUP_DELETE(8591) because holders of that lock are waiting for ForsetiClient[transactionId=163097, clientId=8716].
 Wait list:ExclusiveLock[
Client[163096] waits for [ForsetiClient[transactionId=163097, clientId=8716]]]} {gql_status: 50N05} {gql_status_description: error: general processing exception - deadlock detected. Deadlock detected while trying to acquire locks. See log for more details.})
Transaction failed and will be retried in 0.9265741992945732s ({neo4j_code: Neo.TransientError.Transaction.DeadlockDetected} {message: ForsetiClient[transactionId=163098, clientId=8711] can't acquire ExclusiveLock{owner=ForsetiClient[transactionId=163099, clientId=8708]} on NODE_RELATIONSHIP_GROUP_DELETE(61) because holders of that lock are waiting for ForsetiClient[transactionId=163098, clientId=8711].
 Wait list:ExclusiveLock[
Client[163099] waits for [ForsetiClient[transactionId=163098, clientId=8711]]]} {gql_status: 50N05} {gql_status_description: error: general processing exception - deadlock detected. Deadlock detected while trying to acquire locks. See log for more details.})
Transaction failed and will be retried in 0.8349308032922584s ({neo4j_code: Neo.TransientError.Transaction.DeadlockDetected} {message: ForsetiClient[transactionId=163102, clientId=8701] can't acquire ExclusiveLock{owner=ForsetiClient[transactionId=163101, clientId=8715]} on NODE_RELATIONSHIP_GROUP_DELETE(1645) because holders of that lock are waiting for ForsetiClient[transactionId=163102, clientId=8701].
 Wait list:ExclusiveLock[
Client[163101] waits for [ForsetiClient[transactionId=163102, clientId=8701]]]} {gql_status: 50N05} {gql_status_description: error: general processing exception - deadlock detected. Deadlock detected while trying to acquire locks. See log for more details.})
Transaction failed and will be retried in 1.0172896071074322s ({neo4j_code: Neo.TransientError.Transaction.DeadlockDetected} {message: ForsetiClient[transactionId=163103, clientId=8655] can't acquire ExclusiveLock{owner=ForsetiClient[transactionId=163101, clientId=8715]} on NODE_RELATIONSHIP_GROUP_DELETE(5908) because holders of that lock are waiting for ForsetiClient[transactionId=163103, clientId=8655].
 Wait list:ExclusiveLock[
Client[163101] waits for [ForsetiClient[transactionId=163103, clientId=8655]]]} {gql_status: 50N05} {gql_status_description: error: general processing exception - deadlock detected. Deadlock detected while trying to acquire locks. See log for more details.})
Transaction failed and will be retried in 1.97620911939576s ({neo4j_code: Neo.TransientError.Transaction.DeadlockDetected} {message: ForsetiClient[transactionId=163106, clientId=8704] can't acquire ExclusiveLock{owner=ForsetiClient[transactionId=163105, clientId=8689]} on NODE_RELATIONSHIP_GROUP_DELETE(15638) because holders of that lock are waiting for ForsetiClient[transactionId=163106, clientId=8704].
 Wait list:ExclusiveLock[
Client[163105] waits for [ForsetiClient[transactionId=163106, clientId=8704]]]} {gql_status: 50N05} {gql_status_description: error: general processing exception - deadlock detected. Deadlock detected while trying to acquire locks. See log for more details.})
Transaction failed and will be retried in 0.907147512630732s ({neo4j_code: Neo.TransientError.Transaction.DeadlockDetected} {message: ForsetiClient[transactionId=163108, clientId=8714] can't acquire ExclusiveLock{owner=ForsetiClient[transactionId=163107, clientId=8712]} on NODE_RELATIONSHIP_GROUP_DELETE(5808) because holders of that lock are waiting for ForsetiClient[transactionId=163108, clientId=8714].
 Wait list:ExclusiveLock[
Client[163107] waits for [ForsetiClient[transactionId=163108, clientId=8714]]]} {gql_status: 50N05} {gql_status_description: error: general processing exception - deadlock detected. Deadlock detected while trying to acquire locks. See log for more details.})
Transaction failed and will be retried in 1.105082123106686s ({neo4j_code: Neo.TransientError.Transaction.DeadlockDetected} {message: ForsetiClient[transactionId=163111, clientId=8691] can't acquire ExclusiveLock{owner=ForsetiClient[transactionId=163110, clientId=8695]} on NODE_RELATIONSHIP_GROUP_DELETE(6173) because holders of that lock are waiting for ForsetiClient[transactionId=163111, clientId=8691].
 Wait list:ExclusiveLock[
Client[163110] waits for [ForsetiClient[transactionId=163111, clientId=8691]]]} {gql_status: 50N05} {gql_status_description: error: general processing exception - deadlock detected. Deadlock detected while trying to acquire locks. See log for more details.})
Transaction failed and will be retried in 2.0935778080015925s ({neo4j_code: Neo.TransientError.Transaction.DeadlockDetected} {message: ForsetiClient[transactionId=163114, clientId=8711] can't acquire ExclusiveLock{owner=ForsetiClient[transactionId=163113, clientId=8713]} on NODE_RELATIONSHIP_GROUP_DELETE(17946) because holders of that lock are waiting for ForsetiClient[transactionId=163114, clientId=8711].
 Wait list:ExclusiveLock[
Client[163113] waits for [ForsetiClient[transactionId=163114, clientId=8711]]]} {gql_status: 50N05} {gql_status_description: error: general processing exception - deadlock detected. Deadlock detected while trying to acquire locks. See log for more details.})
Transaction failed and will be retried in 6.743816128123189s ({neo4j_code: Neo.TransientError.Transaction.DeadlockDetected} {message: ForsetiClient[transactionId=163116, clientId=8710] can't acquire ExclusiveLock{owner=ForsetiClient[transactionId=163117, clientId=8701]} on NODE_RELATIONSHIP_GROUP_DELETE(14163) because holders of that lock are waiting for ForsetiClient[transactionId=163116, clientId=8710].
 Wait list:ExclusiveLock[
Client[163117] waits for [ForsetiClient[transactionId=163116, clientId=8710],ForsetiClient[transactionId=163119, clientId=8715]]]} {gql_status: 50N05} {gql_status_description: error: general processing exception - deadlock detected. Deadlock detected while trying to acquire locks. See log for more details.})
Transaction failed and will be retried in 4.426631116869051s ({neo4j_code: Neo.TransientError.Transaction.DeadlockDetected} {message: ForsetiClient[transactionId=163118, clientId=8655] can't acquire ExclusiveLock{owner=ForsetiClient[transactionId=163117, clientId=8701]} on NODE_RELATIONSHIP_GROUP_DELETE(13119) because holders of that lock are waiting for ForsetiClient[transactionId=163118, clientId=8655].
 Wait list:ExclusiveLock[
Client[163117] waits for [ForsetiClient[transactionId=163119, clientId=8715],ForsetiClient[transactionId=163118, clientId=8655]]]} {gql_status: 50N05} {gql_status_description: error: general processing exception - deadlock detected. Deadlock detected while trying to acquire locks. See log for more details.})
Transaction failed and will be retried in 1.770664037318141s ({neo4j_code: Neo.TransientError.Transaction.DeadlockDetected} {message: ForsetiClient[transactionId=163119, clientId=8715] can't acquire ExclusiveLock{owner=ForsetiClient[transactionId=163118, clientId=8655]} on NODE_RELATIONSHIP_GROUP_DELETE(2970) because holders of that lock are waiting for ForsetiClient[transactionId=163119, clientId=8715].
 Wait list:ExclusiveLock[
Client[163118] waits for [ForsetiClient[transactionId=163119, clientId=8715],ForsetiClient[transactionId=163117, clientId=8701]]]} {gql_status: 50N05} {gql_status_description: error: general processing exception - deadlock detected. Deadlock detected while trying to acquire locks. See log for more details.})
Transaction failed and will be retried in 0.9169369391724583s ({neo4j_code: Neo.TransientError.Transaction.DeadlockDetected} {message: ForsetiClient[transactionId=163120, clientId=8705] can't acquire ExclusiveLock{owner=ForsetiClient[transactionId=163117, clientId=8701]} on NODE_RELATIONSHIP_GROUP_DELETE(1347) because holders of that lock are waiting for ForsetiClient[transactionId=163120, clientId=8705].
 Wait list:ExclusiveLock[
Client[163117] waits for [ForsetiClient[transactionId=163120, clientId=8705]]]} {gql_status: 50N05} {gql_status_description: error: general processing exception - deadlock detected. Deadlock detected while trying to acquire locks. See log for more details.})
Transaction failed and will be retried in 1.1785753986335628s ({neo4j_code: Neo.TransientError.Transaction.DeadlockDetected} {message: ForsetiClient[transactionId=163122, clientId=8689] can't acquire ExclusiveLock{owner=ForsetiClient[transactionId=163121, clientId=8704]} on NODE_RELATIONSHIP_GROUP_DELETE(13705) because holders of that lock are waiting for ForsetiClient[transactionId=163122, clientId=8689].
 Wait list:ExclusiveLock[
Client[163121] waits for [ForsetiClient[transactionId=163122, clientId=8689]]]} {gql_status: 50N05} {gql_status_description: error: general processing exception - deadlock detected. Deadlock detected while trying to acquire locks. See log for more details.})
Transaction failed and will be retried in 1.8304315254199433s ({neo4j_code: Neo.TransientError.Transaction.DeadlockDetected} {message: ForsetiClient[transactionId=163128, clientId=8716] can't acquire ExclusiveLock{owner=ForsetiClient[transactionId=163127, clientId=8695]} on NODE_RELATIONSHIP_GROUP_DELETE(12302) because holders of that lock are waiting for ForsetiClient[transactionId=163128, clientId=8716].
 Wait list:ExclusiveLock[
Client[163127] waits for [ForsetiClient[transactionId=163128, clientId=8716]]]} {gql_status: 50N05} {gql_status_description: error: general processing exception - deadlock detected. Deadlock detected while trying to acquire locks. See log for more details.})
Transaction failed and will be retried in 2.3115450007287794s ({neo4j_code: Neo.TransientError.Transaction.DeadlockDetected} {message: ForsetiClient[transactionId=163130, clientId=8713] can't acquire ExclusiveLock{owner=ForsetiClient[transactionId=163129, clientId=8711]} on NODE_RELATIONSHIP_GROUP_DELETE(12121) because holders of that lock are waiting for ForsetiClient[transactionId=163130, clientId=8713].
 Wait list:ExclusiveLock[
Client[163129] waits for [ForsetiClient[transactionId=163130, clientId=8713]]]} {gql_status: 50N05} {gql_status_description: error: general processing exception - deadlock detected. Deadlock detected while trying to acquire locks. See log for more details.})
Transaction failed and will be retried in 0.9034364246342657s ({neo4j_code: Neo.TransientError.Transaction.DeadlockDetected} {message: ForsetiClient[transactionId=163133, clientId=8655] can't acquire ExclusiveLock{owner=ForsetiClient[transactionId=163132, clientId=8710]} on NODE_RELATIONSHIP_GROUP_DELETE(18171) because holders of that lock are waiting for ForsetiClient[transactionId=163133, clientId=8655].
 Wait list:ExclusiveLock[
Client[163132] waits for [ForsetiClient[transactionId=163133, clientId=8655]]]} {gql_status: 50N05} {gql_status_description: error: general processing exception - deadlock detected. Deadlock detected while trying to acquire locks. See log for more details.})
Transaction failed and will be retried in 0.9852206699051648s ({neo4j_code: Neo.TransientError.Transaction.DeadlockDetected} {message: ForsetiClient[transactionId=163138, clientId=8704] can't acquire ExclusiveLock{owner=ForsetiClient[transactionId=163137, clientId=8689]} on NODE_RELATIONSHIP_GROUP_DELETE(15438) because holders of that lock are waiting for ForsetiClient[transactionId=163138, clientId=8704].
 Wait list:ExclusiveLock[
Client[163137] waits for [ForsetiClient[transactionId=163138, clientId=8704]]]} {gql_status: 50N05} {gql_status_description: error: general processing exception - deadlock detected. Deadlock detected while trying to acquire locks. See log for more details.})
Transaction failed and will be retried in 1.9133323788935892s ({neo4j_code: Neo.TransientError.Transaction.DeadlockDetected} {message: ForsetiClient[transactionId=163140, clientId=8712] can't acquire ExclusiveLock{owner=ForsetiClient[transactionId=163139, clientId=8714]} on NODE_RELATIONSHIP_GROUP_DELETE(17245) because holders of that lock are waiting for ForsetiClient[transactionId=163140, clientId=8712].
 Wait list:ExclusiveLock[
Client[163139] waits for [ForsetiClient[transactionId=163140, clientId=8712]]]} {gql_status: 50N05} {gql_status_description: error: general processing exception - deadlock detected. Deadlock detected while trying to acquire locks. See log for more details.})
Transaction failed and will be retried in 1.06628635760262s ({neo4j_code: Neo.TransientError.Transaction.DeadlockDetected} {message: ForsetiClient[transactionId=163146, clientId=8711] can't acquire ExclusiveLock{owner=ForsetiClient[transactionId=163145, clientId=8713]} on NODE_RELATIONSHIP_GROUP_DELETE(5543) because holders of that lock are waiting for ForsetiClient[transactionId=163146, clientId=8711].
 Wait list:ExclusiveLock[
Client[163145] waits for [ForsetiClient[transactionId=163146, clientId=8711]]]} {gql_status: 50N05} {gql_status_description: error: general processing exception - deadlock detected. Deadlock detected while trying to acquire locks. See log for more details.})
Transaction failed and will be retried in 2.3520806739710425s ({neo4j_code: Neo.TransientError.Transaction.DeadlockDetected} {message: ForsetiClient[transactionId=163151, clientId=8705] can't acquire ExclusiveLock{owner=ForsetiClient[transactionId=163150, clientId=8715]} on NODE_RELATIONSHIP_GROUP_DELETE(15713) because holders of that lock are waiting for ForsetiClient[transactionId=163151, clientId=8705].
 Wait list:ExclusiveLock[
Client[163150] waits for [ForsetiClient[transactionId=163151, clientId=8705]]]} {gql_status: 50N05} {gql_status_description: error: general processing exception - deadlock detected. Deadlock detected while trying to acquire locks. See log for more details.})
Transaction failed and will be retried in 1.0948811679530532s ({neo4j_code: Neo.TransientError.Transaction.DeadlockDetected} {message: ForsetiClient[transactionId=163155, clientId=8712] can't acquire ExclusiveLock{owner=ForsetiClient[transactionId=163156, clientId=8714]} on NODE_RELATIONSHIP_GROUP_DELETE(12865) because holders of that lock are waiting for ForsetiClient[transactionId=163155, clientId=8712].
 Wait list:ExclusiveLock[
Client[163156] waits for [ForsetiClient[transactionId=163155, clientId=8712]]]} {gql_status: 50N05} {gql_status_description: error: general processing exception - deadlock detected. Deadlock detected while trying to acquire locks. See log for more details.})
Transaction failed and will be retried in 1.153537565096935s ({neo4j_code: Neo.TransientError.Transaction.DeadlockDetected} {message: ForsetiClient[transactionId=163162, clientId=8713] can't acquire ExclusiveLock{owner=ForsetiClient[transactionId=163164, clientId=8655]} on NODE_RELATIONSHIP_GROUP_DELETE(18503) because holders of that lock are waiting for ForsetiClient[transactionId=163162, clientId=8713].
 Wait list:ExclusiveLock[
Client[163164] waits for [ForsetiClient[transactionId=163162, clientId=8713]]]} {gql_status: 50N05} {gql_status_description: error: general processing exception - deadlock detected. Deadlock detected while trying to acquire locks. See log for more details.})
Transaction failed and will be retried in 2.3519283168221023s ({neo4j_code: Neo.TransientError.Transaction.DeadlockDetected} {message: ForsetiClient[transactionId=163163, clientId=8708] can't acquire ExclusiveLock{owner=ForsetiClient[transactionId=163164, clientId=8655]} on NODE_RELATIONSHIP_GROUP_DELETE(17566) because holders of that lock are waiting for ForsetiClient[transactionId=163163, clientId=8708].
 Wait list:ExclusiveLock[
Client[163164] waits for [ForsetiClient[transactionId=163163, clientId=8708]]]} {gql_status: 50N05} {gql_status_description: error: general processing exception - deadlock detected. Deadlock detected while trying to acquire locks. See log for more details.})
Transaction failed and will be retried in 0.9435012544870192s ({neo4j_code: Neo.TransientError.Transaction.DeadlockDetected} {message: ForsetiClient[transactionId=163166, clientId=8705] can't acquire ExclusiveLock{owner=ForsetiClient[transactionId=163167, clientId=8715]} on NODE_RELATIONSHIP_GROUP_DELETE(15979) because holders of that lock are waiting for ForsetiClient[transactionId=163166, clientId=8705].
 Wait list:ExclusiveLock[
Client[163167] waits for [ForsetiClient[transactionId=163166, clientId=8705]]]} {gql_status: 50N05} {gql_status_description: error: general processing exception - deadlock detected. Deadlock detected while trying to acquire locks. See log for more details.})
Transaction failed and will be retried in 0.9134088294788596s ({neo4j_code: Neo.TransientError.Transaction.DeadlockDetected} {message: ForsetiClient[transactionId=163168, clientId=8701] can't acquire ExclusiveLock{owner=ForsetiClient[transactionId=163169, clientId=8704]} on NODE_RELATIONSHIP_GROUP_DELETE(10734) because holders of that lock are waiting for ForsetiClient[transactionId=163168, clientId=8701].
 Wait list:ExclusiveLock[
Client[163169] waits for [ForsetiClient[transactionId=163168, clientId=8701]]]} {gql_status: 50N05} {gql_status_description: error: general processing exception - deadlock detected. Deadlock detected while trying to acquire locks. See log for more details.})
Transaction failed and will be retried in 1.6519433447676546s ({neo4j_code: Neo.TransientError.Transaction.DeadlockDetected} {message: ForsetiClient[transactionId=163174, clientId=8712] can't acquire ExclusiveLock{owner=ForsetiClient[transactionId=163175, clientId=8714]} on NODE_RELATIONSHIP_GROUP_DELETE(16973) because holders of that lock are waiting for ForsetiClient[transactionId=163174, clientId=8712].
 Wait list:ExclusiveLock[
Client[163175] waits for [ForsetiClient[transactionId=163174, clientId=8712]]]} {gql_status: 50N05} {gql_status_description: error: general processing exception - deadlock detected. Deadlock detected while trying to acquire locks. See log for more details.})
Transaction failed and will be retried in 3.9056367131193612s ({neo4j_code: Neo.TransientError.Transaction.DeadlockDetected} {message: ForsetiClient[transactionId=163180, clientId=8655] can't acquire ExclusiveLock{owner=ForsetiClient[transactionId=163179, clientId=8708]} on NODE_RELATIONSHIP_GROUP_DELETE(12468) because holders of that lock are waiting for ForsetiClient[transactionId=163180, clientId=8655].
 Wait list:ExclusiveLock[
Client[163179] waits for [ForsetiClient[transactionId=163180, clientId=8655]]]} {gql_status: 50N05} {gql_status_description: error: general processing exception - deadlock detected. Deadlock detected while trying to acquire locks. See log for more details.})
Transaction failed and will be retried in 0.8272183706323782s ({neo4j_code: Neo.TransientError.Transaction.DeadlockDetected} {message: ForsetiClient[transactionId=163181, clientId=8710] can't acquire ExclusiveLock{owner=ForsetiClient[transactionId=163182, clientId=8705]} on NODE_RELATIONSHIP_GROUP_DELETE(13513) because holders of that lock are waiting for ForsetiClient[transactionId=163181, clientId=8710].
 Wait list:ExclusiveLock[
Client[163182] waits for [ForsetiClient[transactionId=163181, clientId=8710]]]} {gql_status: 50N05} {gql_status_description: error: general processing exception - deadlock detected. Deadlock detected while trying to acquire locks. See log for more details.})
Transaction failed and will be retried in 0.8012139775054733s ({neo4j_code: Neo.TransientError.Transaction.DeadlockDetected} {message: ForsetiClient[transactionId=163185, clientId=8704] can't acquire ExclusiveLock{owner=ForsetiClient[transactionId=163183, clientId=8715]} on NODE_RELATIONSHIP_GROUP_DELETE(7216) because holders of that lock are waiting for ForsetiClient[transactionId=163185, clientId=8704].
 Wait list:ExclusiveLock[
Client[163183] waits for [ForsetiClient[transactionId=163185, clientId=8704]]]} {gql_status: 50N05} {gql_status_description: error: general processing exception - deadlock detected. Deadlock detected while trying to acquire locks. See log for more details.})
Transaction failed and will be retried in 1.1430542099917518s ({neo4j_code: Neo.TransientError.Transaction.DeadlockDetected} {message: ForsetiClient[transactionId=163187, clientId=8716] can't acquire ExclusiveLock{owner=ForsetiClient[transactionId=163186, clientId=8691]} on NODE_RELATIONSHIP_GROUP_DELETE(3432) because holders of that lock are waiting for ForsetiClient[transactionId=163187, clientId=8716].
 Wait list:ExclusiveLock[
Client[163186] waits for [ForsetiClient[transactionId=163187, clientId=8716]]]} {gql_status: 50N05} {gql_status_description: error: general processing exception - deadlock detected. Deadlock detected while trying to acquire locks. See log for more details.})
Transaction failed and will be retried in 2.037254192700447s ({neo4j_code: Neo.TransientError.Transaction.DeadlockDetected} {message: ForsetiClient[transactionId=163189, clientId=8689] can't acquire ExclusiveLock{owner=ForsetiClient[transactionId=163190, clientId=8712]} on NODE_RELATIONSHIP_GROUP_DELETE(8749) because holders of that lock are waiting for ForsetiClient[transactionId=163189, clientId=8689].
 Wait list:ExclusiveLock[
Client[163190] waits for [ForsetiClient[transactionId=163189, clientId=8689]]]} {gql_status: 50N05} {gql_status_description: error: general processing exception - deadlock detected. Deadlock detected while trying to acquire locks. See log for more details.})
Transaction failed and will be retried in 1.8821060130266896s ({neo4j_code: Neo.TransientError.Transaction.DeadlockDetected} {message: ForsetiClient[transactionId=163188, clientId=8695] can't acquire ExclusiveLock{owner=ForsetiClient[transactionId=163191, clientId=8714]} on NODE_RELATIONSHIP_GROUP_DELETE(15873) because holders of that lock are waiting for ForsetiClient[transactionId=163188, clientId=8695].
 Wait list:ExclusiveLock[
Client[163191] waits for [ForsetiClient[transactionId=163188, clientId=8695]]]} {gql_status: 50N05} {gql_status_description: error: general processing exception - deadlock detected. Deadlock detected while trying to acquire locks. See log for more details.})
Transaction failed and will be retried in 1.025105740138873s ({neo4j_code: Neo.TransientError.Transaction.DeadlockDetected} {message: ForsetiClient[transactionId=163192, clientId=8709] can't acquire ExclusiveLock{owner=ForsetiClient[transactionId=163191, clientId=8714]} on NODE_RELATIONSHIP_GROUP_DELETE(15049) because holders of that lock are waiting for ForsetiClient[transactionId=163192, clientId=8709].
 Wait list:ExclusiveLock[
Client[163191] waits for [ForsetiClient[transactionId=163192, clientId=8709]]]} {gql_status: 50N05} {gql_status_description: error: general processing exception - deadlock detected. Deadlock detected while trying to acquire locks. See log for more details.})
Transaction failed and will be retried in 1.6004669828138884s ({neo4j_code: Neo.TransientError.Transaction.DeadlockDetected} {message: ForsetiClient[transactionId=163200, clientId=8715] can't acquire ExclusiveLock{owner=ForsetiClient[transactionId=163199, clientId=8704]} on NODE_RELATIONSHIP_GROUP_DELETE(18414) because holders of that lock are waiting for ForsetiClient[transactionId=163200, clientId=8715].
 Wait list:ExclusiveLock[
Client[163199] waits for [ForsetiClient[transactionId=163200, clientId=8715]]]} {gql_status: 50N05} {gql_status_description: error: general processing exception - deadlock detected. Deadlock detected while trying to acquire locks. See log for more details.})
Transaction failed and will be retried in 0.9422831034532809s ({neo4j_code: Neo.TransientError.Transaction.DeadlockDetected} {message: ForsetiClient[transactionId=163201, clientId=8701] can't acquire ExclusiveLock{owner=ForsetiClient[transactionId=163199, clientId=8704]} on NODE_RELATIONSHIP_GROUP_DELETE(6940) because holders of that lock are waiting for ForsetiClient[transactionId=163201, clientId=8701].
 Wait list:ExclusiveLock[
Client[163199] waits for [ForsetiClient[transactionId=163201, clientId=8701]]]} {gql_status: 50N05} {gql_status_description: error: general processing exception - deadlock detected. Deadlock detected while trying to acquire locks. See log for more details.})
Transaction failed and will be retried in 1.0322509788206153s ({neo4j_code: Neo.TransientError.Transaction.DeadlockDetected} {message: ForsetiClient[transactionId=163203, clientId=8691] can't acquire ExclusiveLock{owner=ForsetiClient[transactionId=163202, clientId=8716]} on NODE_RELATIONSHIP_GROUP_DELETE(11398) because holders of that lock are waiting for ForsetiClient[transactionId=163203, clientId=8691].
 Wait list:ExclusiveLock[
Client[163202] waits for [ForsetiClient[transactionId=163203, clientId=8691]]]} {gql_status: 50N05} {gql_status_description: error: general processing exception - deadlock detected. Deadlock detected while trying to acquire locks. See log for more details.})
Transaction failed and will be retried in 0.9994466094513716s ({neo4j_code: Neo.TransientError.Transaction.DeadlockDetected} {message: ForsetiClient[transactionId=163208, clientId=8714] can't acquire ExclusiveLock{owner=ForsetiClient[transactionId=163207, clientId=8709]} on NODE_RELATIONSHIP_GROUP_DELETE(11668) because holders of that lock are waiting for ForsetiClient[transactionId=163208, clientId=8714].
 Wait list:ExclusiveLock[
Client[163207] waits for [ForsetiClient[transactionId=163208, clientId=8714]]]} {gql_status: 50N05} {gql_status_description: error: general processing exception - deadlock detected. Deadlock detected while trying to acquire locks. See log for more details.})
Transaction failed and will be retried in 2.247859308407736s ({neo4j_code: Neo.TransientError.Transaction.DeadlockDetected} {message: ForsetiClient[transactionId=163211, clientId=8655] can't acquire ExclusiveLock{owner=ForsetiClient[transactionId=163209, clientId=8711]} on NODE_RELATIONSHIP_GROUP_DELETE(3839) because holders of that lock are waiting for ForsetiClient[transactionId=163211, clientId=8655].
 Wait list:ExclusiveLock[
Client[163209] waits for [ForsetiClient[transactionId=163211, clientId=8655]]]} {gql_status: 50N05} {gql_status_description: error: general processing exception - deadlock detected. Deadlock detected while trying to acquire locks. See log for more details.})
Transaction failed and will be retried in 4.390762050894999s ({neo4j_code: Neo.TransientError.Transaction.DeadlockDetected} {message: ForsetiClient[transactionId=163210, clientId=8713] can't acquire ExclusiveLock{owner=ForsetiClient[transactionId=163209, clientId=8711]} on NODE_RELATIONSHIP_GROUP_DELETE(10730) because holders of that lock are waiting for ForsetiClient[transactionId=163210, clientId=8713].
 Wait list:ExclusiveLock[
Client[163209] waits for [ForsetiClient[transactionId=163210, clientId=8713]]]} {gql_status: 50N05} {gql_status_description: error: general processing exception - deadlock detected. Deadlock detected while trying to acquire locks. See log for more details.})
Transaction failed and will be retried in 1.0242362736294908s ({neo4j_code: Neo.TransientError.Transaction.DeadlockDetected} {message: ForsetiClient[transactionId=163212, clientId=8708] can't acquire ExclusiveLock{owner=ForsetiClient[transactionId=163209, clientId=8711]} on NODE_RELATIONSHIP_GROUP_DELETE(7987) because holders of that lock are waiting for ForsetiClient[transactionId=163212, clientId=8708].
 Wait list:ExclusiveLock[
Client[163209] waits for [ForsetiClient[transactionId=163212, clientId=8708]]]} {gql_status: 50N05} {gql_status_description: error: general processing exception - deadlock detected. Deadlock detected while trying to acquire locks. See log for more details.})
Transaction failed and will be retried in 0.8695498095348422s ({neo4j_code: Neo.TransientError.Transaction.DeadlockDetected} {message: ForsetiClient[transactionId=163214, clientId=8705] can't acquire ExclusiveLock{owner=ForsetiClient[transactionId=163213, clientId=8710]} on NODE_RELATIONSHIP_GROUP_DELETE(4153) because holders of that lock are waiting for ForsetiClient[transactionId=163214, clientId=8705].
 Wait list:ExclusiveLock[
Client[163213] waits for [ForsetiClient[transactionId=163214, clientId=8705]]]} {gql_status: 50N05} {gql_status_description: error: general processing exception - deadlock detected. Deadlock detected while trying to acquire locks. See log for more details.})
Transaction failed and will be retried in 1.8413231389644746s ({neo4j_code: Neo.TransientError.Transaction.DeadlockDetected} {message: ForsetiClient[transactionId=163220, clientId=8689] can't acquire ExclusiveLock{owner=ForsetiClient[transactionId=163221, clientId=8712]} on NODE_RELATIONSHIP_GROUP_DELETE(4482) because holders of that lock are waiting for ForsetiClient[transactionId=163220, clientId=8689].
 Wait list:ExclusiveLock[
Client[163221] waits for [ForsetiClient[transactionId=163220, clientId=8689]]]} {gql_status: 50N05} {gql_status_description: error: general processing exception - deadlock detected. Deadlock detected while trying to acquire locks. See log for more details.})
Transaction failed and will be retried in 1.8597663981567663s ({neo4j_code: Neo.TransientError.Transaction.DeadlockDetected} {message: ForsetiClient[transactionId=163224, clientId=8709] can't acquire ExclusiveLock{owner=ForsetiClient[transactionId=163227, clientId=8708]} on NODE_RELATIONSHIP_GROUP_DELETE(12974) because holders of that lock are waiting for ForsetiClient[transactionId=163224, clientId=8709].
 Wait list:ExclusiveLock[
Client[163227] waits for [ForsetiClient[transactionId=163224, clientId=8709]]]} {gql_status: 50N05} {gql_status_description: error: general processing exception - deadlock detected. Deadlock detected while trying to acquire locks. See log for more details.})
Transaction failed and will be retried in 4.08568736193354s ({neo4j_code: Neo.TransientError.Transaction.DeadlockDetected} {message: ForsetiClient[transactionId=163225, clientId=8655] can't acquire ExclusiveLock{owner=ForsetiClient[transactionId=163227, clientId=8708]} on NODE_RELATIONSHIP_GROUP_DELETE(1315) because holders of that lock are waiting for ForsetiClient[transactionId=163225, clientId=8655].
 Wait list:ExclusiveLock[
Client[163227] waits for [ForsetiClient[transactionId=163225, clientId=8655]]]} {gql_status: 50N05} {gql_status_description: error: general processing exception - deadlock detected. Deadlock detected while trying to acquire locks. See log for more details.})
Transaction failed and will be retried in 0.9821160474240243s ({neo4j_code: Neo.TransientError.Transaction.DeadlockDetected} {message: ForsetiClient[transactionId=163226, clientId=8713] can't acquire ExclusiveLock{owner=ForsetiClient[transactionId=163227, clientId=8708]} on NODE_RELATIONSHIP_GROUP_DELETE(16082) because holders of that lock are waiting for ForsetiClient[transactionId=163226, clientId=8713].
 Wait list:ExclusiveLock[
Client[163227] waits for [ForsetiClient[transactionId=163226, clientId=8713]]]} {gql_status: 50N05} {gql_status_description: error: general processing exception - deadlock detected. Deadlock detected while trying to acquire locks. See log for more details.})
Transaction failed and will be retried in 0.9250239238207718s ({neo4j_code: Neo.TransientError.Transaction.DeadlockDetected} {message: ForsetiClient[transactionId=163229, clientId=8705] can't acquire ExclusiveLock{owner=ForsetiClient[transactionId=163227, clientId=8708]} on NODE_RELATIONSHIP_GROUP_DELETE(1943) because holders of that lock are waiting for ForsetiClient[transactionId=163229, clientId=8705].
 Wait list:ExclusiveLock[
Client[163227] waits for [ForsetiClient[transactionId=163229, clientId=8705]]]} {gql_status: 50N05} {gql_status_description: error: general processing exception - deadlock detected. Deadlock detected while trying to acquire locks. See log for more details.})
Transaction failed and will be retried in 1.9116462209447547s ({neo4j_code: Neo.TransientError.Transaction.DeadlockDetected} {message: ForsetiClient[transactionId=163228, clientId=8711] can't acquire ExclusiveLock{owner=ForsetiClient[transactionId=163230, clientId=8710]} on NODE_RELATIONSHIP_GROUP_DELETE(803) because holders of that lock are waiting for ForsetiClient[transactionId=163228, clientId=8711].
 Wait list:ExclusiveLock[
Client[163230] waits for [ForsetiClient[transactionId=163228, clientId=8711]]]} {gql_status: 50N05} {gql_status_description: error: general processing exception - deadlock detected. Deadlock detected while trying to acquire locks. See log for more details.})
Transaction failed and will be retried in 3.6844975101328514s ({neo4j_code: Neo.TransientError.Transaction.DeadlockDetected} {message: ForsetiClient[transactionId=163233, clientId=8704] can't acquire UpdateLock{owners=ForsetiClient[transactionId=163233, clientId=8704], ForsetiClient[transactionId=163232, clientId=8701], refCount=2} on NODE_RELATIONSHIP_GROUP_DELETE(18659) because holders of that lock are waiting for ForsetiClient[transactionId=163233, clientId=8704].
 Wait list:SharedLock[
Client[163233] waits for [ForsetiClient[transactionId=163232, clientId=8701]], 
Client[163232] waits for [ForsetiClient[transactionId=163233, clientId=8704]]]} {gql_status: 50N05} {gql_status_description: error: general processing exception - deadlock detected. Deadlock detected while trying to acquire locks. See log for more details.})
Transaction failed and will be retried in 1.928979894573332s ({neo4j_code: Neo.TransientError.Transaction.DeadlockDetected} {message: ForsetiClient[transactionId=163231, clientId=8715] can't acquire UpdateLock{owners=ForsetiClient[transactionId=163234, clientId=8691], ForsetiClient[transactionId=163231, clientId=8715], refCount=2} on NODE_RELATIONSHIP_GROUP_DELETE(11708) because holders of that lock are waiting for ForsetiClient[transactionId=163231, clientId=8715].
 Wait list:SharedLock[
Client[163234] waits for [ForsetiClient[transactionId=163231, clientId=8715]], 
Client[163231] waits for [ForsetiClient[transactionId=163234, clientId=8691]]]} {gql_status: 50N05} {gql_status_description: error: general processing exception - deadlock detected. Deadlock detected while trying to acquire locks. See log for more details.})
Transaction failed and will be retried in 15.502267900963716s ({neo4j_code: Neo.TransientError.Transaction.DeadlockDetected} {message: ForsetiClient[transactionId=163235, clientId=8716] can't acquire UpdateLock{owners=ForsetiClient[transactionId=163237, clientId=8712], ForsetiClient[transactionId=163235, clientId=8716], refCount=2} on NODE_RELATIONSHIP_GROUP_DELETE(9712) because holders of that lock are waiting for ForsetiClient[transactionId=163235, clientId=8716].
 Wait list:SharedLock[
Client[163237] waits for [ForsetiClient[transactionId=163235, clientId=8716]], 
Client[163235] waits for [ForsetiClient[transactionId=163237, clientId=8712]]]} {gql_status: 50N05} {gql_status_description: error: general processing exception - deadlock detected. Deadlock detected while trying to acquire locks. See log for more details.})
Transaction failed and will be retried in 17.27610365695874s ({neo4j_code: Neo.TransientError.Transaction.DeadlockDetected} {message: ForsetiClient[transactionId=163242, clientId=8713] can't acquire UpdateLock{owners=ForsetiClient[transactionId=163243, clientId=8705], ForsetiClient[transactionId=163242, clientId=8713], refCount=2} on NODE_RELATIONSHIP_GROUP_DELETE(19013) because holders of that lock are waiting for ForsetiClient[transactionId=163242, clientId=8713].
 Wait list:SharedLock[
Client[163243] waits for [ForsetiClient[transactionId=163242, clientId=8713],ForsetiClient[transactionId=-1, clientId=8701]], 
Client[163242] waits for [ForsetiClient[transactionId=163243, clientId=8705],ForsetiClient[transactionId=-1, clientId=8701]]]} {gql_status: 50N05} {gql_status_description: error: general processing exception - deadlock detected. Deadlock detected while trying to acquire locks. See log for more details.})
Transaction failed and will be retried in 3.7958693357215085s ({neo4j_code: Neo.TransientError.Transaction.DeadlockDetected} {message: ForsetiClient[transactionId=163250, clientId=8691] can't acquire UpdateLock{owners=ForsetiClient[transactionId=163243, clientId=8705], ForsetiClient[transactionId=163250, clientId=8691], refCount=2} on NODE_RELATIONSHIP_GROUP_DELETE(625) because holders of that lock are waiting for ForsetiClient[transactionId=163250, clientId=8691].
 Wait list:SharedLock[
Client[163243] waits for [ForsetiClient[transactionId=163250, clientId=8691]], 
Client[163250] waits for [ForsetiClient[transactionId=163243, clientId=8705]]]} {gql_status: 50N05} {gql_status_description: error: general processing exception - deadlock detected. Deadlock detected while trying to acquire locks. See log for more details.})
Transaction failed and will be retried in 4.121082762859144s ({neo4j_code: Neo.TransientError.Transaction.DeadlockDetected} {message: ForsetiClient[transactionId=163244, clientId=8708] can't acquire UpdateLock{owners=ForsetiClient[transactionId=163243, clientId=8705], ForsetiClient[transactionId=163244, clientId=8708], refCount=2} on NODE_RELATIONSHIP_GROUP_DELETE(10282) because holders of that lock are waiting for ForsetiClient[transactionId=163244, clientId=8708].
 Wait list:SharedLock[
Client[163243] waits for [ForsetiClient[transactionId=163244, clientId=8708]], 
Client[163244] waits for [ForsetiClient[transactionId=163243, clientId=8705]]]} {gql_status: 50N05} {gql_status_description: error: general processing exception - deadlock detected. Deadlock detected while trying to acquire locks. See log for more details.})
Transaction failed and will be retried in 17.399841380603643s ({neo4j_code: Neo.TransientError.Transaction.DeadlockDetected} {message: ForsetiClient[transactionId=163252, clientId=8716] can't acquire ExclusiveLock{owner=ForsetiClient[transactionId=163245, clientId=8711]} on NODE_RELATIONSHIP_GROUP_DELETE(6429) because holders of that lock are waiting for ForsetiClient[transactionId=163252, clientId=8716].
 Wait list:ExclusiveLock[
Client[163245] waits for [ForsetiClient[transactionId=163252, clientId=8716]]]} {gql_status: 50N05} {gql_status_description: error: general processing exception - deadlock detected. Deadlock detected while trying to acquire locks. See log for more details.})
Transaction failed and will be retried in 3.2588477957627253s ({neo4j_code: Neo.TransientError.Transaction.DeadlockDetected} {message: ForsetiClient[transactionId=163254, clientId=8695] can't acquire UpdateLock{owners=ForsetiClient[transactionId=163254, clientId=8695], ForsetiClient[transactionId=163253, clientId=8712], refCount=2} on NODE_RELATIONSHIP_GROUP_DELETE(1071) because holders of that lock are waiting for ForsetiClient[transactionId=163254, clientId=8695].
 Wait list:SharedLock[
Client[163254] waits for [ForsetiClient[transactionId=163253, clientId=8712]], 
Client[163253] waits for [ForsetiClient[transactionId=163254, clientId=8695]]]} {gql_status: 50N05} {gql_status_description: error: general processing exception - deadlock detected. Deadlock detected while trying to acquire locks. See log for more details.})
Transaction failed and will be retried in 3.7341289824710158s ({neo4j_code: Neo.TransientError.Transaction.DeadlockDetected} {message: ForsetiClient[transactionId=163258, clientId=8714] can't acquire UpdateLock{owners=ForsetiClient[transactionId=163258, clientId=8714], ForsetiClient[transactionId=163261, clientId=8701], refCount=2} on NODE_RELATIONSHIP_GROUP_DELETE(1046) because holders of that lock are waiting for ForsetiClient[transactionId=163258, clientId=8714].
 Wait list:SharedLock[
Client[163258] waits for [ForsetiClient[transactionId=163261, clientId=8701]], 
Client[163261] waits for [ForsetiClient[transactionId=163258, clientId=8714]]]} {gql_status: 50N05} {gql_status_description: error: general processing exception - deadlock detected. Deadlock detected while trying to acquire locks. See log for more details.})
Transaction failed and will be retried in 8.046578253866945s ({neo4j_code: Neo.TransientError.Transaction.DeadlockDetected} {message: ForsetiClient[transactionId=163268, clientId=8711] can't acquire UpdateLock{owners=ForsetiClient[transactionId=163269, clientId=8695], ForsetiClient[transactionId=163268, clientId=8711], refCount=2} on NODE_RELATIONSHIP_GROUP_DELETE(15570) because holders of that lock are waiting for ForsetiClient[transactionId=163268, clientId=8711].
 Wait list:SharedLock[
Client[163269] waits for [ForsetiClient[transactionId=163268, clientId=8711]], 
Client[163268] waits for [ForsetiClient[transactionId=163269, clientId=8695]]]} {gql_status: 50N05} {gql_status_description: error: general processing exception - deadlock detected. Deadlock detected while trying to acquire locks. See log for more details.})
Transaction failed and will be retried in 7.710956506086343s ({neo4j_code: Neo.TransientError.Transaction.DeadlockDetected} {message: ForsetiClient[transactionId=163277, clientId=8701] can't acquire UpdateLock{owners=ForsetiClient[transactionId=163280, clientId=8708], ForsetiClient[transactionId=163277, clientId=8701], refCount=2} on NODE_RELATIONSHIP_GROUP_DELETE(9947) because holders of that lock are waiting for ForsetiClient[transactionId=163277, clientId=8701].
 Wait list:SharedLock[
Client[163280] waits for [ForsetiClient[transactionId=-1, clientId=8691],ForsetiClient[transactionId=163277, clientId=8701]], 
Client[163277] waits for [ForsetiClient[transactionId=-1, clientId=8691],ForsetiClient[transactionId=163280, clientId=8708]]]} {gql_status: 50N05} {gql_status_description: error: general processing exception - deadlock detected. Deadlock detected while trying to acquire locks. See log for more details.})
  primary      workers= 16 docs/s=   14,000 batch p50=  197.9 ms p95= 8045.2 ms 
errors=0 | busiest: 
Transaction failed and will be retried in 0.8218011991770195s ({neo4j_code: Neo.TransientError.Transaction.DeadlockDetected} {message: ForsetiClient[transactionId=163319, clientId=8710] can't acquire ExclusiveLock{owner=ForsetiClient[transactionId=163317, clientId=8695]} on NODE_RELATIONSHIP_GROUP_DELETE(16018) because holders of that lock are waiting for ForsetiClient[transactionId=163319, clientId=8710].
 Wait list:ExclusiveLock[
Client[163317] waits for [ForsetiClient[transactionId=163319, clientId=8710]]]} {gql_status: 50N05} {gql_status_description: error: general processing exception - deadlock detected. Deadlock detected while trying to acquire locks. See log for more details.})
Transaction failed and will be retried in 0.805264947501469s ({neo4j_code: Neo.TransientError.Transaction.DeadlockDetected} {message: ForsetiClient[transactionId=163316, clientId=8705] can't acquire ExclusiveLock{owner=ForsetiClient[transactionId=163317, clientId=8695]} on NODE_RELATIONSHIP_GROUP_DELETE(1010) because holders of that lock are waiting for ForsetiClient[transactionId=163316, clientId=8705].
 Wait list:ExclusiveLock[
Client[163317] waits for [ForsetiClient[transactionId=163316, clientId=8705]]]} {gql_status: 50N05} {gql_status_description: error: general processing exception - deadlock detected. Deadlock detected while trying to acquire locks. See log for more details.})
Transaction failed and will be retried in 1.0030432757768422s ({neo4j_code: Neo.TransientError.Transaction.DeadlockDetected} {message: ForsetiClient[transactionId=163322, clientId=8709] can't acquire ExclusiveLock{owner=ForsetiClient[transactionId=163317, clientId=8695]} on NODE_RELATIONSHIP_GROUP_DELETE(16637) because holders of that lock are waiting for ForsetiClient[transactionId=163322, clientId=8709].
 Wait list:ExclusiveLock[
Client[163317] waits for [ForsetiClient[transactionId=-1, clientId=8705],ForsetiClient[transactionId=163322, clientId=8709]]]} {gql_status: 50N05} {gql_status_description: error: general processing exception - deadlock detected. Deadlock detected while trying to acquire locks. See log for more details.})
Transaction failed and will be retried in 0.9107219468946449s ({neo4j_code: Neo.TransientError.Transaction.DeadlockDetected} {message: ForsetiClient[transactionId=163332, clientId=8717] can't acquire ExclusiveLock{owner=ForsetiClient[transactionId=163317, clientId=8695]} on NODE_RELATIONSHIP_GROUP_DELETE(13962) because holders of that lock are waiting for ForsetiClient[transactionId=163332, clientId=8717].
 Wait list:ExclusiveLock[
Client[163317] waits for [ForsetiClient[transactionId=163332, clientId=8717]]]} {gql_status: 50N05} {gql_status_description: error: general processing exception - deadlock detected. Deadlock detected while trying to acquire locks. See log for more details.})
Transaction failed and will be retried in 1.073401348852809s ({neo4j_code: Neo.TransientError.Transaction.DeadlockDetected} {message: ForsetiClient[transactionId=163331, clientId=8708] can't acquire ExclusiveLock{owner=ForsetiClient[transactionId=163337, clientId=8722]} on NODE_RELATIONSHIP_GROUP_DELETE(7349) because holders of that lock are waiting for ForsetiClient[transactionId=163331, clientId=8708].
 Wait list:ExclusiveLock[
Client[163337] waits for [ForsetiClient[transactionId=163331, clientId=8708],ForsetiClient[transactionId=163317, clientId=8695],ForsetiClient[transactionId=-1, clientId=8717]]]} {gql_status: 50N05} {gql_status_description: error: general processing exception - deadlock detected. Deadlock detected while trying to acquire locks. See log for more details.})
Transaction failed and will be retried in 1.121083723067849s ({neo4j_code: Neo.TransientError.Transaction.DeadlockDetected} {message: ForsetiClient[transactionId=163338, clientId=8723] can't acquire ExclusiveLock{owner=ForsetiClient[transactionId=163317, clientId=8695]} on NODE_RELATIONSHIP_GROUP_DELETE(2887) because holders of that lock are waiting for ForsetiClient[transactionId=163338, clientId=8723].
 Wait list:ExclusiveLock[
Client[163317] waits for [ForsetiClient[transactionId=163338, clientId=8723]]]} {gql_status: 50N05} {gql_status_description: error: general processing exception - deadlock detected. Deadlock detected while trying to acquire locks. See log for more details.})
Transaction failed and will be retried in 1.1780876483749783s ({neo4j_code: Neo.TransientError.Transaction.DeadlockDetected} {message: ForsetiClient[transactionId=163328, clientId=8716] can't acquire ExclusiveLock{owner=ForsetiClient[transactionId=163317, clientId=8695]} on NODE_RELATIONSHIP_GROUP_DELETE(7197) because holders of that lock are waiting for ForsetiClient[transactionId=163328, clientId=8716].
 Wait list:ExclusiveLock[
Client[163317] waits for [ForsetiClient[transactionId=163328, clientId=8716]]]} {gql_status: 50N05} {gql_status_description: error: general processing exception - deadlock detected. Deadlock detected while trying to acquire locks. See log for more details.})
Transaction failed and will be retried in 0.8299843320357186s ({neo4j_code: Neo.TransientError.Transaction.DeadlockDetected} {message: ForsetiClient[transactionId=163334, clientId=8719] can't acquire ExclusiveLock{owner=ForsetiClient[transactionId=163317, clientId=8695]} on NODE_RELATIONSHIP_GROUP_DELETE(6476) because holders of that lock are waiting for ForsetiClient[transactionId=163334, clientId=8719].
 Wait list:ExclusiveLock[
Client[163317] waits for [ForsetiClient[transactionId=163334, clientId=8719]]]} {gql_status: 50N05} {gql_status_description: error: general processing exception - deadlock detected. Deadlock detected while trying to acquire locks. See log for more details.})
Transaction failed and will be retried in 0.9435580399914194s ({neo4j_code: Neo.TransientError.Transaction.DeadlockDetected} {message: ForsetiClient[transactionId=163329, clientId=8701] can't acquire ExclusiveLock{owner=ForsetiClient[transactionId=163317, clientId=8695]} on NODE_RELATIONSHIP_GROUP_DELETE(15357) because holders of that lock are waiting for ForsetiClient[transactionId=163329, clientId=8701].
 Wait list:ExclusiveLock[
Client[163317] waits for [ForsetiClient[transactionId=163329, clientId=8701],ForsetiClient[transactionId=-1, clientId=8719]]]} {gql_status: 50N05} {gql_status_description: error: general processing exception - deadlock detected. Deadlock detected while trying to acquire locks. See log for more details.})
Transaction failed and will be retried in 0.8670099299660357s ({neo4j_code: Neo.TransientError.Transaction.DeadlockDetected} {message: ForsetiClient[transactionId=163336, clientId=8721] can't acquire ExclusiveLock{owner=ForsetiClient[transactionId=163317, clientId=8695]} on NODE_RELATIONSHIP_GROUP_DELETE(19762) because holders of that lock are waiting for ForsetiClient[transactionId=163336, clientId=8721].
 Wait list:ExclusiveLock[
Client[163317] waits for [ForsetiClient[transactionId=163336, clientId=8721]]]} {gql_status: 50N05} {gql_status_description: error: general processing exception - deadlock detected. Deadlock detected while trying to acquire locks. See log for more details.})
Transaction failed and will be retried in 0.9302737296919789s ({neo4j_code: Neo.TransientError.Transaction.DeadlockDetected} {message: ForsetiClient[transactionId=163346, clientId=8731] can't acquire ExclusiveLock{owner=ForsetiClient[transactionId=163320, clientId=8704]} on NODE_RELATIONSHIP_GROUP_DELETE(12326) because holders of that lock are waiting for ForsetiClient[transactionId=163346, clientId=8731].
 Wait list:ExclusiveLock[
Client[163320] waits for [ForsetiClient[transactionId=163330, clientId=8711],ForsetiClient[transactionId=163346, clientId=8731]]]} {gql_status: 50N05} {gql_status_description: error: general processing exception - deadlock detected. Deadlock detected while trying to acquire locks. See log for more details.})
Transaction failed and will be retried in 1.1567390147725638s ({neo4j_code: Neo.TransientError.Transaction.DeadlockDetected} {message: ForsetiClient[transactionId=163339, clientId=8724] can't acquire ExclusiveLock{owner=ForsetiClient[transactionId=163330, clientId=8711]} on NODE_RELATIONSHIP_GROUP_DELETE(745) because holders of that lock are waiting for ForsetiClient[transactionId=163339, clientId=8724].
 Wait list:ExclusiveLock[
Client[163330] waits for [ForsetiClient[transactionId=163339, clientId=8724]]]} {gql_status: 50N05} {gql_status_description: error: general processing exception - deadlock detected. Deadlock detected while trying to acquire locks. See log for more details.})
Transaction failed and will be retried in 1.0851752861374684s ({neo4j_code: Neo.TransientError.Transaction.DeadlockDetected} {message: ForsetiClient[transactionId=163337, clientId=8722] can't acquire ExclusiveLock{owner=ForsetiClient[transactionId=163330, clientId=8711]} on NODE_RELATIONSHIP_GROUP_DELETE(19729) because holders of that lock are waiting for ForsetiClient[transactionId=163337, clientId=8722].
 Wait list:ExclusiveLock[
Client[163330] waits for [ForsetiClient[transactionId=163337, clientId=8722],ForsetiClient[transactionId=163325, clientId=8713]]]} {gql_status: 50N05} {gql_status_description: error: general processing exception - deadlock detected. Deadlock detected while trying to acquire locks. See log for more details.})
Transaction failed and will be retried in 1.003168845307803s ({neo4j_code: Neo.TransientError.Transaction.DeadlockDetected} {message: ForsetiClient[transactionId=163340, clientId=8725] can't acquire ExclusiveLock{owner=ForsetiClient[transactionId=163326, clientId=8691]} on NODE_RELATIONSHIP_GROUP_DELETE(17041) because holders of that lock are waiting for ForsetiClient[transactionId=163340, clientId=8725].
 Wait list:ExclusiveLock[
Client[163326] waits for [ForsetiClient[transactionId=163340, clientId=8725],ForsetiClient[transactionId=163342, clientId=8727],ForsetiClient[transactionId=163333, clientId=8718]]]} {gql_status: 50N05} {gql_status_description: error: general processing exception - deadlock detected. Deadlock detected while trying to acquire locks. See log for more details.})
Transaction failed and will be retried in 0.8368943983490131s ({neo4j_code: Neo.TransientError.Transaction.DeadlockDetected} {message: ForsetiClient[transactionId=163342, clientId=8727] can't acquire ExclusiveLock{owner=ForsetiClient[transactionId=163320, clientId=8704]} on NODE_RELATIONSHIP_GROUP_DELETE(5569) because holders of that lock are waiting for ForsetiClient[transactionId=163342, clientId=8727].
 Wait list:ExclusiveLock[
Client[163320] waits for [ForsetiClient[transactionId=163330, clientId=8711],ForsetiClient[transactionId=163342, clientId=8727],ForsetiClient[transactionId=163318, clientId=8712],ForsetiClient[transactionId=163325, clientId=8713]]]} {gql_status: 50N05} {gql_status_description: error: general processing exception - deadlock detected. Deadlock detected while trying to acquire locks. See log for more details.})
Transaction failed and will be retried in 0.8876392513883804s ({neo4j_code: Neo.TransientError.Transaction.DeadlockDetected} {message: ForsetiClient[transactionId=163320, clientId=8704] can't acquire ExclusiveLock{owner=ForsetiClient[transactionId=163330, clientId=8711]} on NODE_RELATIONSHIP_GROUP_DELETE(5644) because holders of that lock are waiting for ForsetiClient[transactionId=163320, clientId=8704].
 Wait list:ExclusiveLock[
Client[163330] waits for [ForsetiClient[transactionId=163320, clientId=8704],ForsetiClient[transactionId=163341, clientId=8726],ForsetiClient[transactionId=163318, clientId=8712],ForsetiClient[transactionId=163325, clientId=8713]]]} {gql_status: 50N05} {gql_status_description: error: general processing exception - deadlock detected. Deadlock detected while trying to acquire locks. See log for more details.})
Transaction failed and will be retried in 1.0043475489759661s ({neo4j_code: Neo.TransientError.Transaction.DeadlockDetected} {message: ForsetiClient[transactionId=163318, clientId=8712] can't acquire ExclusiveLock{owner=ForsetiClient[transactionId=163341, clientId=8726]} on NODE_RELATIONSHIP_GROUP_DELETE(9118) because holders of that lock are waiting for ForsetiClient[transactionId=163318, clientId=8712].
 Wait list:ExclusiveLock[
Client[163341] waits for [ForsetiClient[transactionId=163330, clientId=8711],ForsetiClient[transactionId=163318, clientId=8712],ForsetiClient[transactionId=163344, clientId=8729],ForsetiClient[transactionId=163325, clientId=8713],ForsetiClient[transactionId=163321, clientId=8715],ForsetiClient[transactionId=163347, clientId=8732]]]} {gql_status: 50N05} {gql_status_description: error: general processing exception - deadlock detected. Deadlock detected while trying to acquire locks. See log for more details.})
Transaction failed and will be retried in 0.9905230221709531s ({neo4j_code: Neo.TransientError.Transaction.DeadlockDetected} {message: ForsetiClient[transactionId=163330, clientId=8711] can't acquire ExclusiveLock{owner=ForsetiClient[transactionId=163325, clientId=8713]} on NODE_RELATIONSHIP_GROUP_DELETE(8487) because holders of that lock are waiting for ForsetiClient[transactionId=163330, clientId=8711].
 Wait list:ExclusiveLock[
Client[163325] waits for [ForsetiClient[transactionId=163341, clientId=8726],ForsetiClient[transactionId=163330, clientId=8711],ForsetiClient[transactionId=-1, clientId=8712],ForsetiClient[transactionId=163344, clientId=8729],ForsetiClient[transactionId=163321, clientId=8715],ForsetiClient[transactionId=163347, clientId=8732],ForsetiClient[transactionId=163333, clientId=8718]]]} {gql_status: 50N05} {gql_status_description: error: general processing exception - deadlock detected. Deadlock detected while trying to acquire locks. See log for more details.})
Transaction failed and will be retried in 1.1220525198856712s ({neo4j_code: Neo.TransientError.Transaction.DeadlockDetected} {message: ForsetiClient[transactionId=163325, clientId=8713] can't acquire ExclusiveLock{owner=ForsetiClient[transactionId=163333, clientId=8718]} on NODE_RELATIONSHIP_GROUP_DELETE(416) because holders of that lock are waiting for ForsetiClient[transactionId=163325, clientId=8713].
 Wait list:ExclusiveLock[
Client[163333] waits for [ForsetiClient[transactionId=163341, clientId=8726],ForsetiClient[transactionId=163330, clientId=8711],ForsetiClient[transactionId=163344, clientId=8729],ForsetiClient[transactionId=163325, clientId=8713],ForsetiClient[transactionId=163321, clientId=8715],ForsetiClient[transactionId=163347, clientId=8732]]]} {gql_status: 50N05} {gql_status_description: error: general processing exception - deadlock detected. Deadlock detected while trying to acquire locks. See log for more details.})
Transaction failed and will be retried in 1.120484960405287s ({neo4j_code: Neo.TransientError.Transaction.DeadlockDetected} {message: ForsetiClient[transactionId=163321, clientId=8715] can't acquire ExclusiveLock{owner=ForsetiClient[transactionId=163347, clientId=8732]} on NODE_RELATIONSHIP_GROUP_DELETE(12279) because holders of that lock are waiting for ForsetiClient[transactionId=163321, clientId=8715].
 Wait list:ExclusiveLock[
Client[163347] waits for [ForsetiClient[transactionId=163326, clientId=8691],ForsetiClient[transactionId=163341, clientId=8726],ForsetiClient[transactionId=163344, clientId=8729],ForsetiClient[transactionId=163321, clientId=8715],ForsetiClient[transactionId=163333, clientId=8718]]]} {gql_status: 50N05} {gql_status_description: error: general processing exception - deadlock detected. Deadlock detected while trying to acquire locks. See log for more details.})
Transaction failed and will be retried in 0.9182567682239664s ({neo4j_code: Neo.TransientError.Transaction.DeadlockDetected} {message: ForsetiClient[transactionId=163347, clientId=8732] can't acquire ExclusiveLock{owner=ForsetiClient[transactionId=163326, clientId=8691]} on NODE_RELATIONSHIP_GROUP_DELETE(14584) because holders of that lock are waiting for ForsetiClient[transactionId=163347, clientId=8732].
 Wait list:ExclusiveLock[
Client[163326] waits for [ForsetiClient[transactionId=163341, clientId=8726],ForsetiClient[transactionId=163344, clientId=8729],ForsetiClient[transactionId=163321, clientId=8715],ForsetiClient[transactionId=163347, clientId=8732],ForsetiClient[transactionId=163333, clientId=8718]]]} {gql_status: 50N05} {gql_status_description: error: general processing exception - deadlock detected. Deadlock detected while trying to acquire locks. See log for more details.})
Transaction failed and will be retried in 0.9204547281641161s ({neo4j_code: Neo.TransientError.Transaction.DeadlockDetected} {message: ForsetiClient[transactionId=163344, clientId=8729] can't acquire ExclusiveLock{owner=ForsetiClient[transactionId=163335, clientId=8720]} on NODE_RELATIONSHIP_GROUP_DELETE(9938) because holders of that lock are waiting for ForsetiClient[transactionId=163344, clientId=8729].
 Wait list:ExclusiveLock[
Client[163335] waits for [ForsetiClient[transactionId=163326, clientId=8691],ForsetiClient[transactionId=163341, clientId=8726],ForsetiClient[transactionId=163344, clientId=8729],ForsetiClient[transactionId=163333, clientId=8718]]]} {gql_status: 50N05} {gql_status_description: error: general processing exception - deadlock detected. Deadlock detected while trying to acquire locks. See log for more details.})
Transaction failed and will be retried in 1.1535808391315316s ({neo4j_code: Neo.TransientError.Transaction.DeadlockDetected} {message: ForsetiClient[transactionId=163341, clientId=8726] can't acquire ExclusiveLock{owner=ForsetiClient[transactionId=163333, clientId=8718]} on NODE_RELATIONSHIP_GROUP_DELETE(17469) because holders of that lock are waiting for ForsetiClient[transactionId=163341, clientId=8726].
 Wait list:ExclusiveLock[
Client[163333] waits for [ForsetiClient[transactionId=163341, clientId=8726],ForsetiClient[transactionId=-1, clientId=8729]]]} {gql_status: 50N05} {gql_status_description: error: general processing exception - deadlock detected. Deadlock detected while trying to acquire locks. See log for more details.})
Transaction failed and will be retried in 1.0569689956240613s ({neo4j_code: Neo.TransientError.Transaction.DeadlockDetected} {message: ForsetiClient[transactionId=163326, clientId=8691] can't acquire ExclusiveLock{owner=ForsetiClient[transactionId=163333, clientId=8718]} on NODE_RELATIONSHIP_GROUP_DELETE(5983) because holders of that lock are waiting for ForsetiClient[transactionId=163326, clientId=8691].
 Wait list:ExclusiveLock[
Client[163333] waits for [ForsetiClient[transactionId=163335, clientId=8720],ForsetiClient[transactionId=163326, clientId=8691]]]} {gql_status: 50N05} {gql_status_description: error: general processing exception - deadlock detected. Deadlock detected while trying to acquire locks. See log for more details.})
Transaction failed and will be retried in 1.0285172754468883s ({neo4j_code: Neo.TransientError.Transaction.DeadlockDetected} {message: ForsetiClient[transactionId=163335, clientId=8720] can't acquire ExclusiveLock{owner=ForsetiClient[transactionId=163333, clientId=8718]} on NODE_RELATIONSHIP_GROUP_DELETE(19545) because holders of that lock are waiting for ForsetiClient[transactionId=163335, clientId=8720].
 Wait list:ExclusiveLock[
Client[163333] waits for [ForsetiClient[transactionId=163335, clientId=8720]]]} {gql_status: 50N05} {gql_status_description: error: general processing exception - deadlock detected. Deadlock detected while trying to acquire locks. See log for more details.})
Transaction failed and will be retried in 1.0735866543432677s ({neo4j_code: Neo.TransientError.Transaction.DeadlockDetected} {message: ForsetiClient[transactionId=163343, clientId=8728] can't acquire ExclusiveLock{owner=ForsetiClient[transactionId=163333, clientId=8718]} on NODE_RELATIONSHIP_GROUP_DELETE(528) because holders of that lock are waiting for ForsetiClient[transactionId=163343, clientId=8728].
 Wait list:ExclusiveLock[
Client[163333] waits for [ForsetiClient[transactionId=163343, clientId=8728],ForsetiClient[transactionId=163345, clientId=8730]]]} {gql_status: 50N05} {gql_status_description: error: general processing exception - deadlock detected. Deadlock detected while trying to acquire locks. See log for more details.})
Transaction failed and will be retried in 0.9718662185461338s ({neo4j_code: Neo.TransientError.Transaction.DeadlockDetected} {message: ForsetiClient[transactionId=163345, clientId=8730] can't acquire ExclusiveLock{owner=ForsetiClient[transactionId=163348, clientId=8710]} on NODE_RELATIONSHIP_GROUP_DELETE(10575) because holders of that lock are waiting for ForsetiClient[transactionId=163345, clientId=8730].
 Wait list:ExclusiveLock[
Client[163348] waits for [ForsetiClient[transactionId=163324, clientId=8714],ForsetiClient[transactionId=163345, clientId=8730],ForsetiClient[transactionId=163333, clientId=8718]]]} {gql_status: 50N05} {gql_status_description: error: general processing exception - deadlock detected. Deadlock detected while trying to acquire locks. See log for more details.})
Transaction failed and will be retried in 1.1652842244552444s ({neo4j_code: Neo.TransientError.Transaction.DeadlockDetected} {message: ForsetiClient[transactionId=163324, clientId=8714] can't acquire ExclusiveLock{owner=ForsetiClient[transactionId=163333, clientId=8718]} on NODE_RELATIONSHIP_GROUP_DELETE(7484) because holders of that lock are waiting for ForsetiClient[transactionId=163324, clientId=8714].
 Wait list:ExclusiveLock[
Client[163333] waits for [ForsetiClient[transactionId=163348, clientId=8710],ForsetiClient[transactionId=163324, clientId=8714]]]} {gql_status: 50N05} {gql_status_description: error: general processing exception - deadlock detected. Deadlock detected while trying to acquire locks. See log for more details.})
Transaction failed and will be retried in 0.8429428092722053s ({neo4j_code: Neo.TransientError.Transaction.DeadlockDetected} {message: ForsetiClient[transactionId=163348, clientId=8710] can't acquire ExclusiveLock{owner=ForsetiClient[transactionId=163333, clientId=8718]} on NODE_RELATIONSHIP_GROUP_DELETE(3735) because holders of that lock are waiting for ForsetiClient[transactionId=163348, clientId=8710].
 Wait list:ExclusiveLock[
Client[163333] waits for [ForsetiClient[transactionId=163348, clientId=8710]]]} {gql_status: 50N05} {gql_status_description: error: general processing exception - deadlock detected. Deadlock detected while trying to acquire locks. See log for more details.})
Transaction failed and will be retried in 0.860645280183083s ({neo4j_code: Neo.TransientError.Transaction.DeadlockDetected} {message: ForsetiClient[transactionId=163327, clientId=8689] can't acquire ExclusiveLock{owner=ForsetiClient[transactionId=163333, clientId=8718]} on NODE_RELATIONSHIP_GROUP_DELETE(16303) because holders of that lock are waiting for ForsetiClient[transactionId=163327, clientId=8689].
 Wait list:ExclusiveLock[
Client[163333] waits for [ForsetiClient[transactionId=163327, clientId=8689]]]} {gql_status: 50N05} {gql_status_description: error: general processing exception - deadlock detected. Deadlock detected while trying to acquire locks. See log for more details.})
Transaction failed and will be retried in 0.8193027225299049s ({neo4j_code: Neo.TransientError.Transaction.DeadlockDetected} {message: ForsetiClient[transactionId=163323, clientId=8655] can't acquire ExclusiveLock{owner=ForsetiClient[transactionId=163333, clientId=8718]} on NODE_RELATIONSHIP_GROUP_DELETE(3066) because holders of that lock are waiting for ForsetiClient[transactionId=163323, clientId=8655].
 Wait list:ExclusiveLock[
Client[163333] waits for [ForsetiClient[transactionId=163323, clientId=8655]]]} {gql_status: 50N05} {gql_status_description: error: general processing exception - deadlock detected. Deadlock detected while trying to acquire locks. See log for more details.})
Transaction failed and will be retried in 1.9442821430674126s ({neo4j_code: Neo.TransientError.Transaction.DeadlockDetected} {message: ForsetiClient[transactionId=163350, clientId=8709] can't acquire ExclusiveLock{owner=ForsetiClient[transactionId=163351, clientId=8717]} on NODE_RELATIONSHIP_GROUP_DELETE(17050) because holders of that lock are waiting for ForsetiClient[transactionId=163350, clientId=8709].
 Wait list:ExclusiveLock[
Client[163351] waits for [ForsetiClient[transactionId=163350, clientId=8709]]]} {gql_status: 50N05} {gql_status_description: error: general processing exception - deadlock detected. Deadlock detected while trying to acquire locks. See log for more details.})
Transaction failed and will be retried in 1.95542647622508s ({neo4j_code: Neo.TransientError.Transaction.DeadlockDetected} {message: ForsetiClient[transactionId=163353, clientId=8723] can't acquire ExclusiveLock{owner=ForsetiClient[transactionId=163354, clientId=8716]} on NODE_RELATIONSHIP_GROUP_DELETE(2067) because holders of that lock are waiting for ForsetiClient[transactionId=163353, clientId=8723].
 Wait list:ExclusiveLock[
Client[163354] waits for [ForsetiClient[transactionId=163353, clientId=8723]]]} {gql_status: 50N05} {gql_status_description: error: general processing exception - deadlock detected. Deadlock detected while trying to acquire locks. See log for more details.})
Transaction failed and will be retried in 2.26392771012197s ({neo4j_code: Neo.TransientError.Transaction.DeadlockDetected} {message: ForsetiClient[transactionId=163354, clientId=8716] can't acquire ExclusiveLock{owner=ForsetiClient[transactionId=163352, clientId=8708]} on NODE_RELATIONSHIP_GROUP_DELETE(2110) because holders of that lock are waiting for ForsetiClient[transactionId=163354, clientId=8716].
 Wait list:ExclusiveLock[
Client[163352] waits for [ForsetiClient[transactionId=163354, clientId=8716]]]} {gql_status: 50N05} {gql_status_description: error: general processing exception - deadlock detected. Deadlock detected while trying to acquire locks. See log for more details.})
Transaction failed and will be retried in 1.9562357645590154s ({neo4j_code: Neo.TransientError.Transaction.DeadlockDetected} {message: ForsetiClient[transactionId=163358, clientId=8695] can't acquire ExclusiveLock{owner=ForsetiClient[transactionId=163357, clientId=8721]} on NODE_RELATIONSHIP_GROUP_DELETE(17815) because holders of that lock are waiting for ForsetiClient[transactionId=163358, clientId=8695].
 Wait list:ExclusiveLock[
Client[163357] waits for [ForsetiClient[transactionId=163358, clientId=8695],ForsetiClient[transactionId=163355, clientId=8719]]]} {gql_status: 50N05} {gql_status_description: error: general processing exception - deadlock detected. Deadlock detected while trying to acquire locks. See log for more details.})
Transaction failed and will be retried in 2.2806683727869217s ({neo4j_code: Neo.TransientError.Transaction.DeadlockDetected} {message: ForsetiClient[transactionId=163355, clientId=8719] can't acquire ExclusiveLock{owner=ForsetiClient[transactionId=163357, clientId=8721]} on NODE_RELATIONSHIP_GROUP_DELETE(5878) because holders of that lock are waiting for ForsetiClient[transactionId=163355, clientId=8719].
 Wait list:ExclusiveLock[
Client[163357] waits for [ForsetiClient[transactionId=163355, clientId=8719]]]} {gql_status: 50N05} {gql_status_description: error: general processing exception - deadlock detected. Deadlock detected while trying to acquire locks. See log for more details.})
Transaction failed and will be retried in 2.3562371716671775s ({neo4j_code: Neo.TransientError.Transaction.DeadlockDetected} {message: ForsetiClient[transactionId=163356, clientId=8701] can't acquire ExclusiveLock{owner=ForsetiClient[transactionId=163357, clientId=8721]} on NODE_RELATIONSHIP_GROUP_DELETE(13906) because holders of that lock are waiting for ForsetiClient[transactionId=163356, clientId=8701].
 Wait list:ExclusiveLock[
Client[163357] waits for [ForsetiClient[transactionId=163356, clientId=8701]]]} {gql_status: 50N05} {gql_status_description: error: general processing exception - deadlock detected. Deadlock detected while trying to acquire locks. See log for more details.})
Transaction failed and will be retried in 2.1354221577605808s ({neo4j_code: Neo.TransientError.Transaction.DeadlockDetected} {message: ForsetiClient[transactionId=163361, clientId=8722] can't acquire ExclusiveLock{owner=ForsetiClient[transactionId=163359, clientId=8731]} on NODE_RELATIONSHIP_GROUP_DELETE(20) because holders of that lock are waiting for ForsetiClient[transactionId=163361, clientId=8722].
 Wait list:ExclusiveLock[
Client[163359] waits for [ForsetiClient[transactionId=163361, clientId=8722],ForsetiClient[transactionId=163360, clientId=8724],ForsetiClient[transactionId=163363, clientId=8727]]]} {gql_status: 50N05} {gql_status_description: error: general processing exception - deadlock detected. Deadlock detected while trying to acquire locks. See log for more details.})
Transaction failed and will be retried in 1.0843071587085311s ({neo4j_code: Neo.TransientError.Transaction.DeadlockDetected} {message: ForsetiClient[transactionId=163363, clientId=8727] can't acquire ExclusiveLock{owner=ForsetiClient[transactionId=163360, clientId=8724]} on NODE_RELATIONSHIP_GROUP_DELETE(17382) because holders of that lock are waiting for ForsetiClient[transactionId=163363, clientId=8727].
 Wait list:ExclusiveLock[
Client[163360] waits for [ForsetiClient[transactionId=163363, clientId=8727],ForsetiClient[transactionId=163359, clientId=8731]]]} {gql_status: 50N05} {gql_status_description: error: general processing exception - deadlock detected. Deadlock detected while trying to acquire locks. See log for more details.})
Transaction failed and will be retried in 1.61437197572453s ({neo4j_code: Neo.TransientError.Transaction.DeadlockDetected} {message: ForsetiClient[transactionId=163360, clientId=8724] can't acquire ExclusiveLock{owner=ForsetiClient[transactionId=163359, clientId=8731]} on NODE_RELATIONSHIP_GROUP_DELETE(484) because holders of that lock are waiting for ForsetiClient[transactionId=163360, clientId=8724].
 Wait list:ExclusiveLock[
Client[163359] waits for [ForsetiClient[transactionId=163360, clientId=8724],ForsetiClient[transactionId=-1, clientId=8727]]]} {gql_status: 50N05} {gql_status_description: error: general processing exception - deadlock detected. Deadlock detected while trying to acquire locks. See log for more details.})
Transaction failed and will be retried in 2.0262834323089765s ({neo4j_code: Neo.TransientError.Transaction.DeadlockDetected} {message: ForsetiClient[transactionId=163364, clientId=8704] can't acquire ExclusiveLock{owner=ForsetiClient[transactionId=163359, clientId=8731]} on NODE_RELATIONSHIP_GROUP_DELETE(3940) because holders of that lock are waiting for ForsetiClient[transactionId=163364, clientId=8704].
 Wait list:ExclusiveLock[
Client[163359] waits for [ForsetiClient[transactionId=163364, clientId=8704]]]} {gql_status: 50N05} {gql_status_description: error: general processing exception - deadlock detected. Deadlock detected while trying to acquire locks. See log for more details.})
Transaction failed and will be retried in 1.6127039774874634s ({neo4j_code: Neo.TransientError.Transaction.DeadlockDetected} {message: ForsetiClient[transactionId=163362, clientId=8725] can't acquire ExclusiveLock{owner=ForsetiClient[transactionId=163359, clientId=8731]} on NODE_RELATIONSHIP_GROUP_DELETE(17021) because holders of that lock are waiting for ForsetiClient[transactionId=163362, clientId=8725].
 Wait list:ExclusiveLock[
Client[163359] waits for [ForsetiClient[transactionId=163362, clientId=8725]]]} {gql_status: 50N05} {gql_status_description: error: general processing exception - deadlock detected. Deadlock detected while trying to acquire locks. See log for more details.})
Transaction failed and will be retried in 1.723092332061976s ({neo4j_code: Neo.TransientError.Transaction.DeadlockDetected} {message: ForsetiClient[transactionId=163367, clientId=8717] can't acquire ExclusiveLock{owner=ForsetiClient[transactionId=163359, clientId=8731]} on NODE_RELATIONSHIP_GROUP_DELETE(9337) because holders of that lock are waiting for ForsetiClient[transactionId=163367, clientId=8717].
 Wait list:ExclusiveLock[
Client[163359] waits for [ForsetiClient[transactionId=163367, clientId=8717]]]} {gql_status: 50N05} {gql_status_description: error: general processing exception - deadlock detected. Deadlock detected while trying to acquire locks. See log for more details.})
Transaction failed and will be retried in 2.360536152367538s ({neo4j_code: Neo.TransientError.Transaction.DeadlockDetected} {message: ForsetiClient[transactionId=163373, clientId=8701] can't acquire ExclusiveLock{owner=ForsetiClient[transactionId=163359, clientId=8731]} on NODE_RELATIONSHIP_GROUP_DELETE(5837) because holders of that lock are waiting for ForsetiClient[transactionId=163373, clientId=8701].
 Wait list:ExclusiveLock[
Client[163359] waits for [ForsetiClient[transactionId=163373, clientId=8701]]]} {gql_status: 50N05} {gql_status_description: error: general processing exception - deadlock detected. Deadlock detected while trying to acquire locks. See log for more details.})
Transaction failed and will be retried in 1.9362361000245578s ({neo4j_code: Neo.TransientError.Transaction.DeadlockDetected} {message: ForsetiClient[transactionId=163371, clientId=8695] can't acquire ExclusiveLock{owner=ForsetiClient[transactionId=163359, clientId=8731]} on NODE_RELATIONSHIP_GROUP_DELETE(7300) because holders of that lock are waiting for ForsetiClient[transactionId=163371, clientId=8695].
 Wait list:ExclusiveLock[
Client[163359] waits for [ForsetiClient[transactionId=163371, clientId=8695]]]} {gql_status: 50N05} {gql_status_description: error: general processing exception - deadlock detected. Deadlock detected while trying to acquire locks. See log for more details.})
Transaction failed and will be retried in 1.7082325714214934s ({neo4j_code: Neo.TransientError.Transaction.DeadlockDetected} {message: ForsetiClient[transactionId=163366, clientId=8709] can't acquire ExclusiveLock{owner=ForsetiClient[transactionId=163359, clientId=8731]} on NODE_RELATIONSHIP_GROUP_DELETE(1682) because holders of that lock are waiting for ForsetiClient[transactionId=163366, clientId=8709].
 Wait list:ExclusiveLock[
Client[163359] waits for [ForsetiClient[transactionId=163366, clientId=8709]]]} {gql_status: 50N05} {gql_status_description: error: general processing exception - deadlock detected. Deadlock detected while trying to acquire locks. See log for more details.})
Transaction failed and will be retried in 1.9831823967728148s ({neo4j_code: Neo.TransientError.Transaction.DeadlockDetected} {message: ForsetiClient[transactionId=163380, clientId=8717] can't acquire ExclusiveLock{owner=ForsetiClient[transactionId=163375, clientId=8722]} on NODE_RELATIONSHIP_GROUP_DELETE(1040) because holders of that lock are waiting for ForsetiClient[transactionId=163380, clientId=8717].
 Wait list:ExclusiveLock[
Client[163375] waits for [ForsetiClient[transactionId=163374, clientId=8721],ForsetiClient[transactionId=163380, clientId=8717],ForsetiClient[transactionId=163372, clientId=8719]]]} {gql_status: 50N05} {gql_status_description: error: general processing exception - deadlock detected. Deadlock detected while trying to acquire locks. See log for more details.})
Transaction failed and will be retried in 2.1156816253107023s ({neo4j_code: Neo.TransientError.Transaction.DeadlockDetected} {message: ForsetiClient[transactionId=163374, clientId=8721] can't acquire ExclusiveLock{owner=ForsetiClient[transactionId=163375, clientId=8722]} on NODE_RELATIONSHIP_GROUP_DELETE(17028) because holders of that lock are waiting for ForsetiClient[transactionId=163374, clientId=8721].
 Wait list:ExclusiveLock[
Client[163375] waits for [ForsetiClient[transactionId=163374, clientId=8721],ForsetiClient[transactionId=-1, clientId=8717],ForsetiClient[transactionId=163372, clientId=8719]]]} {gql_status: 50N05} {gql_status_description: error: general processing exception - deadlock detected. Deadlock detected while trying to acquire locks. See log for more details.})
Transaction failed and will be retried in 1.7698474005569884s ({neo4j_code: Neo.TransientError.Transaction.DeadlockDetected} {message: ForsetiClient[transactionId=163379, clientId=8725] can't acquire ExclusiveLock{owner=ForsetiClient[transactionId=163378, clientId=8704]} on NODE_RELATIONSHIP_GROUP_DELETE(13963) because holders of that lock are waiting for ForsetiClient[transactionId=163379, clientId=8725].
 Wait list:ExclusiveLock[
Client[163378] waits for [ForsetiClient[transactionId=-1, clientId=8721],ForsetiClient[transactionId=163375, clientId=8722],ForsetiClient[transactionId=163379, clientId=8725],ForsetiClient[transactionId=163372, clientId=8719]]]} {gql_status: 50N05} {gql_status_description: error: general processing exception - deadlock detected. Deadlock detected while trying to acquire locks. See log for more details.})
Transaction failed and will be retried in 1.1461074793237995s ({neo4j_code: Neo.TransientError.Transaction.DeadlockDetected} {message: ForsetiClient[transactionId=163370, clientId=8708] can't acquire ExclusiveLock{owner=ForsetiClient[transactionId=163369, clientId=8716]} on NODE_RELATIONSHIP_GROUP_DELETE(6404) because holders of that lock are waiting for ForsetiClient[transactionId=163370, clientId=8708].
 Wait list:ExclusiveLock[
Client[163369] waits for [ForsetiClient[transactionId=163365, clientId=8705],ForsetiClient[transactionId=-1, clientId=8721],ForsetiClient[transactionId=163370, clientId=8708],ForsetiClient[transactionId=163376, clientId=8727]]]} {gql_status: 50N05} {gql_status_description: error: general processing exception - deadlock detected. Deadlock detected while trying to acquire locks. See log for more details.})
Transaction failed and will be retried in 2.060432814712273s ({neo4j_code: Neo.TransientError.Transaction.DeadlockDetected} {message: ForsetiClient[transactionId=163368, clientId=8723] can't acquire ExclusiveLock{owner=ForsetiClient[transactionId=163378, clientId=8704]} on NODE_RELATIONSHIP_GROUP_DELETE(9938) because holders of that lock are waiting for ForsetiClient[transactionId=163368, clientId=8723].
 Wait list:ExclusiveLock[
Client[163378] waits for [ForsetiClient[transactionId=163375, clientId=8722],ForsetiClient[transactionId=163368, clientId=8723],ForsetiClient[transactionId=163372, clientId=8719]]]} {gql_status: 50N05} {gql_status_description: error: general processing exception - deadlock detected. Deadlock detected while trying to acquire locks. See log for more details.})
Transaction failed and will be retried in 2.010112309004868s ({neo4j_code: Neo.TransientError.Transaction.DeadlockDetected} {message: ForsetiClient[transactionId=163376, clientId=8727] can't acquire ExclusiveLock{owner=ForsetiClient[transactionId=163365, clientId=8705]} on NODE_RELATIONSHIP_GROUP_DELETE(13328) because holders of that lock are waiting for ForsetiClient[transactionId=163376, clientId=8727].
 Wait list:ExclusiveLock[
Client[163365] waits for [ForsetiClient[transactionId=163376, clientId=8727]]]} {gql_status: 50N05} {gql_status_description: error: general processing exception - deadlock detected. Deadlock detected while trying to acquire locks. See log for more details.})
Transaction failed and will be retried in 2.34442320582351s ({neo4j_code: Neo.TransientError.Transaction.DeadlockDetected} {message: ForsetiClient[transactionId=163372, clientId=8719] can't acquire ExclusiveLock{owner=ForsetiClient[transactionId=163378, clientId=8704]} on NODE_RELATIONSHIP_GROUP_DELETE(18862) because holders of that lock are waiting for ForsetiClient[transactionId=163372, clientId=8719].
 Wait list:ExclusiveLock[
Client[163378] waits for [ForsetiClient[transactionId=163375, clientId=8722],ForsetiClient[transactionId=163372, clientId=8719]]]} {gql_status: 50N05} {gql_status_description: error: general processing exception - deadlock detected. Deadlock detected while trying to acquire locks. See log for more details.})
Transaction failed and will be retried in 2.042990831470833s ({neo4j_code: Neo.TransientError.Transaction.DeadlockDetected} {message: ForsetiClient[transactionId=163378, clientId=8704] can't acquire ExclusiveLock{owner=ForsetiClient[transactionId=163375, clientId=8722]} on NODE_RELATIONSHIP_GROUP_DELETE(9001) because holders of that lock are waiting for ForsetiClient[transactionId=163378, clientId=8704].
 Wait list:ExclusiveLock[
Client[163375] waits for [ForsetiClient[transactionId=163378, clientId=8704],ForsetiClient[transactionId=163365, clientId=8705]]]} {gql_status: 50N05} {gql_status_description: error: general processing exception - deadlock detected. Deadlock detected while trying to acquire locks. See log for more details.})
Transaction failed and will be retried in 1.7674757710287055s ({neo4j_code: Neo.TransientError.Transaction.DeadlockDetected} {message: ForsetiClient[transactionId=163383, clientId=8709] can't acquire ExclusiveLock{owner=ForsetiClient[transactionId=163365, clientId=8705]} on NODE_RELATIONSHIP_GROUP_DELETE(5857) because holders of that lock are waiting for ForsetiClient[transactionId=163383, clientId=8709].
 Wait list:ExclusiveLock[
Client[163365] waits for [ForsetiClient[transactionId=163383, clientId=8709]]]} {gql_status: 50N05} {gql_status_description: error: general processing exception - deadlock detected. Deadlock detected while trying to acquire locks. See log for more details.})
Transaction failed and will be retried in 2.3488841178916573s ({neo4j_code: Neo.TransientError.Transaction.DeadlockDetected} {message: ForsetiClient[transactionId=163375, clientId=8722] can't acquire ExclusiveLock{owner=ForsetiClient[transactionId=163365, clientId=8705]} on NODE_RELATIONSHIP_GROUP_DELETE(14185) because holders of that lock are waiting for ForsetiClient[transactionId=163375, clientId=8722].
 Wait list:ExclusiveLock[
Client[163365] waits for [ForsetiClient[transactionId=163375, clientId=8722]]]} {gql_status: 50N05} {gql_status_description: error: general processing exception - deadlock detected. Deadlock detected while trying to acquire locks. See log for more details.})
Transaction failed and will be retried in 1.043195356657189s ({neo4j_code: Neo.TransientError.Transaction.DeadlockDetected} {message: ForsetiClient[transactionId=163384, clientId=8731] can't acquire ExclusiveLock{owner=ForsetiClient[transactionId=163369, clientId=8716]} on NODE_RELATIONSHIP_GROUP_DELETE(5124) because holders of that lock are waiting for ForsetiClient[transactionId=163384, clientId=8731].
 Wait list:ExclusiveLock[
Client[163369] waits for [ForsetiClient[transactionId=163384, clientId=8731]]]} {gql_status: 50N05} {gql_status_description: error: general processing exception - deadlock detected. Deadlock detected while trying to acquire locks. See log for more details.})
Transaction failed and will be retried in 2.092854570353204s ({neo4j_code: Neo.TransientError.Transaction.DeadlockDetected} {message: ForsetiClient[transactionId=163381, clientId=8701] can't acquire ExclusiveLock{owner=ForsetiClient[transactionId=163369, clientId=8716]} on NODE_RELATIONSHIP_GROUP_DELETE(16111) because holders of that lock are waiting for ForsetiClient[transactionId=163381, clientId=8701].
 Wait list:ExclusiveLock[
Client[163369] waits for [ForsetiClient[transactionId=163381, clientId=8701]]]} {gql_status: 50N05} {gql_status_description: error: general processing exception - deadlock detected. Deadlock detected while trying to acquire locks. See log for more details.})
Transaction failed and will be retried in 1.972650220998089s ({neo4j_code: Neo.TransientError.Transaction.DeadlockDetected} {message: ForsetiClient[transactionId=163382, clientId=8695] can't acquire ExclusiveLock{owner=ForsetiClient[transactionId=163377, clientId=8724]} on NODE_RELATIONSHIP_GROUP_DELETE(13496) because holders of that lock are waiting for ForsetiClient[transactionId=163382, clientId=8695].
 Wait list:ExclusiveLock[
Client[163377] waits for [ForsetiClient[transactionId=163382, clientId=8695],ForsetiClient[transactionId=163369, clientId=8716]]]} {gql_status: 50N05} {gql_status_description: error: general processing exception - deadlock detected. Deadlock detected while trying to acquire locks. See log for more details.})
Transaction failed and will be retried in 1.9340346138586897s ({neo4j_code: Neo.TransientError.Transaction.DeadlockDetected} {message: ForsetiClient[transactionId=163377, clientId=8724] can't acquire ExclusiveLock{owner=ForsetiClient[transactionId=163369, clientId=8716]} on NODE_RELATIONSHIP_GROUP_DELETE(10575) because holders of that lock are waiting for ForsetiClient[transactionId=163377, clientId=8724].
 Wait list:ExclusiveLock[
Client[163369] waits for [ForsetiClient[transactionId=163377, clientId=8724],ForsetiClient[transactionId=163382, clientId=8695]]]} {gql_status: 50N05} {gql_status_description: error: general processing exception - deadlock detected. Deadlock detected while trying to acquire locks. See log for more details.})
Transaction failed and will be retried in 2.148533618474927s ({neo4j_code: Neo.TransientError.Transaction.DeadlockDetected} {message: ForsetiClient[transactionId=163369, clientId=8716] can't acquire ExclusiveLock{owner=ForsetiClient[transactionId=163365, clientId=8705]} on NODE_RELATIONSHIP_GROUP_DELETE(6658) because holders of that lock are waiting for ForsetiClient[transactionId=163369, clientId=8716].
 Wait list:ExclusiveLock[
Client[163365] waits for [ForsetiClient[transactionId=163369, clientId=8716]]]} {gql_status: 50N05} {gql_status_description: error: general processing exception - deadlock detected. Deadlock detected while trying to acquire locks. See log for more details.})
Transaction failed and will be retried in 2.194514849764005s ({neo4j_code: Neo.TransientError.Transaction.DeadlockDetected} {message: ForsetiClient[transactionId=163385, clientId=8717] can't acquire ExclusiveLock{owner=ForsetiClient[transactionId=163365, clientId=8705]} on NODE_RELATIONSHIP_GROUP_DELETE(19095) because holders of that lock are waiting for ForsetiClient[transactionId=163385, clientId=8717].
 Wait list:ExclusiveLock[
Client[163365] waits for [ForsetiClient[transactionId=163385, clientId=8717]]]} {gql_status: 50N05} {gql_status_description: error: general processing exception - deadlock detected. Deadlock detected while trying to acquire locks. See log for more details.})
Transaction failed and will be retried in 0.9400342366036287s ({neo4j_code: Neo.TransientError.Transaction.DeadlockDetected} {message: ForsetiClient[transactionId=163391, clientId=8719] can't acquire ExclusiveLock{owner=ForsetiClient[transactionId=163390, clientId=8727]} on NODE_RELATIONSHIP_GROUP_DELETE(17813) because holders of that lock are waiting for ForsetiClient[transactionId=163391, clientId=8719].
 Wait list:ExclusiveLock[
Client[163390] waits for [ForsetiClient[transactionId=163391, clientId=8719]]]} {gql_status: 50N05} {gql_status_description: error: general processing exception - deadlock detected. Deadlock detected while trying to acquire locks. See log for more details.})
Transaction failed and will be retried in 2.2835612261868s ({neo4j_code: Neo.TransientError.Transaction.DeadlockDetected} {message: ForsetiClient[transactionId=163393, clientId=8709] can't acquire ExclusiveLock{owner=ForsetiClient[transactionId=163394, clientId=8722]} on NODE_RELATIONSHIP_GROUP_DELETE(4626) because holders of that lock are waiting for ForsetiClient[transactionId=163393, clientId=8709].
 Wait list:ExclusiveLock[
Client[163394] waits for [ForsetiClient[transactionId=163393, clientId=8709]]]} {gql_status: 50N05} {gql_status_description: error: general processing exception - deadlock detected. Deadlock detected while trying to acquire locks. See log for more details.})
Transaction failed and will be retried in 3.8813971118006863s ({neo4j_code: Neo.TransientError.Transaction.DeadlockDetected} {message: ForsetiClient[transactionId=163397, clientId=8695] can't acquire ExclusiveLock{owner=ForsetiClient[transactionId=163399, clientId=8716]} on NODE_RELATIONSHIP_GROUP_DELETE(1902) because holders of that lock are waiting for ForsetiClient[transactionId=163397, clientId=8695].
 Wait list:ExclusiveLock[
Client[163399] waits for [ForsetiClient[transactionId=163397, clientId=8695]]]} {gql_status: 50N05} {gql_status_description: error: general processing exception - deadlock detected. Deadlock detected while trying to acquire locks. See log for more details.})
Transaction failed and will be retried in 3.488642925947503s ({neo4j_code: Neo.TransientError.Transaction.DeadlockDetected} {message: ForsetiClient[transactionId=163399, clientId=8716] can't acquire ExclusiveLock{owner=ForsetiClient[transactionId=163396, clientId=8701]} on NODE_RELATIONSHIP_GROUP_DELETE(19675) because holders of that lock are waiting for ForsetiClient[transactionId=163399, clientId=8716].
 Wait list:ExclusiveLock[
Client[163396] waits for [ForsetiClient[transactionId=163399, clientId=8716]]]} {gql_status: 50N05} {gql_status_description: error: general processing exception - deadlock detected. Deadlock detected while trying to acquire locks. See log for more details.})
Transaction failed and will be retried in 1.018050553541251s ({neo4j_code: Neo.TransientError.Transaction.DeadlockDetected} {message: ForsetiClient[transactionId=163398, clientId=8724] can't acquire ExclusiveLock{owner=ForsetiClient[transactionId=163396, clientId=8701]} on NODE_RELATIONSHIP_GROUP_DELETE(3736) because holders of that lock are waiting for ForsetiClient[transactionId=163398, clientId=8724].
 Wait list:ExclusiveLock[
Client[163396] waits for [ForsetiClient[transactionId=163398, clientId=8724]]]} {gql_status: 50N05} {gql_status_description: error: general processing exception - deadlock detected. Deadlock detected while trying to acquire locks. See log for more details.})
Transaction failed and will be retried in 4.328030395082452s ({neo4j_code: Neo.TransientError.Transaction.DeadlockDetected} {message: ForsetiClient[transactionId=163400, clientId=8717] can't acquire ExclusiveLock{owner=ForsetiClient[transactionId=163396, clientId=8701]} on NODE_RELATIONSHIP_GROUP_DELETE(1799) because holders of that lock are waiting for ForsetiClient[transactionId=163400, clientId=8717].
 Wait list:ExclusiveLock[
Client[163396] waits for [ForsetiClient[transactionId=163400, clientId=8717]]]} {gql_status: 50N05} {gql_status_description: error: general processing exception - deadlock detected. Deadlock detected while trying to acquire locks. See log for more details.})
Transaction failed and will be retried in 1.1728084040155449s ({neo4j_code: Neo.TransientError.Transaction.DeadlockDetected} {message: ForsetiClient[transactionId=163401, clientId=8705] can't acquire ExclusiveLock{owner=ForsetiClient[transactionId=163402, clientId=8721]} on NODE_RELATIONSHIP_GROUP_DELETE(7277) because holders of that lock are waiting for ForsetiClient[transactionId=163401, clientId=8705].
 Wait list:ExclusiveLock[
Client[163402] waits for [ForsetiClient[transactionId=163401, clientId=8705]]]} {gql_status: 50N05} {gql_status_description: error: general processing exception - deadlock detected. Deadlock detected while trying to acquire locks. See log for more details.})
Transaction failed and will be retried in 3.9454587255260796s ({neo4j_code: Neo.TransientError.Transaction.DeadlockDetected} {message: ForsetiClient[transactionId=163404, clientId=8708] can't acquire ExclusiveLock{owner=ForsetiClient[transactionId=163402, clientId=8721]} on NODE_RELATIONSHIP_GROUP_DELETE(16384) because holders of that lock are waiting for ForsetiClient[transactionId=163404, clientId=8708].
 Wait list:ExclusiveLock[
Client[163402] waits for [ForsetiClient[transactionId=163404, clientId=8708]]]} {gql_status: 50N05} {gql_status_description: error: general processing exception - deadlock detected. Deadlock detected while trying to acquire locks. See log for more details.})
Transaction failed and will be retried in 4.798218080857801s ({neo4j_code: Neo.TransientError.Transaction.DeadlockDetected} {message: ForsetiClient[transactionId=163403, clientId=8725] can't acquire ExclusiveLock{owner=ForsetiClient[transactionId=163405, clientId=8723]} on NODE_RELATIONSHIP_GROUP_DELETE(14551) because holders of that lock are waiting for ForsetiClient[transactionId=163403, clientId=8725].
 Wait list:ExclusiveLock[
Client[163405] waits for [ForsetiClient[transactionId=163403, clientId=8725]]]} {gql_status: 50N05} {gql_status_description: error: general processing exception - deadlock detected. Deadlock detected while trying to acquire locks. See log for more details.})
Transaction failed and will be retried in 4.031462260744246s ({neo4j_code: Neo.TransientError.Transaction.DeadlockDetected} {message: ForsetiClient[transactionId=163407, clientId=8727] can't acquire ExclusiveLock{owner=ForsetiClient[transactionId=163408, clientId=8704]} on NODE_RELATIONSHIP_GROUP_DELETE(4803) because holders of that lock are waiting for ForsetiClient[transactionId=163407, clientId=8727].
 Wait list:ExclusiveLock[
Client[163408] waits for [ForsetiClient[transactionId=163407, clientId=8727],ForsetiClient[transactionId=163406, clientId=8719]]]} {gql_status: 50N05} {gql_status_description: error: general processing exception - deadlock detected. Deadlock detected while trying to acquire locks. See log for more details.})
Transaction failed and will be retried in 3.4498529239315037s ({neo4j_code: Neo.TransientError.Transaction.DeadlockDetected} {message: ForsetiClient[transactionId=163406, clientId=8719] can't acquire ExclusiveLock{owner=ForsetiClient[transactionId=163408, clientId=8704]} on NODE_RELATIONSHIP_GROUP_DELETE(592) because holders of that lock are waiting for ForsetiClient[transactionId=163406, clientId=8719].
 Wait list:ExclusiveLock[
Client[163408] waits for [ForsetiClient[transactionId=163406, clientId=8719]]]} {gql_status: 50N05} {gql_status_description: error: general processing exception - deadlock detected. Deadlock detected while trying to acquire locks. See log for more details.})
Transaction failed and will be retried in 4.602310447405219s ({neo4j_code: Neo.TransientError.Transaction.DeadlockDetected} {message: ForsetiClient[transactionId=163410, clientId=8722] can't acquire ExclusiveLock{owner=ForsetiClient[transactionId=163416, clientId=8701]} on NODE_RELATIONSHIP_GROUP_DELETE(698) because holders of that lock are waiting for ForsetiClient[transactionId=163410, clientId=8722].
 Wait list:ExclusiveLock[
Client[163416] waits for [ForsetiClient[transactionId=163410, clientId=8722]]]} {gql_status: 50N05} {gql_status_description: error: general processing exception - deadlock detected. Deadlock detected while trying to acquire locks. See log for more details.})
Transaction failed and will be retried in 0.8672785102188808s ({neo4j_code: Neo.TransientError.Transaction.DeadlockDetected} {message: ForsetiClient[transactionId=163414, clientId=8724] can't acquire ExclusiveLock{owner=ForsetiClient[transactionId=163416, clientId=8701]} on NODE_RELATIONSHIP_GROUP_DELETE(13742) because holders of that lock are waiting for ForsetiClient[transactionId=163414, clientId=8724].
 Wait list:ExclusiveLock[
Client[163416] waits for [ForsetiClient[transactionId=-1, clientId=8722],ForsetiClient[transactionId=163418, clientId=8708],ForsetiClient[transactionId=163414, clientId=8724],ForsetiClient[transactionId=163409, clientId=8709]]]} {gql_status: 50N05} {gql_status_description: error: general processing exception - deadlock detected. Deadlock detected while trying to acquire locks. See log for more details.})
Transaction failed and will be retried in 1.8127417513664463s ({neo4j_code: Neo.TransientError.Transaction.DeadlockDetected} {message: ForsetiClient[transactionId=163418, clientId=8708] can't acquire ExclusiveLock{owner=ForsetiClient[transactionId=163409, clientId=8709]} on NODE_RELATIONSHIP_GROUP_DELETE(13142) because holders of that lock are waiting for ForsetiClient[transactionId=163418, clientId=8708].
 Wait list:ExclusiveLock[
Client[163409] waits for [ForsetiClient[transactionId=163418, clientId=8708],ForsetiClient[transactionId=163416, clientId=8701]]]} {gql_status: 50N05} {gql_status_description: error: general processing exception - deadlock detected. Deadlock detected while trying to acquire locks. See log for more details.})
Transaction failed and will be retried in 1.1377502370956738s ({neo4j_code: Neo.TransientError.Transaction.DeadlockDetected} {message: ForsetiClient[transactionId=163409, clientId=8709] can't acquire ExclusiveLock{owner=ForsetiClient[transactionId=163416, clientId=8701]} on NODE_RELATIONSHIP_GROUP_DELETE(12531) because holders of that lock are waiting for ForsetiClient[transactionId=163409, clientId=8709].
 Wait list:ExclusiveLock[
Client[163416] waits for [ForsetiClient[transactionId=163418, clientId=8708],ForsetiClient[transactionId=163409, clientId=8709]]]} {gql_status: 50N05} {gql_status_description: error: general processing exception - deadlock detected. Deadlock detected while trying to acquire locks. See log for more details.})
Transaction failed and will be retried in 3.7268170147748894s ({neo4j_code: Neo.TransientError.Transaction.DeadlockDetected} {message: ForsetiClient[transactionId=163417, clientId=8705] can't acquire ExclusiveLock{owner=ForsetiClient[transactionId=163416, clientId=8701]} on NODE_RELATIONSHIP_GROUP_DELETE(11862) because holders of that lock are waiting for ForsetiClient[transactionId=163417, clientId=8705].
 Wait list:ExclusiveLock[
Client[163416] waits for [ForsetiClient[transactionId=163417, clientId=8705]]]} {gql_status: 50N05} {gql_status_description: error: general processing exception - deadlock detected. Deadlock detected while trying to acquire locks. See log for more details.})
Transaction failed and will be retried in 4.430057548013533s ({neo4j_code: Neo.TransientError.Transaction.DeadlockDetected} {message: ForsetiClient[transactionId=163411, clientId=8731] can't acquire ExclusiveLock{owner=ForsetiClient[transactionId=163416, clientId=8701]} on NODE_RELATIONSHIP_GROUP_DELETE(3229) because holders of that lock are waiting for ForsetiClient[transactionId=163411, clientId=8731].
 Wait list:ExclusiveLock[
Client[163416] waits for [ForsetiClient[transactionId=163411, clientId=8731]]]} {gql_status: 50N05} {gql_status_description: error: general processing exception - deadlock detected. Deadlock detected while trying to acquire locks. See log for more details.})
Transaction failed and will be retried in 0.8619957450649225s ({neo4j_code: Neo.TransientError.Transaction.DeadlockDetected} {message: ForsetiClient[transactionId=163420, clientId=8725] can't acquire ExclusiveLock{owner=ForsetiClient[transactionId=163416, clientId=8701]} on NODE_RELATIONSHIP_GROUP_DELETE(5454) because holders of that lock are waiting for ForsetiClient[transactionId=163420, clientId=8725].
 Wait list:ExclusiveLock[
Client[163416] waits for [ForsetiClient[transactionId=163420, clientId=8725]]]} {gql_status: 50N05} {gql_status_description: error: general processing exception - deadlock detected. Deadlock detected while trying to acquire locks. See log for more details.})
Transaction failed and will be retried in 3.8310720002065155s ({neo4j_code: Neo.TransientError.Transaction.DeadlockDetected} {message: ForsetiClient[transactionId=163419, clientId=8721] can't acquire ExclusiveLock{owner=ForsetiClient[transactionId=163423, clientId=8716]} on NODE_RELATIONSHIP_GROUP_DELETE(3102) because holders of that lock are waiting for ForsetiClient[transactionId=163419, clientId=8721].
 Wait list:ExclusiveLock[
Client[163423] waits for [ForsetiClient[transactionId=163419, clientId=8721]]]} {gql_status: 50N05} {gql_status_description: error: general processing exception - deadlock detected. Deadlock detected while trying to acquire locks. See log for more details.})
Transaction failed and will be retried in 3.7894005142562746s ({neo4j_code: Neo.TransientError.Transaction.DeadlockDetected} {message: ForsetiClient[transactionId=163421, clientId=8695] can't acquire ExclusiveLock{owner=ForsetiClient[transactionId=163423, clientId=8716]} on NODE_RELATIONSHIP_GROUP_DELETE(562) because holders of that lock are waiting for ForsetiClient[transactionId=163421, clientId=8695].
 Wait list:ExclusiveLock[
Client[163423] waits for [ForsetiClient[transactionId=163421, clientId=8695]]]} {gql_status: 50N05} {gql_status_description: error: general processing exception - deadlock detected. Deadlock detected while trying to acquire locks. See log for more details.})
Transaction failed and will be retried in 4.51827965976613s ({neo4j_code: Neo.TransientError.Transaction.DeadlockDetected} {message: ForsetiClient[transactionId=163422, clientId=8723] can't acquire ExclusiveLock{owner=ForsetiClient[transactionId=163423, clientId=8716]} on NODE_RELATIONSHIP_GROUP_DELETE(18386) because holders of that lock are waiting for ForsetiClient[transactionId=163422, clientId=8723].
 Wait list:ExclusiveLock[
Client[163423] waits for [ForsetiClient[transactionId=163422, clientId=8723]]]} {gql_status: 50N05} {gql_status_description: error: general processing exception - deadlock detected. Deadlock detected while trying to acquire locks. See log for more details.})
Transaction failed and will be retried in 0.9703464691934303s ({neo4j_code: Neo.TransientError.Transaction.DeadlockDetected} {message: ForsetiClient[transactionId=163428, clientId=8722] can't acquire ExclusiveLock{owner=ForsetiClient[transactionId=163425, clientId=8727]} on NODE_RELATIONSHIP_GROUP_DELETE(5019) because holders of that lock are waiting for ForsetiClient[transactionId=163428, clientId=8722].
 Wait list:ExclusiveLock[
Client[163425] waits for [ForsetiClient[transactionId=163427, clientId=8704],ForsetiClient[transactionId=163428, clientId=8722]]]} {gql_status: 50N05} {gql_status_description: error: general processing exception - deadlock detected. Deadlock detected while trying to acquire locks. See log for more details.})
Transaction failed and will be retried in 3.2549318312018545s ({neo4j_code: Neo.TransientError.Transaction.DeadlockDetected} {message: ForsetiClient[transactionId=163431, clientId=8709] can't acquire ExclusiveLock{owner=ForsetiClient[transactionId=163425, clientId=8727]} on NODE_RELATIONSHIP_GROUP_DELETE(13869) because holders of that lock are waiting for ForsetiClient[transactionId=163431, clientId=8709].
 Wait list:ExclusiveLock[
Client[163425] waits for [ForsetiClient[transactionId=163431, clientId=8709]]]} {gql_status: 50N05} {gql_status_description: error: general processing exception - deadlock detected. Deadlock detected while trying to acquire locks. See log for more details.})
Transaction failed and will be retried in 3.4523526873775143s ({neo4j_code: Neo.TransientError.Transaction.DeadlockDetected} {message: ForsetiClient[transactionId=163426, clientId=8719] can't acquire ExclusiveLock{owner=ForsetiClient[transactionId=163425, clientId=8727]} on NODE_RELATIONSHIP_GROUP_DELETE(17931) because holders of that lock are waiting for ForsetiClient[transactionId=163426, clientId=8719].
 Wait list:ExclusiveLock[
Client[163425] waits for [ForsetiClient[transactionId=163426, clientId=8719]]]} {gql_status: 50N05} {gql_status_description: error: general processing exception - deadlock detected. Deadlock detected while trying to acquire locks. See log for more details.})
Transaction failed and will be retried in 4.240901329369318s ({neo4j_code: Neo.TransientError.Transaction.DeadlockDetected} {message: ForsetiClient[transactionId=163430, clientId=8708] can't acquire ExclusiveLock{owner=ForsetiClient[transactionId=163425, clientId=8727]} on NODE_RELATIONSHIP_GROUP_DELETE(3981) because holders of that lock are waiting for ForsetiClient[transactionId=163430, clientId=8708].
 Wait list:ExclusiveLock[
Client[163425] waits for [ForsetiClient[transactionId=163430, clientId=8708]]]} {gql_status: 50N05} {gql_status_description: error: general processing exception - deadlock detected. Deadlock detected while trying to acquire locks. See log for more details.})
Transaction failed and will be retried in 3.7972477607277684s ({neo4j_code: Neo.TransientError.Transaction.DeadlockDetected} {message: ForsetiClient[transactionId=163424, clientId=8717] can't acquire ExclusiveLock{owner=ForsetiClient[transactionId=163425, clientId=8727]} on NODE_RELATIONSHIP_GROUP_DELETE(12895) because holders of that lock are waiting for ForsetiClient[transactionId=163424, clientId=8717].
 Wait list:ExclusiveLock[
Client[163425] waits for [ForsetiClient[transactionId=163424, clientId=8717]]]} {gql_status: 50N05} {gql_status_description: error: general processing exception - deadlock detected. Deadlock detected while trying to acquire locks. See log for more details.})
Transaction failed and will be retried in 3.9812587027191157s ({neo4j_code: Neo.TransientError.Transaction.DeadlockDetected} {message: ForsetiClient[transactionId=163433, clientId=8731] can't acquire ExclusiveLock{owner=ForsetiClient[transactionId=163425, clientId=8727]} on NODE_RELATIONSHIP_GROUP_DELETE(6872) because holders of that lock are waiting for ForsetiClient[transactionId=163433, clientId=8731].
 Wait list:ExclusiveLock[
Client[163425] waits for [ForsetiClient[transactionId=163433, clientId=8731]]]} {gql_status: 50N05} {gql_status_description: error: general processing exception - deadlock detected. Deadlock detected while trying to acquire locks. See log for more details.})
Transaction failed and will be retried in 0.8872426261957569s ({neo4j_code: Neo.TransientError.Transaction.DeadlockDetected} {message: ForsetiClient[transactionId=163435, clientId=8701] can't acquire ExclusiveLock{owner=ForsetiClient[transactionId=163432, clientId=8705]} on NODE_RELATIONSHIP_GROUP_DELETE(8794) because holders of that lock are waiting for ForsetiClient[transactionId=163435, clientId=8701].
 Wait list:ExclusiveLock[
Client[163432] waits for [ForsetiClient[transactionId=163435, clientId=8701]]]} {gql_status: 50N05} {gql_status_description: error: general processing exception - deadlock detected. Deadlock detected while trying to acquire locks. See log for more details.})
Transaction failed and will be retried in 0.9071861045101365s ({neo4j_code: Neo.TransientError.Transaction.DeadlockDetected} {message: ForsetiClient[transactionId=163432, clientId=8705] can't acquire ExclusiveLock{owner=ForsetiClient[transactionId=163434, clientId=8725]} on NODE_RELATIONSHIP_GROUP_DELETE(1263) because holders of that lock are waiting for ForsetiClient[transactionId=163432, clientId=8705].
 Wait list:ExclusiveLock[
Client[163434] waits for [ForsetiClient[transactionId=163432, clientId=8705]]]} {gql_status: 50N05} {gql_status_description: error: general processing exception - deadlock detected. Deadlock detected while trying to acquire locks. See log for more details.})
Transaction failed and will be retried in 4.682971502548464s ({neo4j_code: Neo.TransientError.Transaction.DeadlockDetected} {message: ForsetiClient[transactionId=163429, clientId=8724] can't acquire ExclusiveLock{owner=ForsetiClient[transactionId=163434, clientId=8725]} on NODE_RELATIONSHIP_GROUP_DELETE(19831) because holders of that lock are waiting for ForsetiClient[transactionId=163429, clientId=8724].
 Wait list:ExclusiveLock[
Client[163434] waits for [ForsetiClient[transactionId=163429, clientId=8724]]]} {gql_status: 50N05} {gql_status_description: error: general processing exception - deadlock detected. Deadlock detected while trying to acquire locks. See log for more details.})
Transaction failed and will be retried in 4.30278252975813s ({neo4j_code: Neo.TransientError.Transaction.DeadlockDetected} {message: ForsetiClient[transactionId=163436, clientId=8721] can't acquire ExclusiveLock{owner=ForsetiClient[transactionId=163434, clientId=8725]} on NODE_RELATIONSHIP_GROUP_DELETE(19848) because holders of that lock are waiting for ForsetiClient[transactionId=163436, clientId=8721].
 Wait list:ExclusiveLock[
Client[163434] waits for [ForsetiClient[transactionId=163436, clientId=8721]]]} {gql_status: 50N05} {gql_status_description: error: general processing exception - deadlock detected. Deadlock detected while trying to acquire locks. See log for more details.})
Transaction failed and will be retried in 2.267677838836044s ({neo4j_code: Neo.TransientError.Transaction.DeadlockDetected} {message: ForsetiClient[transactionId=163437, clientId=8695] can't acquire ExclusiveLock{owner=ForsetiClient[transactionId=163434, clientId=8725]} on NODE_RELATIONSHIP_GROUP_DELETE(1095) because holders of that lock are waiting for ForsetiClient[transactionId=163437, clientId=8695].
 Wait list:ExclusiveLock[
Client[163434] waits for [ForsetiClient[transactionId=163437, clientId=8695]]]} {gql_status: 50N05} {gql_status_description: error: general processing exception - deadlock detected. Deadlock detected while trying to acquire locks. See log for more details.})
Transaction failed and will be retried in 2.3259207160503577s ({neo4j_code: Neo.TransientError.Transaction.DeadlockDetected} {message: ForsetiClient[transactionId=163442, clientId=8709] can't acquire ExclusiveLock{owner=ForsetiClient[transactionId=163441, clientId=8704]} on NODE_RELATIONSHIP_GROUP_DELETE(16101) because holders of that lock are waiting for ForsetiClient[transactionId=163442, clientId=8709].
 Wait list:ExclusiveLock[
Client[163441] waits for [ForsetiClient[transactionId=163442, clientId=8709]]]} {gql_status: 50N05} {gql_status_description: error: general processing exception - deadlock detected. Deadlock detected while trying to acquire locks. See log for more details.})
Transaction failed and will be retried in 2.149942688998718s ({neo4j_code: Neo.TransientError.Transaction.DeadlockDetected} {message: ForsetiClient[transactionId=163443, clientId=8719] can't acquire ExclusiveLock{owner=ForsetiClient[transactionId=163444, clientId=8708]} on NODE_RELATIONSHIP_GROUP_DELETE(9726) because holders of that lock are waiting for ForsetiClient[transactionId=163443, clientId=8719].
 Wait list:ExclusiveLock[
Client[163444] waits for [ForsetiClient[transactionId=163445, clientId=8717],ForsetiClient[transactionId=163443, clientId=8719]]]} {gql_status: 50N05} {gql_status_description: error: general processing exception - deadlock detected. Deadlock detected while trying to acquire locks. See log for more details.})
Transaction failed and will be retried in 1.01783148963268s ({neo4j_code: Neo.TransientError.Transaction.DeadlockDetected} {message: ForsetiClient[transactionId=163445, clientId=8717] can't acquire ExclusiveLock{owner=ForsetiClient[transactionId=163444, clientId=8708]} on NODE_RELATIONSHIP_GROUP_DELETE(11008) because holders of that lock are waiting for ForsetiClient[transactionId=163445, clientId=8717].
 Wait list:ExclusiveLock[
Client[163444] waits for [ForsetiClient[transactionId=163445, clientId=8717]]]} {gql_status: 50N05} {gql_status_description: error: general processing exception - deadlock detected. Deadlock detected while trying to acquire locks. See log for more details.})
Transaction failed and will be retried in 2.1350668438993026s ({neo4j_code: Neo.TransientError.Transaction.DeadlockDetected} {message: ForsetiClient[transactionId=163447, clientId=8727] can't acquire ExclusiveLock{owner=ForsetiClient[transactionId=163446, clientId=8731]} on NODE_RELATIONSHIP_GROUP_DELETE(12531) because holders of that lock are waiting for ForsetiClient[transactionId=163447, clientId=8727].
 Wait list:ExclusiveLock[
Client[163446] waits for [ForsetiClient[transactionId=163447, clientId=8727]]]} {gql_status: 50N05} {gql_status_description: error: general processing exception - deadlock detected. Deadlock detected while trying to acquire locks. See log for more details.})
Transaction failed and will be retried in 2.3392566309521565s ({neo4j_code: Neo.TransientError.Transaction.DeadlockDetected} {message: ForsetiClient[transactionId=163448, clientId=8701] can't acquire ExclusiveLock{owner=ForsetiClient[transactionId=163449, clientId=8705]} on NODE_RELATIONSHIP_GROUP_DELETE(17457) because holders of that lock are waiting for ForsetiClient[transactionId=163448, clientId=8701].
 Wait list:ExclusiveLock[
Client[163449] waits for [ForsetiClient[transactionId=163448, clientId=8701]]]} {gql_status: 50N05} {gql_status_description: error: general processing exception - deadlock detected. Deadlock detected while trying to acquire locks. See log for more details.})
Transaction failed and will be retried in 2.2472732050138706s ({neo4j_code: Neo.TransientError.Transaction.DeadlockDetected} {message: ForsetiClient[transactionId=163451, clientId=8721] can't acquire ExclusiveLock{owner=ForsetiClient[transactionId=163453, clientId=8725]} on NODE_RELATIONSHIP_GROUP_DELETE(13301) because holders of that lock are waiting for ForsetiClient[transactionId=163451, clientId=8721].
 Wait list:ExclusiveLock[
Client[163453] waits for [ForsetiClient[transactionId=163451, clientId=8721]]]} {gql_status: 50N05} {gql_status_description: error: general processing exception - deadlock detected. Deadlock detected while trying to acquire locks. See log for more details.})
Transaction failed and will be retried in 0.9009059231420666s ({neo4j_code: Neo.TransientError.Transaction.DeadlockDetected} {message: ForsetiClient[transactionId=163454, clientId=8723] can't acquire ExclusiveLock{owner=ForsetiClient[transactionId=163453, clientId=8725]} on NODE_RELATIONSHIP_GROUP_DELETE(11541) because holders of that lock are waiting for ForsetiClient[transactionId=163454, clientId=8723].
 Wait list:ExclusiveLock[
Client[163453] waits for [ForsetiClient[transactionId=163454, clientId=8723]]]} {gql_status: 50N05} {gql_status_description: error: general processing exception - deadlock detected. Deadlock detected while trying to acquire locks. See log for more details.})
Transaction failed and will be retried in 4.762387325297562s ({neo4j_code: Neo.TransientError.Transaction.DeadlockDetected} {message: ForsetiClient[transactionId=163455, clientId=8716] can't acquire ExclusiveLock{owner=ForsetiClient[transactionId=163456, clientId=8722]} on NODE_RELATIONSHIP_GROUP_DELETE(3739) because holders of that lock are waiting for ForsetiClient[transactionId=163455, clientId=8716].
 Wait list:ExclusiveLock[
Client[163456] waits for [ForsetiClient[transactionId=163455, clientId=8716]]]} {gql_status: 50N05} {gql_status_description: error: general processing exception - deadlock detected. Deadlock detected while trying to acquire locks. See log for more details.})
Transaction failed and will be retried in 1.0080669315364454s ({neo4j_code: Neo.TransientError.Transaction.DeadlockDetected} {message: ForsetiClient[transactionId=163459, clientId=8719] can't acquire ExclusiveLock{owner=ForsetiClient[transactionId=163458, clientId=8704]} on NODE_RELATIONSHIP_GROUP_DELETE(12348) because holders of that lock are waiting for ForsetiClient[transactionId=163459, clientId=8719].
 Wait list:ExclusiveLock[
Client[163458] waits for [ForsetiClient[transactionId=163459, clientId=8719]]]} {gql_status: 50N05} {gql_status_description: error: general processing exception - deadlock detected. Deadlock detected while trying to acquire locks. See log for more details.})
Transaction failed and will be retried in 0.8215022504846312s ({neo4j_code: Neo.TransientError.Transaction.DeadlockDetected} {message: ForsetiClient[transactionId=163464, clientId=8701] can't acquire ExclusiveLock{owner=ForsetiClient[transactionId=163463, clientId=8731]} on NODE_RELATIONSHIP_GROUP_DELETE(6709) because holders of that lock are waiting for ForsetiClient[transactionId=163464, clientId=8701].
 Wait list:ExclusiveLock[
Client[163463] waits for [ForsetiClient[transactionId=163464, clientId=8701]]]} {gql_status: 50N05} {gql_status_description: error: general processing exception - deadlock detected. Deadlock detected while trying to acquire locks. See log for more details.})
Transaction failed and will be retried in 1.0480777989077676s ({neo4j_code: Neo.TransientError.Transaction.DeadlockDetected} {message: ForsetiClient[transactionId=163470, clientId=8725] can't acquire ExclusiveLock{owner=ForsetiClient[transactionId=163469, clientId=8723]} on NODE_RELATIONSHIP_GROUP_DELETE(11156) because holders of that lock are waiting for ForsetiClient[transactionId=163470, clientId=8725].
 Wait list:ExclusiveLock[
Client[163469] waits for [ForsetiClient[transactionId=163470, clientId=8725]]]} {gql_status: 50N05} {gql_status_description: error: general processing exception - deadlock detected. Deadlock detected while trying to acquire locks. See log for more details.})
Transaction failed and will be retried in 1.0748690696204581s ({neo4j_code: Neo.TransientError.Transaction.DeadlockDetected} {message: ForsetiClient[transactionId=163473, clientId=8709] can't acquire ExclusiveLock{owner=ForsetiClient[transactionId=163474, clientId=8719]} on NODE_RELATIONSHIP_GROUP_DELETE(7217) because holders of that lock are waiting for ForsetiClient[transactionId=163473, clientId=8709].
 Wait list:ExclusiveLock[
Client[163474] waits for [ForsetiClient[transactionId=163473, clientId=8709]]]} {gql_status: 50N05} {gql_status_description: error: general processing exception - deadlock detected. Deadlock detected while trying to acquire locks. See log for more details.})
Transaction failed and will be retried in 4.278779818080288s ({neo4j_code: Neo.TransientError.Transaction.DeadlockDetected} {message: ForsetiClient[transactionId=163472, clientId=8722] can't acquire ExclusiveLock{owner=ForsetiClient[transactionId=163474, clientId=8719]} on NODE_RELATIONSHIP_GROUP_DELETE(17573) because holders of that lock are waiting for ForsetiClient[transactionId=163472, clientId=8722].
 Wait list:ExclusiveLock[
Client[163474] waits for [ForsetiClient[transactionId=163472, clientId=8722]]]} {gql_status: 50N05} {gql_status_description: error: general processing exception - deadlock detected. Deadlock detected while trying to acquire locks. See log for more details.})
Transaction failed and will be retried in 0.89820982535985s ({neo4j_code: Neo.TransientError.Transaction.DeadlockDetected} {message: ForsetiClient[transactionId=163476, clientId=8717] can't acquire ExclusiveLock{owner=ForsetiClient[transactionId=163475, clientId=8704]} on NODE_RELATIONSHIP_GROUP_DELETE(11868) because holders of that lock are waiting for ForsetiClient[transactionId=163476, clientId=8717].
 Wait list:ExclusiveLock[
Client[163475] waits for [ForsetiClient[transactionId=163476, clientId=8717]]]} {gql_status: 50N05} {gql_status_description: error: general processing exception - deadlock detected. Deadlock detected while trying to acquire locks. See log for more details.})
Transaction failed and will be retried in 0.9847586958941762s ({neo4j_code: Neo.TransientError.Transaction.DeadlockDetected} {message: ForsetiClient[transactionId=163477, clientId=8708] can't acquire ExclusiveLock{owner=ForsetiClient[transactionId=163478, clientId=8727]} on NODE_RELATIONSHIP_GROUP_DELETE(12350) because holders of that lock are waiting for ForsetiClient[transactionId=163477, clientId=8708].
 Wait list:ExclusiveLock[
Client[163478] waits for [ForsetiClient[transactionId=163477, clientId=8708]]]} {gql_status: 50N05} {gql_status_description: error: general processing exception - deadlock detected. Deadlock detected while trying to acquire locks. See log for more details.})
Transaction failed and will be retried in 1.1674640691636566s ({neo4j_code: Neo.TransientError.Transaction.DeadlockDetected} {message: ForsetiClient[transactionId=163480, clientId=8731] can't acquire ExclusiveLock{owner=ForsetiClient[transactionId=163481, clientId=8705]} on NODE_RELATIONSHIP_GROUP_DELETE(16590) because holders of that lock are waiting for ForsetiClient[transactionId=163480, clientId=8731].
 Wait list:ExclusiveLock[
Client[163481] waits for [ForsetiClient[transactionId=163480, clientId=8731]]]} {gql_status: 50N05} {gql_status_description: error: general processing exception - deadlock detected. Deadlock detected while trying to acquire locks. See log for more details.})
Transaction failed and will be retried in 4.617653276678738s ({neo4j_code: Neo.TransientError.Transaction.DeadlockDetected} {message: ForsetiClient[transactionId=163479, clientId=8701] can't acquire ExclusiveLock{owner=ForsetiClient[transactionId=163481, clientId=8705]} on NODE_RELATIONSHIP_GROUP_DELETE(2678) because holders of that lock are waiting for ForsetiClient[transactionId=163479, clientId=8701].
 Wait list:ExclusiveLock[
Client[163481] waits for [ForsetiClient[transactionId=163479, clientId=8701]]]} {gql_status: 50N05} {gql_status_description: error: general processing exception - deadlock detected. Deadlock detected while trying to acquire locks. See log for more details.})
Transaction failed and will be retried in 3.917586698284306s ({neo4j_code: Neo.TransientError.Transaction.DeadlockDetected} {message: ForsetiClient[transactionId=163482, clientId=8724] can't acquire ExclusiveLock{owner=ForsetiClient[transactionId=163481, clientId=8705]} on NODE_RELATIONSHIP_GROUP_DELETE(2461) because holders of that lock are waiting for ForsetiClient[transactionId=163482, clientId=8724].
 Wait list:ExclusiveLock[
Client[163481] waits for [ForsetiClient[transactionId=163482, clientId=8724]]]} {gql_status: 50N05} {gql_status_description: error: general processing exception - deadlock detected. Deadlock detected while trying to acquire locks. See log for more details.})
Transaction failed and will be retried in 3.757809937743465s ({neo4j_code: Neo.TransientError.Transaction.DeadlockDetected} {message: ForsetiClient[transactionId=163484, clientId=8721] can't acquire ExclusiveLock{owner=ForsetiClient[transactionId=163485, clientId=8725]} on NODE_RELATIONSHIP_GROUP_DELETE(9883) because holders of that lock are waiting for ForsetiClient[transactionId=163484, clientId=8721].
 Wait list:ExclusiveLock[
Client[163485] waits for [ForsetiClient[transactionId=163484, clientId=8721]]]} {gql_status: 50N05} {gql_status_description: error: general processing exception - deadlock detected. Deadlock detected while trying to acquire locks. See log for more details.})
Transaction failed and will be retried in 7.349211623133808s ({neo4j_code: Neo.TransientError.Transaction.DeadlockDetected} {message: ForsetiClient[transactionId=163483, clientId=8695] can't acquire ExclusiveLock{owner=ForsetiClient[transactionId=163485, clientId=8725]} on NODE_RELATIONSHIP_GROUP_DELETE(15618) because holders of that lock are waiting for ForsetiClient[transactionId=163483, clientId=8695].
 Wait list:ExclusiveLock[
Client[163485] waits for [ForsetiClient[transactionId=163483, clientId=8695]]]} {gql_status: 50N05} {gql_status_description: error: general processing exception - deadlock detected. Deadlock detected while trying to acquire locks. See log for more details.})
Transaction failed and will be retried in 8.41783443588696s ({neo4j_code: Neo.TransientError.Transaction.DeadlockDetected} {message: ForsetiClient[transactionId=163487, clientId=8716] can't acquire ExclusiveLock{owner=ForsetiClient[transactionId=163486, clientId=8723]} on NODE_RELATIONSHIP_GROUP_DELETE(12074) because holders of that lock are waiting for ForsetiClient[transactionId=163487, clientId=8716].
 Wait list:ExclusiveLock[
Client[163486] waits for [ForsetiClient[transactionId=163487, clientId=8716]]]} {gql_status: 50N05} {gql_status_description: error: general processing exception - deadlock detected. Deadlock detected while trying to acquire locks. See log for more details.})
Transaction failed and will be retried in 8.240650721554566s ({neo4j_code: Neo.TransientError.Transaction.DeadlockDetected} {message: ForsetiClient[transactionId=163488, clientId=8709] can't acquire ExclusiveLock{owner=ForsetiClient[transactionId=163490, clientId=8719]} on NODE_RELATIONSHIP_GROUP_DELETE(15863) because holders of that lock are waiting for ForsetiClient[transactionId=163488, clientId=8709].
 Wait list:ExclusiveLock[
Client[163490] waits for [ForsetiClient[transactionId=163488, clientId=8709]]]} {gql_status: 50N05} {gql_status_description: error: general processing exception - deadlock detected. Deadlock detected while trying to acquire locks. See log for more details.})
Transaction failed and will be retried in 0.9003508143448213s ({neo4j_code: Neo.TransientError.Transaction.DeadlockDetected} {message: ForsetiClient[transactionId=163489, clientId=8722] can't acquire ExclusiveLock{owner=ForsetiClient[transactionId=163490, clientId=8719]} on NODE_RELATIONSHIP_GROUP_DELETE(19326) because holders of that lock are waiting for ForsetiClient[transactionId=163489, clientId=8722].
 Wait list:ExclusiveLock[
Client[163490] waits for [ForsetiClient[transactionId=163489, clientId=8722]]]} {gql_status: 50N05} {gql_status_description: error: general processing exception - deadlock detected. Deadlock detected while trying to acquire locks. See log for more details.})
Transaction failed and will be retried in 6.401566721950168s ({neo4j_code: Neo.TransientError.Transaction.DeadlockDetected} {message: ForsetiClient[transactionId=163491, clientId=8717] can't acquire ExclusiveLock{owner=ForsetiClient[transactionId=163490, clientId=8719]} on NODE_RELATIONSHIP_GROUP_DELETE(10156) because holders of that lock are waiting for ForsetiClient[transactionId=163491, clientId=8717].
 Wait list:ExclusiveLock[
Client[163490] waits for [ForsetiClient[transactionId=163491, clientId=8717]]]} {gql_status: 50N05} {gql_status_description: error: general processing exception - deadlock detected. Deadlock detected while trying to acquire locks. See log for more details.})
Transaction failed and will be retried in 1.8482414852680233s ({neo4j_code: Neo.TransientError.Transaction.DeadlockDetected} {message: ForsetiClient[transactionId=163497, clientId=8724] can't acquire ExclusiveLock{owner=ForsetiClient[transactionId=163493, clientId=8708]} on NODE_RELATIONSHIP_GROUP_DELETE(3218) because holders of that lock are waiting for ForsetiClient[transactionId=163497, clientId=8724].
 Wait list:ExclusiveLock[
Client[163493] waits for [ForsetiClient[transactionId=163497, clientId=8724],ForsetiClient[transactionId=163495, clientId=8731]]]} {gql_status: 50N05} {gql_status_description: error: general processing exception - deadlock detected. Deadlock detected while trying to acquire locks. See log for more details.})
Transaction failed and will be retried in 7.379175615130593s ({neo4j_code: Neo.TransientError.Transaction.DeadlockDetected} {message: ForsetiClient[transactionId=163495, clientId=8731] can't acquire ExclusiveLock{owner=ForsetiClient[transactionId=163493, clientId=8708]} on NODE_RELATIONSHIP_GROUP_DELETE(829) because holders of that lock are waiting for ForsetiClient[transactionId=163495, clientId=8731].
 Wait list:ExclusiveLock[
Client[163493] waits for [ForsetiClient[transactionId=-1, clientId=8724],ForsetiClient[transactionId=163495, clientId=8731]]]} {gql_status: 50N05} {gql_status_description: error: general processing exception - deadlock detected. Deadlock detected while trying to acquire locks. See log for more details.})
Transaction failed and will be retried in 8.429486917474746s ({neo4j_code: Neo.TransientError.Transaction.DeadlockDetected} {message: ForsetiClient[transactionId=163494, clientId=8727] can't acquire ExclusiveLock{owner=ForsetiClient[transactionId=163493, clientId=8708]} on NODE_RELATIONSHIP_GROUP_DELETE(2424) because holders of that lock are waiting for ForsetiClient[transactionId=163494, clientId=8727].
 Wait list:ExclusiveLock[
Client[163493] waits for [ForsetiClient[transactionId=163492, clientId=8704],ForsetiClient[transactionId=163494, clientId=8727]]]} {gql_status: 50N05} {gql_status_description: error: general processing exception - deadlock detected. Deadlock detected while trying to acquire locks. See log for more details.})
Transaction failed and will be retried in 1.1950861209317916s ({neo4j_code: Neo.TransientError.Transaction.DeadlockDetected} {message: ForsetiClient[transactionId=163492, clientId=8704] can't acquire ExclusiveLock{owner=ForsetiClient[transactionId=163493, clientId=8708]} on NODE_RELATIONSHIP_GROUP_DELETE(12134) because holders of that lock are waiting for ForsetiClient[transactionId=163492, clientId=8704].
 Wait list:ExclusiveLock[
Client[163493] waits for [ForsetiClient[transactionId=163492, clientId=8704],ForsetiClient[transactionId=-1, clientId=8727]]]} {gql_status: 50N05} {gql_status_description: error: general processing exception - deadlock detected. Deadlock detected while trying to acquire locks. See log for more details.})
Transaction failed and will be retried in 3.351676448777697s ({neo4j_code: Neo.TransientError.Transaction.DeadlockDetected} {message: ForsetiClient[transactionId=163496, clientId=8701] can't acquire ExclusiveLock{owner=ForsetiClient[transactionId=163493, clientId=8708]} on NODE_RELATIONSHIP_GROUP_DELETE(835) because holders of that lock are waiting for ForsetiClient[transactionId=163496, clientId=8701].
 Wait list:ExclusiveLock[
Client[163493] waits for [ForsetiClient[transactionId=163496, clientId=8701]]]} {gql_status: 50N05} {gql_status_description: error: general processing exception - deadlock detected. Deadlock detected while trying to acquire locks. See log for more details.})
Transaction failed and will be retried in 6.665280741699057s ({neo4j_code: Neo.TransientError.Transaction.DeadlockDetected} {message: ForsetiClient[transactionId=163500, clientId=8695] can't acquire ExclusiveLock{owner=ForsetiClient[transactionId=163499, clientId=8721]} on NODE_RELATIONSHIP_GROUP_DELETE(8812) because holders of that lock are waiting for ForsetiClient[transactionId=163500, clientId=8695].
 Wait list:ExclusiveLock[
Client[163499] waits for [ForsetiClient[transactionId=163500, clientId=8695]]]} {gql_status: 50N05} {gql_status_description: error: general processing exception - deadlock detected. Deadlock detected while trying to acquire locks. See log for more details.})
Transaction failed and will be retried in 7.258019918004537s ({neo4j_code: Neo.TransientError.Transaction.DeadlockDetected} {message: ForsetiClient[transactionId=163498, clientId=8705] can't acquire ExclusiveLock{owner=ForsetiClient[transactionId=163499, clientId=8721]} on NODE_RELATIONSHIP_GROUP_DELETE(8524) because holders of that lock are waiting for ForsetiClient[transactionId=163498, clientId=8705].
 Wait list:ExclusiveLock[
Client[163499] waits for [ForsetiClient[transactionId=163498, clientId=8705]]]} {gql_status: 50N05} {gql_status_description: error: general processing exception - deadlock detected. Deadlock detected while trying to acquire locks. See log for more details.})
Transaction failed and will be retried in 1.6162793758049605s ({neo4j_code: Neo.TransientError.Transaction.DeadlockDetected} {message: ForsetiClient[transactionId=163501, clientId=8725] can't acquire ExclusiveLock{owner=ForsetiClient[transactionId=163499, clientId=8721]} on NODE_RELATIONSHIP_GROUP_DELETE(4712) because holders of that lock are waiting for ForsetiClient[transactionId=163501, clientId=8725].
 Wait list:ExclusiveLock[
Client[163499] waits for [ForsetiClient[transactionId=163501, clientId=8725]]]} {gql_status: 50N05} {gql_status_description: error: general processing exception - deadlock detected. Deadlock detected while trying to acquire locks. See log for more details.})
Transaction failed and will be retried in 0.9721414213365007s ({neo4j_code: Neo.TransientError.Transaction.DeadlockDetected} {message: ForsetiClient[transactionId=163503, clientId=8723] can't acquire ExclusiveLock{owner=ForsetiClient[transactionId=163502, clientId=8716]} on NODE_RELATIONSHIP_GROUP_DELETE(17961) because holders of that lock are waiting for ForsetiClient[transactionId=163503, clientId=8723].
 Wait list:ExclusiveLock[
Client[163502] waits for [ForsetiClient[transactionId=163503, clientId=8723]]]} {gql_status: 50N05} {gql_status_description: error: general processing exception - deadlock detected. Deadlock detected while trying to acquire locks. See log for more details.})
Transaction failed and will be retried in 0.9959261811767507s ({neo4j_code: Neo.TransientError.Transaction.DeadlockDetected} {message: ForsetiClient[transactionId=163506, clientId=8717] can't acquire ExclusiveLock{owner=ForsetiClient[transactionId=163505, clientId=8722]} on NODE_RELATIONSHIP_GROUP_DELETE(16615) because holders of that lock are waiting for ForsetiClient[transactionId=163506, clientId=8717].
 Wait list:ExclusiveLock[
Client[163505] waits for [ForsetiClient[transactionId=163506, clientId=8717]]]} {gql_status: 50N05} {gql_status_description: error: general processing exception - deadlock detected. Deadlock detected while trying to acquire locks. See log for more details.})
Transaction failed and will be retried in 8.230318225781122s ({neo4j_code: Neo.TransientError.Transaction.DeadlockDetected} {message: ForsetiClient[transactionId=163504, clientId=8709] can't acquire ExclusiveLock{owner=ForsetiClient[transactionId=163505, clientId=8722]} on NODE_RELATIONSHIP_GROUP_DELETE(515) because holders of that lock are waiting for ForsetiClient[transactionId=163504, clientId=8709].
 Wait list:ExclusiveLock[
Client[163505] waits for [ForsetiClient[transactionId=163504, clientId=8709]]]} {gql_status: 50N05} {gql_status_description: error: general processing exception - deadlock detected. Deadlock detected while trying to acquire locks. See log for more details.})
Transaction failed and will be retried in 6.860487419629731s ({neo4j_code: Neo.TransientError.Transaction.DeadlockDetected} {message: ForsetiClient[transactionId=163507, clientId=8719] can't acquire ExclusiveLock{owner=ForsetiClient[transactionId=163508, clientId=8724]} on NODE_RELATIONSHIP_GROUP_DELETE(6563) because holders of that lock are waiting for ForsetiClient[transactionId=163507, clientId=8719].
 Wait list:ExclusiveLock[
Client[163508] waits for [ForsetiClient[transactionId=163507, clientId=8719]]]} {gql_status: 50N05} {gql_status_description: error: general processing exception - deadlock detected. Deadlock detected while trying to acquire locks. See log for more details.})
Transaction failed and will be retried in 0.8541083887582643s ({neo4j_code: Neo.TransientError.Transaction.DeadlockDetected} {message: ForsetiClient[transactionId=163509, clientId=8731] can't acquire ExclusiveLock{owner=ForsetiClient[transactionId=163508, clientId=8724]} on NODE_RELATIONSHIP_GROUP_DELETE(3457) because holders of that lock are waiting for ForsetiClient[transactionId=163509, clientId=8731].
 Wait list:ExclusiveLock[
Client[163508] waits for [ForsetiClient[transactionId=163509, clientId=8731]]]} {gql_status: 50N05} {gql_status_description: error: general processing exception - deadlock detected. Deadlock detected while trying to acquire locks. See log for more details.})
Transaction failed and will be retried in 6.5306554754920665s ({neo4j_code: Neo.TransientError.Transaction.DeadlockDetected} {message: ForsetiClient[transactionId=163510, clientId=8727] can't acquire ExclusiveLock{owner=ForsetiClient[transactionId=163513, clientId=8708]} on NODE_RELATIONSHIP_GROUP_DELETE(10846) because holders of that lock are waiting for ForsetiClient[transactionId=163510, clientId=8727].
 Wait list:ExclusiveLock[
Client[163513] waits for [ForsetiClient[transactionId=163510, clientId=8727]]]} {gql_status: 50N05} {gql_status_description: error: general processing exception - deadlock detected. Deadlock detected while trying to acquire locks. See log for more details.})
Transaction failed and will be retried in 9.436535266882414s ({neo4j_code: Neo.TransientError.Transaction.DeadlockDetected} {message: ForsetiClient[transactionId=163511, clientId=8704] can't acquire ExclusiveLock{owner=ForsetiClient[transactionId=163512, clientId=8701]} on NODE_RELATIONSHIP_GROUP_DELETE(6812) because holders of that lock are waiting for ForsetiClient[transactionId=163511, clientId=8704].
 Wait list:ExclusiveLock[
Client[163512] waits for [ForsetiClient[transactionId=163511, clientId=8704],ForsetiClient[transactionId=163513, clientId=8708]]]} {gql_status: 50N05} {gql_status_description: error: general processing exception - deadlock detected. Deadlock detected while trying to acquire locks. See log for more details.})
Transaction failed and will be retried in 2.0809184036935475s ({neo4j_code: Neo.TransientError.Transaction.DeadlockDetected} {message: ForsetiClient[transactionId=163512, clientId=8701] can't acquire ExclusiveLock{owner=ForsetiClient[transactionId=163513, clientId=8708]} on NODE_RELATIONSHIP_GROUP_DELETE(9519) because holders of that lock are waiting for ForsetiClient[transactionId=163512, clientId=8701].
 Wait list:ExclusiveLock[
Client[163513] waits for [ForsetiClient[transactionId=163511, clientId=8704],ForsetiClient[transactionId=163512, clientId=8701]]]} {gql_status: 50N05} {gql_status_description: error: general processing exception - deadlock detected. Deadlock detected while trying to acquire locks. See log for more details.})
Transaction failed and will be retried in 0.9454533553387359s ({neo4j_code: Neo.TransientError.Transaction.DeadlockDetected} {message: ForsetiClient[transactionId=163516, clientId=8725] can't acquire ExclusiveLock{owner=ForsetiClient[transactionId=163515, clientId=8705]} on NODE_RELATIONSHIP_GROUP_DELETE(13328) because holders of that lock are waiting for ForsetiClient[transactionId=163516, clientId=8725].
 Wait list:ExclusiveLock[
Client[163515] waits for [ForsetiClient[transactionId=163516, clientId=8725]]]} {gql_status: 50N05} {gql_status_description: error: general processing exception - deadlock detected. Deadlock detected while trying to acquire locks. See log for more details.})
Transaction failed and will be retried in 2.2103910039438515s ({neo4j_code: Neo.TransientError.Transaction.DeadlockDetected} {message: ForsetiClient[transactionId=163517, clientId=8721] can't acquire ExclusiveLock{owner=ForsetiClient[transactionId=163515, clientId=8705]} on NODE_RELATIONSHIP_GROUP_DELETE(11597) because holders of that lock are waiting for ForsetiClient[transactionId=163517, clientId=8721].
 Wait list:ExclusiveLock[
Client[163515] waits for [ForsetiClient[transactionId=163517, clientId=8721]]]} {gql_status: 50N05} {gql_status_description: error: general processing exception - deadlock detected. Deadlock detected while trying to acquire locks. See log for more details.})
Transaction failed and will be retried in 1.0236084182282548s ({neo4j_code: Neo.TransientError.Transaction.DeadlockDetected} {message: ForsetiClient[transactionId=163518, clientId=8723] can't acquire ExclusiveLock{owner=ForsetiClient[transactionId=163519, clientId=8716]} on NODE_RELATIONSHIP_GROUP_DELETE(17737) because holders of that lock are waiting for ForsetiClient[transactionId=163518, clientId=8723].
 Wait list:ExclusiveLock[
Client[163519] waits for [ForsetiClient[transactionId=163518, clientId=8723]]]} {gql_status: 50N05} {gql_status_description: error: general processing exception - deadlock detected. Deadlock detected while trying to acquire locks. See log for more details.})
Transaction failed and will be retried in 1.0153421294399172s ({neo4j_code: Neo.TransientError.Transaction.DeadlockDetected} {message: ForsetiClient[transactionId=163522, clientId=8722] can't acquire ExclusiveLock{owner=ForsetiClient[transactionId=163519, clientId=8716]} on NODE_RELATIONSHIP_GROUP_DELETE(13877) because holders of that lock are waiting for ForsetiClient[transactionId=163522, clientId=8722].
 Wait list:ExclusiveLock[
Client[163519] waits for [ForsetiClient[transactionId=163522, clientId=8722]]]} {gql_status: 50N05} {gql_status_description: error: general processing exception - deadlock detected. Deadlock detected while trying to acquire locks. See log for more details.})
Transaction failed and will be retried in 2.2357807970630255s ({neo4j_code: Neo.TransientError.Transaction.DeadlockDetected} {message: ForsetiClient[transactionId=163525, clientId=8724] can't acquire ExclusiveLock{owner=ForsetiClient[transactionId=163526, clientId=8727]} on NODE_RELATIONSHIP_GROUP_DELETE(17573) because holders of that lock are waiting for ForsetiClient[transactionId=163525, clientId=8724].
 Wait list:ExclusiveLock[
Client[163526] waits for [ForsetiClient[transactionId=163525, clientId=8724]]]} {gql_status: 50N05} {gql_status_description: error: general processing exception - deadlock detected. Deadlock detected while trying to acquire locks. See log for more details.})
Transaction failed and will be retried in 1.830700457926068s ({neo4j_code: Neo.TransientError.Transaction.DeadlockDetected} {message: ForsetiClient[transactionId=163529, clientId=8708] can't acquire ExclusiveLock{owner=ForsetiClient[transactionId=163528, clientId=8701]} on NODE_RELATIONSHIP_GROUP_DELETE(11841) because holders of that lock are waiting for ForsetiClient[transactionId=163529, clientId=8708].
 Wait list:ExclusiveLock[
Client[163528] waits for [ForsetiClient[transactionId=163529, clientId=8708]]]} {gql_status: 50N05} {gql_status_description: error: general processing exception - deadlock detected. Deadlock detected while trying to acquire locks. See log for more details.})
Transaction failed and will be retried in 7.419000415023376s ({neo4j_code: Neo.TransientError.Transaction.DeadlockDetected} {message: ForsetiClient[transactionId=163527, clientId=8704] can't acquire ExclusiveLock{owner=ForsetiClient[transactionId=163528, clientId=8701]} on NODE_RELATIONSHIP_GROUP_DELETE(11174) because holders of that lock are waiting for ForsetiClient[transactionId=163527, clientId=8704].
 Wait list:ExclusiveLock[
Client[163528] waits for [ForsetiClient[transactionId=163527, clientId=8704]]]} {gql_status: 50N05} {gql_status_description: error: general processing exception - deadlock detected. Deadlock detected while trying to acquire locks. See log for more details.})
Transaction failed and will be retried in 1.7098030137824944s ({neo4j_code: Neo.TransientError.Transaction.DeadlockDetected} {message: ForsetiClient[transactionId=163531, clientId=8721] can't acquire ExclusiveLock{owner=ForsetiClient[transactionId=163533, clientId=8705]} on NODE_RELATIONSHIP_GROUP_DELETE(11117) because holders of that lock are waiting for ForsetiClient[transactionId=163531, clientId=8721].
 Wait list:ExclusiveLock[
Client[163533] waits for [ForsetiClient[transactionId=163531, clientId=8721]]]} {gql_status: 50N05} {gql_status_description: error: general processing exception - deadlock detected. Deadlock detected while trying to acquire locks. See log for more details.})
Transaction failed and will be retried in 0.8430185618595298s ({neo4j_code: Neo.TransientError.Transaction.DeadlockDetected} {message: ForsetiClient[transactionId=163534, clientId=8709] can't acquire ExclusiveLock{owner=ForsetiClient[transactionId=163532, clientId=8717]} on NODE_RELATIONSHIP_GROUP_DELETE(14906) because holders of that lock are waiting for ForsetiClient[transactionId=163534, clientId=8709].
 Wait list:ExclusiveLock[
Client[163532] waits for [ForsetiClient[transactionId=163534, clientId=8709]]]} {gql_status: 50N05} {gql_status_description: error: general processing exception - deadlock detected. Deadlock detected while trying to acquire locks. See log for more details.})
Transaction failed and will be retried in 4.261707956044962s ({neo4j_code: Neo.TransientError.Transaction.DeadlockDetected} {message: ForsetiClient[transactionId=163536, clientId=8695] can't acquire ExclusiveLock{owner=ForsetiClient[transactionId=163535, clientId=8719]} on NODE_RELATIONSHIP_GROUP_DELETE(17224) because holders of that lock are waiting for ForsetiClient[transactionId=163536, clientId=8695].
 Wait list:ExclusiveLock[
Client[163535] waits for [ForsetiClient[transactionId=163536, clientId=8695]]]} {gql_status: 50N05} {gql_status_description: error: general processing exception - deadlock detected. Deadlock detected while trying to acquire locks. See log for more details.})
Transaction failed and will be retried in 1.036857874845595s ({neo4j_code: Neo.TransientError.Transaction.DeadlockDetected} {message: ForsetiClient[transactionId=163539, clientId=8716] can't acquire ExclusiveLock{owner=ForsetiClient[transactionId=163538, clientId=8722]} on NODE_RELATIONSHIP_GROUP_DELETE(1255) because holders of that lock are waiting for ForsetiClient[transactionId=163539, clientId=8716].
 Wait list:ExclusiveLock[
Client[163538] waits for [ForsetiClient[transactionId=163539, clientId=8716]]]} {gql_status: 50N05} {gql_status_description: error: general processing exception - deadlock detected. Deadlock detected while trying to acquire locks. See log for more details.})
Transaction failed and will be retried in 3.6810852521501745s ({neo4j_code: Neo.TransientError.Transaction.DeadlockDetected} {message: ForsetiClient[transactionId=163537, clientId=8723] can't acquire ExclusiveLock{owner=ForsetiClient[transactionId=163538, clientId=8722]} on NODE_RELATIONSHIP_GROUP_DELETE(16515) because holders of that lock are waiting for ForsetiClient[transactionId=163537, clientId=8723].
 Wait list:ExclusiveLock[
Client[163538] waits for [ForsetiClient[transactionId=163537, clientId=8723]]]} {gql_status: 50N05} {gql_status_description: error: general processing exception - deadlock detected. Deadlock detected while trying to acquire locks. See log for more details.})
Transaction failed and will be retried in 1.9690629763453993s ({neo4j_code: Neo.TransientError.Transaction.DeadlockDetected} {message: ForsetiClient[transactionId=163542, clientId=8727] can't acquire ExclusiveLock{owner=ForsetiClient[transactionId=163543, clientId=8708]} on NODE_RELATIONSHIP_GROUP_DELETE(2117) because holders of that lock are waiting for ForsetiClient[transactionId=163542, clientId=8727].
 Wait list:ExclusiveLock[
Client[163543] waits for [ForsetiClient[transactionId=163542, clientId=8727]]]} {gql_status: 50N05} {gql_status_description: error: general processing exception - deadlock detected. Deadlock detected while trying to acquire locks. See log for more details.})
Transaction failed and will be retried in 6.646529687340791s ({neo4j_code: Neo.TransientError.Transaction.DeadlockDetected} {message: ForsetiClient[transactionId=163549, clientId=8709] can't acquire ExclusiveLock{owner=ForsetiClient[transactionId=163550, clientId=8717]} on NODE_RELATIONSHIP_GROUP_DELETE(2960) because holders of that lock are waiting for ForsetiClient[transactionId=163549, clientId=8709].
 Wait list:ExclusiveLock[
Client[163550] waits for [ForsetiClient[transactionId=163549, clientId=8709]]]} {gql_status: 50N05} {gql_status_description: error: general processing exception - deadlock detected. Deadlock detected while trying to acquire locks. See log for more details.})
Transaction failed and will be retried in 1.0502150375116028s ({neo4j_code: Neo.TransientError.Transaction.DeadlockDetected} {message: ForsetiClient[transactionId=163552, clientId=8719] can't acquire ExclusiveLock{owner=ForsetiClient[transactionId=163551, clientId=8695]} on NODE_RELATIONSHIP_GROUP_DELETE(8369) because holders of that lock are waiting for ForsetiClient[transactionId=163552, clientId=8719].
 Wait list:ExclusiveLock[
Client[163551] waits for [ForsetiClient[transactionId=163552, clientId=8719]]]} {gql_status: 50N05} {gql_status_description: error: general processing exception - deadlock detected. Deadlock detected while trying to acquire locks. See log for more details.})
Transaction failed and will be retried in 1.8957897503565126s ({neo4j_code: Neo.TransientError.Transaction.DeadlockDetected} {message: ForsetiClient[transactionId=163553, clientId=8716] can't acquire ExclusiveLock{owner=ForsetiClient[transactionId=163554, clientId=8723]} on NODE_RELATIONSHIP_GROUP_DELETE(9203) because holders of that lock are waiting for ForsetiClient[transactionId=163553, clientId=8716].
 Wait list:ExclusiveLock[
Client[163554] waits for [ForsetiClient[transactionId=163553, clientId=8716]]]} {gql_status: 50N05} {gql_status_description: error: general processing exception - deadlock detected. Deadlock detected while trying to acquire locks. See log for more details.})
Transaction failed and will be retried in 0.8109877943280017s ({neo4j_code: Neo.TransientError.Transaction.DeadlockDetected} {message: ForsetiClient[transactionId=163557, clientId=8724] can't acquire ExclusiveLock{owner=ForsetiClient[transactionId=163556, clientId=8731]} on NODE_RELATIONSHIP_GROUP_DELETE(399) because holders of that lock are waiting for ForsetiClient[transactionId=163557, clientId=8724].
 Wait list:ExclusiveLock[
Client[163556] waits for [ForsetiClient[transactionId=163557, clientId=8724]]]} {gql_status: 50N05} {gql_status_description: error: general processing exception - deadlock detected. Deadlock detected while trying to acquire locks. See log for more details.})
Transaction failed and will be retried in 0.8567107584483205s ({neo4j_code: Neo.TransientError.Transaction.DeadlockDetected} {message: ForsetiClient[transactionId=163560, clientId=8704] can't acquire ExclusiveLock{owner=ForsetiClient[transactionId=163559, clientId=8708]} on NODE_RELATIONSHIP_GROUP_DELETE(3997) because holders of that lock are waiting for ForsetiClient[transactionId=163560, clientId=8704].
 Wait list:ExclusiveLock[
Client[163559] waits for [ForsetiClient[transactionId=163560, clientId=8704]]]} {gql_status: 50N05} {gql_status_description: error: general processing exception - deadlock detected. Deadlock detected while trying to acquire locks. See log for more details.})
Transaction failed and will be retried in 1.6361171390464064s ({neo4j_code: Neo.TransientError.Transaction.DeadlockDetected} {message: ForsetiClient[transactionId=163561, clientId=8701] can't acquire ExclusiveLock{owner=ForsetiClient[transactionId=163562, clientId=8725]} on NODE_RELATIONSHIP_GROUP_DELETE(9435) because holders of that lock are waiting for ForsetiClient[transactionId=163561, clientId=8701].
 Wait list:ExclusiveLock[
Client[163562] waits for [ForsetiClient[transactionId=163561, clientId=8701]]]} {gql_status: 50N05} {gql_status_description: error: general processing exception - deadlock detected. Deadlock detected while trying to acquire locks. See log for more details.})
Transaction failed and will be retried in 8.768843224342792s ({neo4j_code: Neo.TransientError.Transaction.DeadlockDetected} {message: ForsetiClient[transactionId=163568, clientId=8695] can't acquire ExclusiveLock{owner=ForsetiClient[transactionId=163569, clientId=8716]} on NODE_RELATIONSHIP_GROUP_DELETE(16296) because holders of that lock are waiting for ForsetiClient[transactionId=163568, clientId=8695].
 Wait list:ExclusiveLock[
Client[163569] waits for [ForsetiClient[transactionId=163568, clientId=8695],ForsetiClient[transactionId=163566, clientId=8717]]]} {gql_status: 50N05} {gql_status_description: error: general processing exception - deadlock detected. Deadlock detected while trying to acquire locks. See log for more details.})
Transaction failed and will be retried in 8.961631778075738s ({neo4j_code: Neo.TransientError.Transaction.DeadlockDetected} {message: ForsetiClient[transactionId=163566, clientId=8717] can't acquire ExclusiveLock{owner=ForsetiClient[transactionId=163569, clientId=8716]} on NODE_RELATIONSHIP_GROUP_DELETE(11322) because holders of that lock are waiting for ForsetiClient[transactionId=163566, clientId=8717].
 Wait list:ExclusiveLock[
Client[163569] waits for [ForsetiClient[transactionId=163566, clientId=8717]]]} {gql_status: 50N05} {gql_status_description: error: general processing exception - deadlock detected. Deadlock detected while trying to acquire locks. See log for more details.})
Transaction failed and will be retried in 9.543379883985844s ({neo4j_code: Neo.TransientError.Transaction.DeadlockDetected} {message: ForsetiClient[transactionId=163565, clientId=8709] can't acquire ExclusiveLock{owner=ForsetiClient[transactionId=163569, clientId=8716]} on NODE_RELATIONSHIP_GROUP_DELETE(10384) because holders of that lock are waiting for ForsetiClient[transactionId=163565, clientId=8709].
 Wait list:ExclusiveLock[
Client[163569] waits for [ForsetiClient[transactionId=163565, clientId=8709]]]} {gql_status: 50N05} {gql_status_description: error: general processing exception - deadlock detected. Deadlock detected while trying to acquire locks. See log for more details.})
Transaction failed and will be retried in 1.040010456019087s ({neo4j_code: Neo.TransientError.Transaction.DeadlockDetected} {message: ForsetiClient[transactionId=163567, clientId=8719] can't acquire ExclusiveLock{owner=ForsetiClient[transactionId=163569, clientId=8716]} on NODE_RELATIONSHIP_GROUP_DELETE(5470) because holders of that lock are waiting for ForsetiClient[transactionId=163567, clientId=8719].
 Wait list:ExclusiveLock[
Client[163569] waits for [ForsetiClient[transactionId=163567, clientId=8719]]]} {gql_status: 50N05} {gql_status_description: error: general processing exception - deadlock detected. Deadlock detected while trying to acquire locks. See log for more details.})
Transaction failed and will be retried in 0.8647884306189239s ({neo4j_code: Neo.TransientError.Transaction.DeadlockDetected} {message: ForsetiClient[transactionId=163571, clientId=8722] can't acquire ExclusiveLock{owner=ForsetiClient[transactionId=163569, clientId=8716]} on NODE_RELATIONSHIP_GROUP_DELETE(2461) because holders of that lock are waiting for ForsetiClient[transactionId=163571, clientId=8722].
 Wait list:ExclusiveLock[
Client[163569] waits for [ForsetiClient[transactionId=163571, clientId=8722]]]} {gql_status: 50N05} {gql_status_description: error: general processing exception - deadlock detected. Deadlock detected while trying to acquire locks. See log for more details.})
Transaction failed and will be retried in 3.700193703134998s ({neo4j_code: Neo.TransientError.Transaction.DeadlockDetected} {message: ForsetiClient[transactionId=163570, clientId=8723] can't acquire ExclusiveLock{owner=ForsetiClient[transactionId=163569, clientId=8716]} on NODE_RELATIONSHIP_GROUP_DELETE(6679) because holders of that lock are waiting for ForsetiClient[transactionId=163570, clientId=8723].
 Wait list:ExclusiveLock[
Client[163569] waits for [ForsetiClient[transactionId=163570, clientId=8723]]]} {gql_status: 50N05} {gql_status_description: error: general processing exception - deadlock detected. Deadlock detected while trying to acquire locks. See log for more details.})
Transaction failed and will be retried in 0.9166185494713261s ({neo4j_code: Neo.TransientError.Transaction.DeadlockDetected} {message: ForsetiClient[transactionId=163572, clientId=8724] can't acquire ExclusiveLock{owner=ForsetiClient[transactionId=163569, clientId=8716]} on NODE_RELATIONSHIP_GROUP_DELETE(16211) because holders of that lock are waiting for ForsetiClient[transactionId=163572, clientId=8724].
 Wait list:ExclusiveLock[
Client[163569] waits for [ForsetiClient[transactionId=163572, clientId=8724]]]} {gql_status: 50N05} {gql_status_description: error: general processing exception - deadlock detected. Deadlock detected while trying to acquire locks. See log for more details.})
Transaction failed and will be retried in 2.0545452104074764s ({neo4j_code: Neo.TransientError.Transaction.DeadlockDetected} {message: ForsetiClient[transactionId=163576, clientId=8708] can't acquire ExclusiveLock{owner=ForsetiClient[transactionId=163577, clientId=8701]} on NODE_RELATIONSHIP_GROUP_DELETE(10513) because holders of that lock are waiting for ForsetiClient[transactionId=163576, clientId=8708].
 Wait list:ExclusiveLock[
Client[163577] waits for [ForsetiClient[transactionId=163576, clientId=8708]]]} {gql_status: 50N05} {gql_status_description: error: general processing exception - deadlock detected. Deadlock detected while trying to acquire locks. See log for more details.})
Transaction failed and will be retried in 2.096589873644967s ({neo4j_code: Neo.TransientError.Transaction.DeadlockDetected} {message: ForsetiClient[transactionId=163578, clientId=8725] can't acquire ExclusiveLock{owner=ForsetiClient[transactionId=163579, clientId=8721]} on NODE_RELATIONSHIP_GROUP_DELETE(5539) because holders of that lock are waiting for ForsetiClient[transactionId=163578, clientId=8725].
 Wait list:ExclusiveLock[
Client[163579] waits for [ForsetiClient[transactionId=163578, clientId=8725]]]} {gql_status: 50N05} {gql_status_description: error: general processing exception - deadlock detected. Deadlock detected while trying to acquire locks. See log for more details.})
Transaction failed and will be retried in 1.915492002264231s ({neo4j_code: Neo.TransientError.Transaction.DeadlockDetected} {message: ForsetiClient[transactionId=163583, clientId=8709] can't acquire ExclusiveLock{owner=ForsetiClient[transactionId=163584, clientId=8719]} on NODE_RELATIONSHIP_GROUP_DELETE(7119) because holders of that lock are waiting for ForsetiClient[transactionId=163583, clientId=8709].
 Wait list:ExclusiveLock[
Client[163584] waits for [ForsetiClient[transactionId=163583, clientId=8709]]]} {gql_status: 50N05} {gql_status_description: error: general processing exception - deadlock detected. Deadlock detected while trying to acquire locks. See log for more details.})
Transaction failed and will be retried in 6.922547091387244s ({neo4j_code: Neo.TransientError.Transaction.DeadlockDetected} {message: ForsetiClient[transactionId=163582, clientId=8717] can't acquire ExclusiveLock{owner=ForsetiClient[transactionId=163584, clientId=8719]} on NODE_RELATIONSHIP_GROUP_DELETE(3343) because holders of that lock are waiting for ForsetiClient[transactionId=163582, clientId=8717].
 Wait list:ExclusiveLock[
Client[163584] waits for [ForsetiClient[transactionId=163582, clientId=8717]]]} {gql_status: 50N05} {gql_status_description: error: general processing exception - deadlock detected. Deadlock detected while trying to acquire locks. See log for more details.})
Transaction failed and will be retried in 3.353216932207109s ({neo4j_code: Neo.TransientError.Transaction.DeadlockDetected} {message: ForsetiClient[transactionId=163587, clientId=8724] can't acquire ExclusiveLock{owner=ForsetiClient[transactionId=163588, clientId=8716]} on NODE_RELATIONSHIP_GROUP_DELETE(4462) because holders of that lock are waiting for ForsetiClient[transactionId=163587, clientId=8724].
 Wait list:ExclusiveLock[
Client[163588] waits for [ForsetiClient[transactionId=163587, clientId=8724]]]} {gql_status: 50N05} {gql_status_description: error: general processing exception - deadlock detected. Deadlock detected while trying to acquire locks. See log for more details.})
Transaction failed and will be retried in 2.247977369798138s ({neo4j_code: Neo.TransientError.Transaction.DeadlockDetected} {message: ForsetiClient[transactionId=163592, clientId=8708] can't acquire ExclusiveLock{owner=ForsetiClient[transactionId=163591, clientId=8704]} on NODE_RELATIONSHIP_GROUP_DELETE(17268) because holders of that lock are waiting for ForsetiClient[transactionId=163592, clientId=8708].
 Wait list:ExclusiveLock[
Client[163591] waits for [ForsetiClient[transactionId=163592, clientId=8708]]]} {gql_status: 50N05} {gql_status_description: error: general processing exception - deadlock detected. Deadlock detected while trying to acquire locks. See log for more details.})
Transaction failed and will be retried in 2.2318564088312884s ({neo4j_code: Neo.TransientError.Transaction.DeadlockDetected} {message: ForsetiClient[transactionId=163595, clientId=8721] can't acquire ExclusiveLock{owner=ForsetiClient[transactionId=163594, clientId=8725]} on NODE_RELATIONSHIP_GROUP_DELETE(10435) because holders of that lock are waiting for ForsetiClient[transactionId=163595, clientId=8721].
 Wait list:ExclusiveLock[
Client[163594] waits for [ForsetiClient[transactionId=163595, clientId=8721]]]} {gql_status: 50N05} {gql_status_description: error: general processing exception - deadlock detected. Deadlock detected while trying to acquire locks. See log for more details.})
Transaction failed and will be retried in 1.0885576683674871s ({neo4j_code: Neo.TransientError.Transaction.DeadlockDetected} {message: ForsetiClient[transactionId=163599, clientId=8717] can't acquire ExclusiveLock{owner=ForsetiClient[transactionId=163600, clientId=8719]} on NODE_RELATIONSHIP_GROUP_DELETE(19179) because holders of that lock are waiting for ForsetiClient[transactionId=163599, clientId=8717].
 Wait list:ExclusiveLock[
Client[163600] waits for [ForsetiClient[transactionId=163599, clientId=8717]]]} {gql_status: 50N05} {gql_status_description: error: general processing exception - deadlock detected. Deadlock detected while trying to acquire locks. See log for more details.})
Transaction failed and will be retried in 0.8022390565626971s ({neo4j_code: Neo.TransientError.Transaction.DeadlockDetected} {message: ForsetiClient[transactionId=163603, clientId=8724] can't acquire ExclusiveLock{owner=ForsetiClient[transactionId=163602, clientId=8723]} on NODE_RELATIONSHIP_GROUP_DELETE(14101) because holders of that lock are waiting for ForsetiClient[transactionId=163603, clientId=8724].
 Wait list:ExclusiveLock[
Client[163602] waits for [ForsetiClient[transactionId=163603, clientId=8724]]]} {gql_status: 50N05} {gql_status_description: error: general processing exception - deadlock detected. Deadlock detected while trying to acquire locks. See log for more details.})
Transaction failed and will be retried in 8.668318981092307s ({neo4j_code: Neo.TransientError.Transaction.DeadlockDetected} {message: ForsetiClient[transactionId=163615, clientId=8717] can't acquire ExclusiveLock{owner=ForsetiClient[transactionId=163614, clientId=8709]} on NODE_RELATIONSHIP_GROUP_DELETE(18188) because holders of that lock are waiting for ForsetiClient[transactionId=163615, clientId=8717].
 Wait list:ExclusiveLock[
Client[163614] waits for [ForsetiClient[transactionId=163615, clientId=8717]]]} {gql_status: 50N05} {gql_status_description: error: general processing exception - deadlock detected. Deadlock detected while trying to acquire locks. See log for more details.})
Transaction failed and will be retried in 1.1253014692723915s ({neo4j_code: Neo.TransientError.Transaction.DeadlockDetected} {message: ForsetiClient[transactionId=163622, clientId=8727] can't acquire ExclusiveLock{owner=ForsetiClient[transactionId=163620, clientId=8716]} on NODE_RELATIONSHIP_GROUP_DELETE(17117) because holders of that lock are waiting for ForsetiClient[transactionId=163622, clientId=8727].
 Wait list:ExclusiveLock[
Client[163620] waits for [ForsetiClient[transactionId=163622, clientId=8727]]]} {gql_status: 50N05} {gql_status_description: error: general processing exception - deadlock detected. Deadlock detected while trying to acquire locks. See log for more details.})
Transaction failed and will be retried in 0.8436711234685808s ({neo4j_code: Neo.TransientError.Transaction.DeadlockDetected} {message: ForsetiClient[transactionId=163623, clientId=8708] can't acquire ExclusiveLock{owner=ForsetiClient[transactionId=163620, clientId=8716]} on NODE_RELATIONSHIP_GROUP_DELETE(1858) because holders of that lock are waiting for ForsetiClient[transactionId=163623, clientId=8708].
 Wait list:ExclusiveLock[
Client[163620] waits for [ForsetiClient[transactionId=163623, clientId=8708]]]} {gql_status: 50N05} {gql_status_description: error: general processing exception - deadlock detected. Deadlock detected while trying to acquire locks. See log for more details.})
Transaction failed and will be retried in 1.1245905179423221s ({neo4j_code: Neo.TransientError.Transaction.DeadlockDetected} {message: ForsetiClient[transactionId=163626, clientId=8721] can't acquire ExclusiveLock{owner=ForsetiClient[transactionId=163624, clientId=8704]} on NODE_RELATIONSHIP_GROUP_DELETE(4199) because holders of that lock are waiting for ForsetiClient[transactionId=163626, clientId=8721].
 Wait list:ExclusiveLock[
Client[163624] waits for [ForsetiClient[transactionId=163626, clientId=8721]]]} {gql_status: 50N05} {gql_status_description: error: general processing exception - deadlock detected. Deadlock detected while trying to acquire locks. See log for more details.})
Transaction failed and will be retried in 4.0474809371682285s ({neo4j_code: Neo.TransientError.Transaction.DeadlockDetected} {message: ForsetiClient[transactionId=163624, clientId=8704] can't acquire ExclusiveLock{owner=ForsetiClient[transactionId=163625, clientId=8701]} on NODE_RELATIONSHIP_GROUP_DELETE(3609) because holders of that lock are waiting for ForsetiClient[transactionId=163624, clientId=8704].
 Wait list:ExclusiveLock[
Client[163625] waits for [ForsetiClient[transactionId=163624, clientId=8704]]]} {gql_status: 50N05} {gql_status_description: error: general processing exception - deadlock detected. Deadlock detected while trying to acquire locks. See log for more details.})
Transaction failed and will be retried in 1.182133801817332s ({neo4j_code: Neo.TransientError.Transaction.DeadlockDetected} {message: ForsetiClient[transactionId=163629, clientId=8722] can't acquire ExclusiveLock{owner=ForsetiClient[transactionId=163627, clientId=8725]} on NODE_RELATIONSHIP_GROUP_DELETE(9392) because holders of that lock are waiting for ForsetiClient[transactionId=163629, clientId=8722].
 Wait list:ExclusiveLock[
Client[163627] waits for [ForsetiClient[transactionId=163628, clientId=8705],ForsetiClient[transactionId=163629, clientId=8722]]]} {gql_status: 50N05} {gql_status_description: error: general processing exception - deadlock detected. Deadlock detected while trying to acquire locks. See log for more details.})
Transaction failed and will be retried in 4.740435502479111s ({neo4j_code: Neo.TransientError.Transaction.DeadlockDetected} {message: ForsetiClient[transactionId=163628, clientId=8705] can't acquire ExclusiveLock{owner=ForsetiClient[transactionId=163627, clientId=8725]} on NODE_RELATIONSHIP_GROUP_DELETE(9136) because holders of that lock are waiting for ForsetiClient[transactionId=163628, clientId=8705].
 Wait list:ExclusiveLock[
Client[163627] waits for [ForsetiClient[transactionId=163628, clientId=8705]]]} {gql_status: 50N05} {gql_status_description: error: general processing exception - deadlock detected. Deadlock detected while trying to acquire locks. See log for more details.})
Transaction failed and will be retried in 1.0814924415285287s ({neo4j_code: Neo.TransientError.Transaction.DeadlockDetected} {message: ForsetiClient[transactionId=163631, clientId=8724] can't acquire ExclusiveLock{owner=ForsetiClient[transactionId=163630, clientId=8695]} on NODE_RELATIONSHIP_GROUP_DELETE(13394) because holders of that lock are waiting for ForsetiClient[transactionId=163631, clientId=8724].
 Wait list:ExclusiveLock[
Client[163630] waits for [ForsetiClient[transactionId=163631, clientId=8724]]]} {gql_status: 50N05} {gql_status_description: error: general processing exception - deadlock detected. Deadlock detected while trying to acquire locks. See log for more details.})
Transaction failed and will be retried in 16.204816203643908s ({neo4j_code: Neo.TransientError.Transaction.DeadlockDetected} {message: ForsetiClient[transactionId=163632, clientId=8723] can't acquire ExclusiveLock{owner=ForsetiClient[transactionId=163633, clientId=8717]} on NODE_RELATIONSHIP_GROUP_DELETE(5948) because holders of that lock are waiting for ForsetiClient[transactionId=163632, clientId=8723].
 Wait list:ExclusiveLock[
Client[163633] waits for [ForsetiClient[transactionId=163632, clientId=8723]]]} {gql_status: 50N05} {gql_status_description: error: general processing exception - deadlock detected. Deadlock detected while trying to acquire locks. See log for more details.})
Transaction failed and will be retried in 1.1661302772445148s ({neo4j_code: Neo.TransientError.Transaction.DeadlockDetected} {message: ForsetiClient[transactionId=163642, clientId=8701] can't acquire ExclusiveLock{owner=ForsetiClient[transactionId=163641, clientId=8704]} on NODE_RELATIONSHIP_GROUP_DELETE(14651) because holders of that lock are waiting for ForsetiClient[transactionId=163642, clientId=8701].
 Wait list:ExclusiveLock[
Client[163641] waits for [ForsetiClient[transactionId=163642, clientId=8701]]]} {gql_status: 50N05} {gql_status_description: error: general processing exception - deadlock detected. Deadlock detected while trying to acquire locks. See log for more details.})
Transaction failed and will be retried in 1.0248498409089088s ({neo4j_code: Neo.TransientError.Transaction.DeadlockDetected} {message: ForsetiClient[transactionId=163640, clientId=8721] can't acquire ExclusiveLock{owner=ForsetiClient[transactionId=163641, clientId=8704]} on NODE_RELATIONSHIP_GROUP_DELETE(4821) because holders of that lock are waiting for ForsetiClient[transactionId=163640, clientId=8721].
 Wait list:ExclusiveLock[
Client[163641] waits for [ForsetiClient[transactionId=163640, clientId=8721]]]} {gql_status: 50N05} {gql_status_description: error: general processing exception - deadlock detected. Deadlock detected while trying to acquire locks. See log for more details.})
Transaction failed and will be retried in 1.0814194950604545s ({neo4j_code: Neo.TransientError.Transaction.DeadlockDetected} {message: ForsetiClient[transactionId=163646, clientId=8724] can't acquire ExclusiveLock{owner=ForsetiClient[transactionId=163645, clientId=8725]} on NODE_RELATIONSHIP_GROUP_DELETE(11211) because holders of that lock are waiting for ForsetiClient[transactionId=163646, clientId=8724].
 Wait list:ExclusiveLock[
Client[163645] waits for [ForsetiClient[transactionId=163646, clientId=8724]]]} {gql_status: 50N05} {gql_status_description: error: general processing exception - deadlock detected. Deadlock detected while trying to acquire locks. See log for more details.})
Transaction failed and will be retried in 4.639268422952363s ({neo4j_code: Neo.TransientError.Transaction.DeadlockDetected} {message: ForsetiClient[transactionId=163645, clientId=8725] can't acquire ExclusiveLock{owner=ForsetiClient[transactionId=163644, clientId=8705]} on NODE_RELATIONSHIP_GROUP_DELETE(7453) because holders of that lock are waiting for ForsetiClient[transactionId=163645, clientId=8725].
 Wait list:ExclusiveLock[
Client[163644] waits for [ForsetiClient[transactionId=163645, clientId=8725]]]} {gql_status: 50N05} {gql_status_description: error: general processing exception - deadlock detected. Deadlock detected while trying to acquire locks. See log for more details.})
Transaction failed and will be retried in 1.1919296845321046s ({neo4j_code: Neo.TransientError.Transaction.DeadlockDetected} {message: ForsetiClient[transactionId=163647, clientId=8695] can't acquire ExclusiveLock{owner=ForsetiClient[transactionId=163648, clientId=8723]} on NODE_RELATIONSHIP_GROUP_DELETE(6804) because holders of that lock are waiting for ForsetiClient[transactionId=163647, clientId=8695].
 Wait list:ExclusiveLock[
Client[163648] waits for [ForsetiClient[transactionId=163647, clientId=8695]]]} {gql_status: 50N05} {gql_status_description: error: general processing exception - deadlock detected. Deadlock detected while trying to acquire locks. See log for more details.})
Transaction failed and will be retried in 0.9372125679185587s ({neo4j_code: Neo.TransientError.Transaction.DeadlockDetected} {message: ForsetiClient[transactionId=163650, clientId=8709] can't acquire ExclusiveLock{owner=ForsetiClient[transactionId=163648, clientId=8723]} on NODE_RELATIONSHIP_GROUP_DELETE(4095) because holders of that lock are waiting for ForsetiClient[transactionId=163650, clientId=8709].
 Wait list:ExclusiveLock[
Client[163648] waits for [ForsetiClient[transactionId=163650, clientId=8709]]]} {gql_status: 50N05} {gql_status_description: error: general processing exception - deadlock detected. Deadlock detected while trying to acquire locks. See log for more details.})
Transaction failed and will be retried in 2.281058848167665s ({neo4j_code: Neo.TransientError.Transaction.DeadlockDetected} {message: ForsetiClient[transactionId=163652, clientId=8731] can't acquire ExclusiveLock{owner=ForsetiClient[transactionId=163651, clientId=8719]} on NODE_RELATIONSHIP_GROUP_DELETE(11656) because holders of that lock are waiting for ForsetiClient[transactionId=163652, clientId=8731].
 Wait list:ExclusiveLock[
Client[163651] waits for [ForsetiClient[transactionId=163652, clientId=8731]]]} {gql_status: 50N05} {gql_status_description: error: general processing exception - deadlock detected. Deadlock detected while trying to acquire locks. See log for more details.})
Transaction failed and will be retried in 17.22019773904364s ({neo4j_code: Neo.TransientError.Transaction.DeadlockDetected} {message: ForsetiClient[transactionId=163651, clientId=8719] can't acquire UpdateLock{owners=ForsetiClient[transactionId=163653, clientId=8727], ForsetiClient[transactionId=163651, clientId=8719], refCount=2} on NODE_RELATIONSHIP_GROUP_DELETE(10971) because holders of that lock are waiting for ForsetiClient[transactionId=163651, clientId=8719].
 Wait list:SharedLock[
Client[163653] waits for [ForsetiClient[transactionId=-1, clientId=8731],ForsetiClient[transactionId=163651, clientId=8719]], 
Client[163651] waits for [ForsetiClient[transactionId=163653, clientId=8727],ForsetiClient[transactionId=-1, clientId=8731]]]} {gql_status: 50N05} {gql_status_description: error: general processing exception - deadlock detected. Deadlock detected while trying to acquire locks. See log for more details.})
Transaction failed and will be retried in 9.374986752456678s ({neo4j_code: Neo.TransientError.Transaction.DeadlockDetected} {message: ForsetiClient[transactionId=163654, clientId=8708] can't acquire UpdateLock{owners=ForsetiClient[transactionId=163654, clientId=8708], ForsetiClient[transactionId=163653, clientId=8727], refCount=2} on NODE_RELATIONSHIP_GROUP_DELETE(133) because holders of that lock are waiting for ForsetiClient[transactionId=163654, clientId=8708].
 Wait list:SharedLock[
Client[163654] waits for [ForsetiClient[transactionId=163653, clientId=8727]], 
Client[163653] waits for [ForsetiClient[transactionId=163654, clientId=8708]]]} {gql_status: 50N05} {gql_status_description: error: general processing exception - deadlock detected. Deadlock detected while trying to acquire locks. See log for more details.})
Transaction failed and will be retried in 1.8059296567168919s ({neo4j_code: Neo.TransientError.Transaction.DeadlockDetected} {message: ForsetiClient[transactionId=163657, clientId=8721] can't acquire ExclusiveLock{owner=ForsetiClient[transactionId=163658, clientId=8704]} on NODE_RELATIONSHIP_GROUP_DELETE(15965) because holders of that lock are waiting for ForsetiClient[transactionId=163657, clientId=8721].
 Wait list:ExclusiveLock[
Client[163658] waits for [ForsetiClient[transactionId=163657, clientId=8721]]]} {gql_status: 50N05} {gql_status_description: error: general processing exception - deadlock detected. Deadlock detected while trying to acquire locks. See log for more details.})
Transaction failed and will be retried in 13.16430827335238s ({neo4j_code: Neo.TransientError.Transaction.DeadlockDetected} {message: ForsetiClient[transactionId=163659, clientId=8722] can't acquire UpdateLock{owners=ForsetiClient[transactionId=163659, clientId=8722], ForsetiClient[transactionId=163661, clientId=8725], refCount=2} on NODE_RELATIONSHIP_GROUP_DELETE(5334) because holders of that lock are waiting for ForsetiClient[transactionId=163659, clientId=8722].
 Wait list:SharedLock[
Client[163659] waits for [ForsetiClient[transactionId=163658, clientId=8704],ForsetiClient[transactionId=-1, clientId=8721],ForsetiClient[transactionId=163661, clientId=8725]], 
Client[163661] waits for [ForsetiClient[transactionId=163658, clientId=8704],ForsetiClient[transactionId=-1, clientId=8721],ForsetiClient[transactionId=163659, clientId=8722]]]} {gql_status: 50N05} {gql_status_description: error: general processing exception - deadlock detected. Deadlock detected while trying to acquire locks. See log for more details.})
Transaction failed and will be retried in 1.8557243675706436s ({neo4j_code: Neo.TransientError.Transaction.DeadlockDetected} {message: ForsetiClient[transactionId=163658, clientId=8704] can't acquire UpdateLock{owners=ForsetiClient[transactionId=163658, clientId=8704], ForsetiClient[transactionId=163661, clientId=8725], refCount=2} on NODE_RELATIONSHIP_GROUP_DELETE(16129) because holders of that lock are waiting for ForsetiClient[transactionId=163658, clientId=8704].
 Wait list:SharedLock[
Client[163658] waits for [ForsetiClient[transactionId=163661, clientId=8725]], 
Client[163661] waits for [ForsetiClient[transactionId=163658, clientId=8704]]]} {gql_status: 50N05} {gql_status_description: error: general processing exception - deadlock detected. Deadlock detected while trying to acquire locks. See log for more details.})
Transaction failed and will be retried in 14.798929073636419s ({neo4j_code: Neo.TransientError.Transaction.DeadlockDetected} {message: ForsetiClient[transactionId=163655, clientId=8716] can't acquire UpdateLock{owners=ForsetiClient[transactionId=163661, clientId=8725], ForsetiClient[transactionId=163655, clientId=8716], refCount=2} on NODE_RELATIONSHIP_GROUP_DELETE(7153) because holders of that lock are waiting for ForsetiClient[transactionId=163655, clientId=8716].
 Wait list:SharedLock[
Client[163661] waits for [ForsetiClient[transactionId=163655, clientId=8716]], 
Client[163655] waits for [ForsetiClient[transactionId=163661, clientId=8725]]]} {gql_status: 50N05} {gql_status_description: error: general processing exception - deadlock detected. Deadlock detected while trying to acquire locks. See log for more details.})
Transaction failed and will be retried in 13.652285856657771s ({neo4j_code: Neo.TransientError.Transaction.DeadlockDetected} {message: ForsetiClient[transactionId=163660, clientId=8724] can't acquire UpdateLock{owners=ForsetiClient[transactionId=163660, clientId=8724], ForsetiClient[transactionId=163661, clientId=8725], refCount=2} on NODE_RELATIONSHIP_GROUP_DELETE(7927) because holders of that lock are waiting for ForsetiClient[transactionId=163660, clientId=8724].
 Wait list:SharedLock[
Client[163660] waits for [ForsetiClient[transactionId=163661, clientId=8725]], 
Client[163661] waits for [ForsetiClient[transactionId=163660, clientId=8724]]]} {gql_status: 50N05} {gql_status_description: error: general processing exception - deadlock detected. Deadlock detected while trying to acquire locks. See log for more details.})
Transaction failed and will be retried in 6.977178251895474s ({neo4j_code: Neo.TransientError.Transaction.DeadlockDetected} {message: ForsetiClient[transactionId=163662, clientId=8705] can't acquire UpdateLock{owners=ForsetiClient[transactionId=163662, clientId=8705], ForsetiClient[transactionId=163661, clientId=8725], refCount=2} on NODE_RELATIONSHIP_GROUP_DELETE(18809) because holders of that lock are waiting for ForsetiClient[transactionId=163662, clientId=8705].
 Wait list:SharedLock[
Client[163662] waits for [ForsetiClient[transactionId=163661, clientId=8725]], 
Client[163661] waits for [ForsetiClient[transactionId=163662, clientId=8705]]]} {gql_status: 50N05} {gql_status_description: error: general processing exception - deadlock detected. Deadlock detected while trying to acquire locks. See log for more details.})
Transaction failed and will be retried in 2.319628539993361s ({neo4j_code: Neo.TransientError.Transaction.DeadlockDetected} {message: ForsetiClient[transactionId=163670, clientId=8727] can't acquire UpdateLock{owners=ForsetiClient[transactionId=163670, clientId=8727], ForsetiClient[transactionId=163671, clientId=8701], refCount=2} on NODE_RELATIONSHIP_GROUP_DELETE(5161) because holders of that lock are waiting for ForsetiClient[transactionId=163670, clientId=8727].
 Wait list:SharedLock[
Client[163670] waits for [ForsetiClient[transactionId=163671, clientId=8701]], 
Client[163671] waits for [ForsetiClient[transactionId=163670, clientId=8727]]]} {gql_status: 50N05} {gql_status_description: error: general processing exception - deadlock detected. Deadlock detected while trying to acquire locks. See log for more details.})
Transaction failed and will be retried in 14.26039772864288s ({neo4j_code: Neo.TransientError.Transaction.DeadlockDetected} {message: ForsetiClient[transactionId=163665, clientId=8723] can't acquire UpdateLock{owners=ForsetiClient[transactionId=163665, clientId=8723], ForsetiClient[transactionId=163671, clientId=8701], refCount=2} on NODE_RELATIONSHIP_GROUP_DELETE(8353) because holders of that lock are waiting for ForsetiClient[transactionId=163665, clientId=8723].
 Wait list:SharedLock[
Client[163665] waits for [ForsetiClient[transactionId=163671, clientId=8701]], 
Client[163671] waits for [ForsetiClient[transactionId=163665, clientId=8723]]]} {gql_status: 50N05} {gql_status_description: error: general processing exception - deadlock detected. Deadlock detected while trying to acquire locks. See log for more details.})
Transaction failed and will be retried in 1.9532548588631917s ({neo4j_code: Neo.TransientError.Transaction.DeadlockDetected} {message: ForsetiClient[transactionId=163664, clientId=8709] can't acquire UpdateLock{owners=ForsetiClient[transactionId=163664, clientId=8709], ForsetiClient[transactionId=163671, clientId=8701], refCount=2} on NODE_RELATIONSHIP_GROUP_DELETE(2224) because holders of that lock are waiting for ForsetiClient[transactionId=163664, clientId=8709].
 Wait list:SharedLock[
Client[163664] waits for [ForsetiClient[transactionId=163671, clientId=8701]], 
Client[163671] waits for [ForsetiClient[transactionId=163664, clientId=8709]]]} {gql_status: 50N05} {gql_status_description: error: general processing exception - deadlock detected. Deadlock detected while trying to acquire locks. See log for more details.})
Transaction failed and will be retried in 13.979295522237706s ({neo4j_code: Neo.TransientError.Transaction.DeadlockDetected} {message: ForsetiClient[transactionId=163667, clientId=8731] can't acquire UpdateLock{owners=ForsetiClient[transactionId=163667, clientId=8731], ForsetiClient[transactionId=163671, clientId=8701], refCount=2} on NODE_RELATIONSHIP_GROUP_DELETE(17909) because holders of that lock are waiting for ForsetiClient[transactionId=163667, clientId=8731].
 Wait list:SharedLock[
Client[163667] waits for [ForsetiClient[transactionId=163671, clientId=8701]], 
Client[163671] waits for [ForsetiClient[transactionId=163667, clientId=8731]]]} {gql_status: 50N05} {gql_status_description: error: general processing exception - deadlock detected. Deadlock detected while trying to acquire locks. See log for more details.})
Transaction failed and will be retried in 2.3071527976600406s ({neo4j_code: Neo.TransientError.Transaction.DeadlockDetected} {message: ForsetiClient[transactionId=163668, clientId=8719] can't acquire UpdateLock{owners=ForsetiClient[transactionId=163671, clientId=8701], ForsetiClient[transactionId=163668, clientId=8719], refCount=2} on NODE_RELATIONSHIP_GROUP_DELETE(5806) because holders of that lock are waiting for ForsetiClient[transactionId=163668, clientId=8719].
 Wait list:SharedLock[
Client[163671] waits for [ForsetiClient[transactionId=163668, clientId=8719]], 
Client[163668] waits for [ForsetiClient[transactionId=163671, clientId=8701]]]} {gql_status: 50N05} {gql_status_description: error: general processing exception - deadlock detected. Deadlock detected while trying to acquire locks. See log for more details.})
Transaction failed and will be retried in 1.9135365930195096s ({neo4j_code: Neo.TransientError.Transaction.DeadlockDetected} {message: ForsetiClient[transactionId=163672, clientId=8721] can't acquire ExclusiveLock{owner=ForsetiClient[transactionId=163673, clientId=8722]} on NODE_RELATIONSHIP_GROUP_DELETE(7818) because holders of that lock are waiting for ForsetiClient[transactionId=163672, clientId=8721].
 Wait list:ExclusiveLock[
Client[163673] waits for [ForsetiClient[transactionId=163672, clientId=8721]]]} {gql_status: 50N05} {gql_status_description: error: general processing exception - deadlock detected. Deadlock detected while trying to acquire locks. See log for more details.})
Transaction failed and will be retried in 0.8607498481194851s ({neo4j_code: Neo.TransientError.Transaction.DeadlockDetected} {message: ForsetiClient[transactionId=163678, clientId=8725] can't acquire ExclusiveLock{owner=ForsetiClient[transactionId=163677, clientId=8705]} on NODE_RELATIONSHIP_GROUP_DELETE(11010) because holders of that lock are waiting for ForsetiClient[transactionId=163678, clientId=8725].
 Wait list:ExclusiveLock[
Client[163677] waits for [ForsetiClient[transactionId=163678, clientId=8725]]]} {gql_status: 50N05} {gql_status_description: error: general processing exception - deadlock detected. Deadlock detected while trying to acquire locks. See log for more details.})
Transaction failed and will be retried in 4.462488603978935s ({neo4j_code: Neo.TransientError.Transaction.DeadlockDetected} {message: ForsetiClient[transactionId=163685, clientId=8731] can't acquire UpdateLock{owners=ForsetiClient[transactionId=163685, clientId=8731], ForsetiClient[transactionId=163686, clientId=8719], refCount=2} on NODE_RELATIONSHIP_GROUP_DELETE(10415) because holders of that lock are waiting for ForsetiClient[transactionId=163685, clientId=8731].
 Wait list:SharedLock[
Client[163685] waits for [ForsetiClient[transactionId=163686, clientId=8719]], 
Client[163686] waits for [ForsetiClient[transactionId=163685, clientId=8731]]]} {gql_status: 50N05} {gql_status_description: error: general processing exception - deadlock detected. Deadlock detected while trying to acquire locks. See log for more details.})
Transaction failed and will be retried in 18.880810530863222s ({neo4j_code: Neo.TransientError.Transaction.DeadlockDetected} {message: ForsetiClient[transactionId=163690, clientId=8716] can't acquire UpdateLock{owners=ForsetiClient[transactionId=163692, clientId=8724], ForsetiClient[transactionId=163690, clientId=8716], refCount=2} on NODE_RELATIONSHIP_GROUP_DELETE(2216) because holders of that lock are waiting for ForsetiClient[transactionId=163690, clientId=8716].
 Wait list:SharedLock[
Client[163692] waits for [ForsetiClient[transactionId=163690, clientId=8716],ForsetiClient[transactionId=-1, clientId=8701]], 
Client[163690] waits for [ForsetiClient[transactionId=163692, clientId=8724],ForsetiClient[transactionId=-1, clientId=8701]]]} {gql_status: 50N05} {gql_status_description: error: general processing exception - deadlock detected. Deadlock detected while trying to acquire locks. See log for more details.})
Transaction failed and will be retried in 8.389983647653011s ({neo4j_code: Neo.TransientError.Transaction.DeadlockDetected} {message: ForsetiClient[transactionId=163691, clientId=8704] can't acquire UpdateLock{owners=ForsetiClient[transactionId=163691, clientId=8704], ForsetiClient[transactionId=163692, clientId=8724], refCount=2} on NODE_RELATIONSHIP_GROUP_DELETE(8785) because holders of that lock are waiting for ForsetiClient[transactionId=163691, clientId=8704].
 Wait list:SharedLock[
Client[163691] waits for [ForsetiClient[transactionId=163692, clientId=8724]], 
Client[163692] waits for [ForsetiClient[transactionId=163691, clientId=8704]]]} {gql_status: 50N05} {gql_status_description: error: general processing exception - deadlock detected. Deadlock detected while trying to acquire locks. See log for more details.})
Transaction failed and will be retried in 4.3208681724077875s ({neo4j_code: Neo.TransientError.Transaction.DeadlockDetected} {message: ForsetiClient[transactionId=163693, clientId=8725] can't acquire UpdateLock{owners=ForsetiClient[transactionId=163692, clientId=8724], ForsetiClient[transactionId=163693, clientId=8725], refCount=2} on NODE_RELATIONSHIP_GROUP_DELETE(1157) because holders of that lock are waiting for ForsetiClient[transactionId=163693, clientId=8725].
 Wait list:SharedLock[
Client[163692] waits for [ForsetiClient[transactionId=163693, clientId=8725]], 
Client[163693] waits for [ForsetiClient[transactionId=163692, clientId=8724]]]} {gql_status: 50N05} {gql_status_description: error: general processing exception - deadlock detected. Deadlock detected while trying to acquire locks. See log for more details.})
Transaction failed and will be retried in 4.592953632235106s ({neo4j_code: Neo.TransientError.Transaction.DeadlockDetected} {message: ForsetiClient[transactionId=163696, clientId=8717] can't acquire ExclusiveLock{owner=ForsetiClient[transactionId=163697, clientId=8708]} on NODE_RELATIONSHIP_GROUP_DELETE(8536) because holders of that lock are waiting for ForsetiClient[transactionId=163696, clientId=8717].
 Wait list:ExclusiveLock[
Client[163697] waits for [ForsetiClient[transactionId=163696, clientId=8717]]]} {gql_status: 50N05} {gql_status_description: error: general processing exception - deadlock detected. Deadlock detected while trying to acquire locks. See log for more details.})
Transaction failed and will be retried in 7.636690977114295s ({neo4j_code: Neo.TransientError.Transaction.DeadlockDetected} {message: ForsetiClient[transactionId=163703, clientId=8721] can't acquire ExclusiveLock{owner=ForsetiClient[transactionId=163704, clientId=8722]} on NODE_RELATIONSHIP_GROUP_DELETE(10136) because holders of that lock are waiting for ForsetiClient[transactionId=163703, clientId=8721].
 Wait list:ExclusiveLock[
Client[163704] waits for [ForsetiClient[transactionId=163703, clientId=8721]]]} {gql_status: 50N05} {gql_status_description: error: general processing exception - deadlock detected. Deadlock detected while trying to acquire locks. See log for more details.})
Transaction failed and will be retried in 7.1672982588462615s ({neo4j_code: Neo.TransientError.Transaction.DeadlockDetected} {message: ForsetiClient[transactionId=163707, clientId=8704] can't acquire UpdateLock{owners=ForsetiClient[transactionId=163707, clientId=8704], ForsetiClient[transactionId=163708, clientId=8725], refCount=2} on NODE_RELATIONSHIP_GROUP_DELETE(19188) because holders of that lock are waiting for ForsetiClient[transactionId=163707, clientId=8704].
 Wait list:SharedLock[
Client[163707] waits for [ForsetiClient[transactionId=163708, clientId=8725]], 
Client[163708] waits for [ForsetiClient[transactionId=163707, clientId=8704]]]} {gql_status: 50N05} {gql_status_description: error: general processing exception - deadlock detected. Deadlock detected while trying to acquire locks. See log for more details.})
Transaction failed and will be retried in 16.88346463208817s ({neo4j_code: Neo.TransientError.Transaction.DeadlockDetected} {message: ForsetiClient[transactionId=163721, clientId=8701] can't acquire UpdateLock{owners=ForsetiClient[transactionId=163722, clientId=8716], ForsetiClient[transactionId=163721, clientId=8701], refCount=2} on NODE_RELATIONSHIP_GROUP_DELETE(10465) because holders of that lock are waiting for ForsetiClient[transactionId=163721, clientId=8701].
 Wait list:SharedLock[
Client[163722] waits for [ForsetiClient[transactionId=163721, clientId=8701]], 
Client[163721] waits for [ForsetiClient[transactionId=163722, clientId=8716]]]} {gql_status: 50N05} {gql_status_description: error: general processing exception - deadlock detected. Deadlock detected while trying to acquire locks. See log for more details.})
Transaction failed and will be retried in 8.400103826929065s ({neo4j_code: Neo.TransientError.Transaction.DeadlockDetected} {message: ForsetiClient[transactionId=163720, clientId=8722] can't acquire UpdateLock{owners=ForsetiClient[transactionId=163720, clientId=8722], ForsetiClient[transactionId=163722, clientId=8716], refCount=2} on NODE_RELATIONSHIP_GROUP_DELETE(8457) because holders of that lock are waiting for ForsetiClient[transactionId=163720, clientId=8722].
 Wait list:SharedLock[
Client[163720] waits for [ForsetiClient[transactionId=163722, clientId=8716]], 
Client[163722] waits for [ForsetiClient[transactionId=163720, clientId=8722]]]} {gql_status: 50N05} {gql_status_description: error: general processing exception - deadlock detected. Deadlock detected while trying to acquire locks. See log for more details.})
Transaction failed and will be retried in 17.422394576488884s ({neo4j_code: Neo.TransientError.Transaction.DeadlockDetected} {message: ForsetiClient[transactionId=163735, clientId=8721] can't acquire ExclusiveLock{owner=ForsetiClient[transactionId=163736, clientId=8701]} on NODE_RELATIONSHIP_GROUP_DELETE(2511) because holders of that lock are waiting for ForsetiClient[transactionId=163735, clientId=8721].
 Wait list:ExclusiveLock[
Client[163736] waits for [ForsetiClient[transactionId=163735, clientId=8721]]]} {gql_status: 50N05} {gql_status_description: error: general processing exception - deadlock detected. Deadlock detected while trying to acquire locks. See log for more details.})
Transaction failed and will be retried in 1.0022357254029326s ({neo4j_code: Neo.TransientError.Transaction.DeadlockDetected} {message: ForsetiClient[transactionId=163751, clientId=8721] can't acquire ExclusiveLock{owner=ForsetiClient[transactionId=163749, clientId=8731]} on NODE_RELATIONSHIP_GROUP_DELETE(8971) because holders of that lock are waiting for ForsetiClient[transactionId=163751, clientId=8721].
 Wait list:ExclusiveLock[
Client[163749] waits for [ForsetiClient[transactionId=163751, clientId=8721]]]} {gql_status: 50N05} {gql_status_description: error: general processing exception - deadlock detected. Deadlock detected while trying to acquire locks. See log for more details.})
Transaction failed and will be retried in 0.8567857353834759s ({neo4j_code: Neo.TransientError.Transaction.DeadlockDetected} {message: ForsetiClient[transactionId=163752, clientId=8701] can't acquire ExclusiveLock{owner=ForsetiClient[transactionId=163749, clientId=8731]} on NODE_RELATIONSHIP_GROUP_DELETE(4401) because holders of that lock are waiting for ForsetiClient[transactionId=163752, clientId=8701].
 Wait list:ExclusiveLock[
Client[163749] waits for [ForsetiClient[transactionId=163752, clientId=8701]]]} {gql_status: 50N05} {gql_status_description: error: general processing exception - deadlock detected. Deadlock detected while trying to acquire locks. See log for more details.})
  primary      workers= 32 docs/s=   11,267 batch p50=  290.1 ms p95=17580.1 ms 
errors=2 | busiest: 
    first error: {neo4j_code: Neo.TransientError.Transaction.DeadlockDetected} 
{message: ForsetiClient[transactionId=163750, clientId=871
[neo4j] phase: backup
  fingerprint before backup: counts={'customers': 20000, 'categories': 200, 
'products': 5000, 'inventory': 20000} customers 1-50 present=50 probe=100
[#ACCC]  _: <CONNECTION> error: Failed to read from defunct connection IPv4Address(('127.0.0.1', 31001)) (ResolvedIPv4Address(('127.0.0.1', 31001))): OSError('No data')
  backup [stop server; neo4j-admin database dump; start (Community: offline)] 
53.24s  artifact 394,352,764 B (16.6% of data)  online=False downtime 52271.9 ms
point-read p50 during 1.82 ms vs baseline 2.35 ms, 204 read errors
  mutated: probe=600 customers 1-50 present=0
[#C046]  _: <CONNECTION> error: Failed to read from defunct connection IPv4Address(('127.0.0.1', 31001)) (ResolvedIPv4Address(('127.0.0.1', 31001))): OSError('No data')
  restore [stop server; neo4j-admin database load --overwrite-destination; 
start] 63.56s  downtime 71573.4 ms  verified=True 
[neo4j] phase: logging
  neo4j              driver=kubelet (container-log-max-size/-files via k3d.yaml)
rotation={'max-size': '50Mi', 'max-file': '3'} logged so far 1,406 B / 16 lines 
format=text
  server log: text (log4j2 PatternLayout; JsonTemplateLayout available) at 
/logs/{neo4j,debug,query,security,http}.log + stdout
  slow-query log: db.logs.query.threshold=100ms is configured but Community 
writes nothing to query.log; using the query collector: CALL 
db.stats.clear/collect('QUERIES') (in-memory, every query with elapsed µs; 
filter >= 100 ms)
  slow op 'MATCH (e:Event) WHERE e.value_num > 0.5 RETURN count(e) (1M-' took 
644.7 ms -> logged=True (571.1 ms in log); fast op 58.6 ms -> logged=False; 
entries read back: 2
  audit log: unsupported security.log (authentication/authorization events) and 
query.log are Enterprise; Community has no audit log
  runtime log level: ok edited conf/server-logs.xml Root level INFO->DEBUG; 
log4j2 monitorInterval=30 picked it up after 4.7s (DEBUG lines appeared in 
debug.log); reverted
  log volume during this phase: neo4j 0 B/0 lines
[neo4j] phase: replication
  primary    role=primary {'members': [{'address': 'localhost:7687', 'role': 
'primary', 'currentStatus': 'online'}]}
  single node stack: no replication tests
saved 
/home/berkay-server/repos/boilers/raw-codes/databases/ns-databases/results/k3s/n
eo4j/20260914-175729-682b64.json
